head_top_x,head_top_y,upper_neck_x,upper_neck_y,right_shoulder_x,right_shoulder_y,right_elbow_x,right_elbow_y,right_wrist_x,right_wrist_y,thorax_x,thorax_y,left_shoulder_x,left_shoulder_y,left_elbow_x,left_elbow_y,left_wrist_x,left_wrist_y,pelvis_x,pelvis_y,right_hip_x,right_hip_y,right_knee_x,right_knee_y,right_ankle_x,right_ankle_y,left_hip_x,left_hip_y,left_knee_x,left_knee_y,left_ankle_x,left_ankle_y
0.3075,0.28777777777777774,0.3858333333333333,0.22111111111111112,0.3408333333333333,0.28555555555555556,0.4891666666666667,0.14555555555555555,0.5008333333333334,0.33,0.3875,0.20777777777777776,0.4525,0.14777777777777779,0.5008333333333334,0.24111111111111114,0.5058333333333334,0.33,0.4241666666666667,0.3833333333333333,0.4075,0.39666666666666667,0.4575,0.5211111111111112,0.4608333333333333,0.7055555555555556,0.4691666666666667,0.3522222222222222,0.5091666666666667,0.4877777777777778,0.5075,0.65
