head_top_x,head_top_y,upper_neck_x,upper_neck_y,right_shoulder_x,right_shoulder_y,right_elbow_x,right_elbow_y,right_wrist_x,right_wrist_y,thorax_x,thorax_y,left_shoulder_x,left_shoulder_y,left_elbow_x,left_elbow_y,left_wrist_x,left_wrist_y,pelvis_x,pelvis_y,right_hip_x,right_hip_y,right_knee_x,right_knee_y,right_ankle_x,right_ankle_y,left_hip_x,left_hip_y,left_knee_x,left_knee_y,left_ankle_x,left_ankle_y
0.37583333333333335,0.43222222222222223,0.4125,0.3011111111111111,0.4058333333333333,0.34555555555555556,0.6708333333333333,0.4877777777777778,0.35083333333333333,0.44555555555555554,0.4125,0.32555555555555554,0.4058333333333333,0.33888888888888885,0.38916666666666666,0.4055555555555555,0.3408333333333333,0.4633333333333333,0.5208333333333334,0.25,0.5325,0.23888888888888885,0.5991666666666666,0.3877777777777778,0.6625,0.5077777777777778,0.5108333333333334,0.25,0.5875,0.4122222222222222,0.6525,0.5277777777777778
