head_top_x,head_top_y,upper_neck_x,upper_neck_y,right_shoulder_x,right_shoulder_y,right_elbow_x,right_elbow_y,right_wrist_x,right_wrist_y,thorax_x,thorax_y,left_shoulder_x,left_shoulder_y,left_elbow_x,left_elbow_y,left_wrist_x,left_wrist_y,pelvis_x,pelvis_y,right_hip_x,right_hip_y,right_knee_x,right_knee_y,right_ankle_x,right_ankle_y,left_hip_x,left_hip_y,left_knee_x,left_knee_y,left_ankle_x,left_ankle_y
0.4925,0.2988888888888889,0.5308333333333334,0.4588888888888889,0.5008333333333334,0.44333333333333336,0.43916666666666665,0.4366666666666667,0.4175,0.5522222222222223,0.5208333333333334,0.44555555555555554,0.5108333333333334,0.4588888888888889,0.4558333333333333,0.45222222222222225,0.4558333333333333,0.57,0.4841666666666667,0.5722222222222223,0.4375,0.5255555555555556,0.4691666666666667,0.3855555555555556,0.44583333333333336,0.5833333333333334,0.5608333333333333,0.4633333333333333,0.5791666666666667,0.46555555555555556,0.4191666666666667,0.5744444444444444
