head_top_x,head_top_y,upper_neck_x,upper_neck_y,right_shoulder_x,right_shoulder_y,right_elbow_x,right_elbow_y,right_wrist_x,right_wrist_y,thorax_x,thorax_y,left_shoulder_x,left_shoulder_y,left_elbow_x,left_elbow_y,left_wrist_x,left_wrist_y,pelvis_x,pelvis_y,right_hip_x,right_hip_y,right_knee_x,right_knee_y,right_ankle_x,right_ankle_y,left_hip_x,left_hip_y,left_knee_x,left_knee_y,left_ankle_x,left_ankle_y
0.4775,0.09888888888888887,0.5008333333333334,0.2722222222222222,0.4675,0.27,0.47583333333333333,0.39666666666666667,0.49083333333333334,0.5122222222222222,0.49416666666666664,0.27,0.5191666666666667,0.26555555555555554,0.5075,0.41,0.5041666666666667,0.2544444444444445,0.5475,0.5166666666666666,0.5058333333333334,0.47444444444444445,0.4891666666666667,0.3744444444444444,0.4975,0.27444444444444444,0.5375,0.5233333333333333,0.5025,0.3788888888888889,0.5008333333333334,0.2611111111111111
