head_top_x,head_top_y,upper_neck_x,upper_neck_y,right_shoulder_x,right_shoulder_y,right_elbow_x,right_elbow_y,right_wrist_x,right_wrist_y,thorax_x,thorax_y,left_shoulder_x,left_shoulder_y,left_elbow_x,left_elbow_y,left_wrist_x,left_wrist_y,pelvis_x,pelvis_y,right_hip_x,right_hip_y,right_knee_x,right_knee_y,right_ankle_x,right_ankle_y,left_hip_x,left_hip_y,left_knee_x,left_knee_y,left_ankle_x,left_ankle_y
0.49916666666666665,0.2588888888888889,0.5441666666666667,0.41,0.5441666666666667,0.3988888888888889,0.6208333333333333,0.3566666666666667,0.5625,0.31888888888888894,0.5391666666666667,0.4077777777777778,0.5358333333333334,0.42333333333333334,0.44416666666666665,0.4366666666666667,0.4091666666666667,0.5522222222222223,0.5108333333333334,0.49666666666666665,0.5075,0.5033333333333333,0.45916666666666667,0.4477777777777778,0.4191666666666667,0.5477777777777778,0.5141666666666667,0.4877777777777778,0.44416666666666665,0.4388888888888889,0.43083333333333335,0.5588888888888889
