head_top_x,head_top_y,upper_neck_x,upper_neck_y,right_shoulder_x,right_shoulder_y,right_elbow_x,right_elbow_y,right_wrist_x,right_wrist_y,thorax_x,thorax_y,left_shoulder_x,left_shoulder_y,left_elbow_x,left_elbow_y,left_wrist_x,left_wrist_y,pelvis_x,pelvis_y,right_hip_x,right_hip_y,right_knee_x,right_knee_y,right_ankle_x,right_ankle_y,left_hip_x,left_hip_y,left_knee_x,left_knee_y,left_ankle_x,left_ankle_y
0.5725,0.08777777777777777,0.5025,0.23666666666666666,0.49583333333333335,0.26555555555555554,0.4825,0.37222222222222223,0.4608333333333333,0.44555555555555554,0.4975,0.2544444444444445,0.5025,0.2544444444444445,0.5208333333333334,0.35888888888888887,0.5458333333333333,0.22999999999999998,0.4825,0.30777777777777776,0.4608333333333333,0.27444444444444444,0.4008333333333333,0.15666666666666665,0.4058333333333333,0.15666666666666665,0.4558333333333333,0.42333333333333334,0.41083333333333333,0.14777777777777779,0.41083333333333333,0.1411111111111111
