head_top_x,head_top_y,upper_neck_x,upper_neck_y,right_shoulder_x,right_shoulder_y,right_elbow_x,right_elbow_y,right_wrist_x,right_wrist_y,thorax_x,thorax_y,left_shoulder_x,left_shoulder_y,left_elbow_x,left_elbow_y,left_wrist_x,left_wrist_y,pelvis_x,pelvis_y,right_hip_x,right_hip_y,right_knee_x,right_knee_y,right_ankle_x,right_ankle_y,left_hip_x,left_hip_y,left_knee_x,left_knee_y,left_ankle_x,left_ankle_y
0.5891666666666666,0.5522222222222223,0.5808333333333333,0.3833333333333333,0.5541666666666667,0.37222222222222223,0.5858333333333333,0.4855555555555556,0.6575,0.581111111111111,0.5791666666666667,0.38999999999999996,0.6008333333333333,0.39222222222222225,0.6358333333333334,0.44333333333333336,0.6941666666666667,0.5077777777777778,0.4925,0.23666666666666666,0.4725,0.24111111111111114,0.39916666666666667,0.3433333333333333,0.3625,0.3788888888888889,0.5058333333333334,0.22111111111111112,0.4325,0.3233333333333333,0.37916666666666665,0.3611111111111111
