head_top_x,head_top_y,upper_neck_x,upper_neck_y,right_shoulder_x,right_shoulder_y,right_elbow_x,right_elbow_y,right_wrist_x,right_wrist_y,thorax_x,thorax_y,left_shoulder_x,left_shoulder_y,left_elbow_x,left_elbow_y,left_wrist_x,left_wrist_y,pelvis_x,pelvis_y,right_hip_x,right_hip_y,right_knee_x,right_knee_y,right_ankle_x,right_ankle_y,left_hip_x,left_hip_y,left_knee_x,left_knee_y,left_ankle_x,left_ankle_y
0.49916666666666665,0.28555555555555556,0.5141666666666667,0.2788888888888889,0.48083333333333333,0.28777777777777774,0.5041666666666667,0.3055555555555556,0.4058333333333333,0.4811111111111111,0.49583333333333335,-0.0008333333333333334,0.9725,0.17888888888888888,0.5391666666666667,0.30777777777777776,0.4775,0.20999999999999996,0.4008333333333333,0.4566666666666667,0.4508333333333333,0.44333333333333336,0.4891666666666667,0.34555555555555556,0.5008333333333334,0.28555555555555556,0.41583333333333333,0.4588888888888889,0.5341666666666667,0.37666666666666665,0.5025,0.29444444444444445
