head_top_x,head_top_y,upper_neck_x,upper_neck_y,right_shoulder_x,right_shoulder_y,right_elbow_x,right_elbow_y,right_wrist_x,right_wrist_y,thorax_x,thorax_y,left_shoulder_x,left_shoulder_y,left_elbow_x,left_elbow_y,left_wrist_x,left_wrist_y,pelvis_x,pelvis_y,right_hip_x,right_hip_y,right_knee_x,right_knee_y,right_ankle_x,right_ankle_y,left_hip_x,left_hip_y,left_knee_x,left_knee_y,left_ankle_x,left_ankle_y
0.44416666666666665,0.24555555555555553,0.5058333333333334,0.34777777777777774,0.5008333333333334,0.3744444444444444,0.44916666666666666,0.41888888888888887,0.4508333333333333,0.5055555555555555,0.5025,0.31888888888888894,0.5141666666666667,0.2811111111111111,0.48583333333333334,0.26333333333333336,0.4275,0.2833333333333334,0.5158333333333334,0.5411111111111112,0.5241666666666667,0.5388888888888889,0.5125,0.4344444444444444,0.5341666666666667,0.42111111111111116,0.5008333333333334,0.5388888888888889,0.4925,0.4166666666666667,0.5141666666666667,0.4033333333333333
