head_top_x,head_top_y,upper_neck_x,upper_neck_y,right_shoulder_x,right_shoulder_y,right_elbow_x,right_elbow_y,right_wrist_x,right_wrist_y,thorax_x,thorax_y,left_shoulder_x,left_shoulder_y,left_elbow_x,left_elbow_y,left_wrist_x,left_wrist_y,pelvis_x,pelvis_y,right_hip_x,right_hip_y,right_knee_x,right_knee_y,right_ankle_x,right_ankle_y,left_hip_x,left_hip_y,left_knee_x,left_knee_y,left_ankle_x,left_ankle_y
0.49583333333333335,-0.0008333333333333334,0.5041666666666667,0.18111111111111108,0.43916666666666665,0.17444444444444449,0.4325,0.23888888888888885,0.4475,0.33888888888888885,0.49916666666666665,0.1611111111111111,0.5575,0.14333333333333334,0.6141666666666666,0.20555555555555557,0.6725,0.29666666666666663,0.49916666666666665,0.3277777777777778,0.4675,0.3322222222222222,0.4675,0.44333333333333336,0.4691666666666667,0.4077777777777778,0.5358333333333334,0.3233333333333333,0.5708333333333333,0.4566666666666667,0.5741666666666667,0.6122222222222221
