head_top_x,head_top_y,upper_neck_x,upper_neck_y,right_shoulder_x,right_shoulder_y,right_elbow_x,right_elbow_y,right_wrist_x,right_wrist_y,thorax_x,thorax_y,left_shoulder_x,left_shoulder_y,left_elbow_x,left_elbow_y,left_wrist_x,left_wrist_y,pelvis_x,pelvis_y,right_hip_x,right_hip_y,right_knee_x,right_knee_y,right_ankle_x,right_ankle_y,left_hip_x,left_hip_y,left_knee_x,left_knee_y,left_ankle_x,left_ankle_y
0.45916666666666667,0.4366666666666667,0.5025,0.34777777777777774,0.49916666666666665,0.37666666666666665,0.49916666666666665,0.39444444444444443,0.42583333333333334,0.5055555555555555,0.4741666666666667,0.44333333333333336,0.4575,0.44333333333333336,0.5358333333333334,0.47444444444444445,0.5725,0.4611111111111111,0.2991666666666667,0.21666666666666665,0.4325,0.4877777777777778,0.4525,0.4166666666666667,0.49916666666666665,0.3744444444444444,0.5125,0.45,0.5225,0.4611111111111111,0.5025,0.37000000000000005
