head_top_x,head_top_y,upper_neck_x,upper_neck_y,right_shoulder_x,right_shoulder_y,right_elbow_x,right_elbow_y,right_wrist_x,right_wrist_y,thorax_x,thorax_y,left_shoulder_x,left_shoulder_y,left_elbow_x,left_elbow_y,left_wrist_x,left_wrist_y,pelvis_x,pelvis_y,right_hip_x,right_hip_y,right_knee_x,right_knee_y,right_ankle_x,right_ankle_y,left_hip_x,left_hip_y,left_knee_x,left_knee_y,left_ankle_x,left_ankle_y
0.41583333333333333,0.5677777777777777,0.5175,0.4277777777777778,0.44416666666666665,0.5477777777777778,0.4225,0.6055555555555556,0.4325,0.59,0.48583333333333334,0.48333333333333334,0.5341666666666667,0.4122222222222222,0.6325,0.34555555555555556,0.4741666666666667,0.5855555555555556,0.5458333333333333,0.4277777777777778,0.49916666666666665,0.4788888888888889,0.4841666666666667,0.29000000000000004,0.5041666666666667,0.31444444444444447,0.5275,0.31222222222222223,0.5108333333333334,0.4255555555555555,0.5375,0.29666666666666663
