head_top_x,head_top_y,upper_neck_x,upper_neck_y,right_shoulder_x,right_shoulder_y,right_elbow_x,right_elbow_y,right_wrist_x,right_wrist_y,thorax_x,thorax_y,left_shoulder_x,left_shoulder_y,left_elbow_x,left_elbow_y,left_wrist_x,left_wrist_y,pelvis_x,pelvis_y,right_hip_x,right_hip_y,right_knee_x,right_knee_y,right_ankle_x,right_ankle_y,left_hip_x,left_hip_y,left_knee_x,left_knee_y,left_ankle_x,left_ankle_y
0.3858333333333333,0.6477777777777778,0.4575,0.4877777777777778,0.4925,0.4766666666666666,0.5775,0.5677777777777777,0.5408333333333334,0.63,0.4675,0.4877777777777778,0.43583333333333335,0.5166666666666666,0.33416666666666667,0.46555555555555556,0.38916666666666666,0.5833333333333334,0.5875,0.2811111111111111,0.5925,0.2788888888888889,0.7158333333333333,0.21666666666666665,0.7325,0.16333333333333333,0.5808333333333333,0.2722222222222222,0.7458333333333333,0.24333333333333332,0.7408333333333333,0.16333333333333333
