head_top_x,head_top_y,upper_neck_x,upper_neck_y,right_shoulder_x,right_shoulder_y,right_elbow_x,right_elbow_y,right_wrist_x,right_wrist_y,thorax_x,thorax_y,left_shoulder_x,left_shoulder_y,left_elbow_x,left_elbow_y,left_wrist_x,left_wrist_y,pelvis_x,pelvis_y,right_hip_x,right_hip_y,right_knee_x,right_knee_y,right_ankle_x,right_ankle_y,left_hip_x,left_hip_y,left_knee_x,left_knee_y,left_ankle_x,left_ankle_y
0.5025,0.05888888888888888,0.5025,0.24555555555555553,0.4708333333333333,0.2233333333333333,0.3958333333333333,0.2544444444444445,0.32083333333333336,0.27444444444444444,0.5008333333333334,0.2255555555555556,0.5325,0.2188888888888889,0.38916666666666666,0.26555555555555554,0.3325,0.2722222222222222,0.5041666666666667,0.36333333333333334,0.49083333333333334,0.36333333333333334,0.5191666666666667,0.35888888888888887,0.38916666666666666,0.4988888888888889,0.5125,0.3611111111111111,0.4008333333333333,0.43,0.3875,0.49
