head_top_x,head_top_y,upper_neck_x,upper_neck_y,right_shoulder_x,right_shoulder_y,right_elbow_x,right_elbow_y,right_wrist_x,right_wrist_y,thorax_x,thorax_y,left_shoulder_x,left_shoulder_y,left_elbow_x,left_elbow_y,left_wrist_x,left_wrist_y,pelvis_x,pelvis_y,right_hip_x,right_hip_y,right_knee_x,right_knee_y,right_ankle_x,right_ankle_y,left_hip_x,left_hip_y,left_knee_x,left_knee_y,left_ankle_x,left_ankle_y
0.5091666666666667,0.3344444444444445,0.48083333333333333,0.47222222222222227,0.44916666666666666,0.47,0.44916666666666666,0.44333333333333336,0.39416666666666667,0.47,0.5025,0.45222222222222225,0.5191666666666667,0.4677777777777778,0.5008333333333334,0.4566666666666667,0.5241666666666667,0.35888888888888887,0.5325,0.4344444444444444,0.4875,0.4633333333333333,0.45916666666666667,0.45222222222222225,0.5058333333333334,0.3788888888888889,0.4825,0.5033333333333333,0.49583333333333335,0.4633333333333333,0.5141666666666667,0.36777777777777776
