head_top_x,head_top_y,upper_neck_x,upper_neck_y,right_shoulder_x,right_shoulder_y,right_elbow_x,right_elbow_y,right_wrist_x,right_wrist_y,thorax_x,thorax_y,left_shoulder_x,left_shoulder_y,left_elbow_x,left_elbow_y,left_wrist_x,left_wrist_y,pelvis_x,pelvis_y,right_hip_x,right_hip_y,right_knee_x,right_knee_y,right_ankle_x,right_ankle_y,left_hip_x,left_hip_y,left_knee_x,left_knee_y,left_ankle_x,left_ankle_y
0.6291666666666667,0.40111111111111114,0.5325,0.37222222222222223,0.49583333333333335,0.35888888888888887,0.4375,0.4033333333333333,0.37583333333333335,0.43222222222222223,0.5391666666666667,0.3855555555555556,0.6075,0.41,0.5458333333333333,0.3544444444444444,0.5825,0.3566666666666667,0.5608333333333333,0.5766666666666667,0.5208333333333334,0.5633333333333334,0.48083333333333333,0.42111111111111116,0.5241666666666667,0.4166666666666667,0.5558333333333333,0.5788888888888889,0.5125,0.41888888888888887,0.3541666666666667,0.44555555555555554
