head_top_x,head_top_y,upper_neck_x,upper_neck_y,right_shoulder_x,right_shoulder_y,right_elbow_x,right_elbow_y,right_wrist_x,right_wrist_y,thorax_x,thorax_y,left_shoulder_x,left_shoulder_y,left_elbow_x,left_elbow_y,left_wrist_x,left_wrist_y,pelvis_x,pelvis_y,right_hip_x,right_hip_y,right_knee_x,right_knee_y,right_ankle_x,right_ankle_y,left_hip_x,left_hip_y,left_knee_x,left_knee_y,left_ankle_x,left_ankle_y
0.4475,0.3011111111111111,0.5041666666666667,0.16555555555555557,0.4475,0.19000000000000003,0.42583333333333334,0.21666666666666665,0.42083333333333334,0.2788888888888889,0.49583333333333335,0.1988888888888889,0.5341666666666667,0.20333333333333337,0.5325,0.3788888888888889,0.5558333333333333,0.4988888888888889,0.5008333333333334,0.25,0.4725,0.25,0.44416666666666665,0.37000000000000005,0.44583333333333336,0.4811111111111111,0.5225,0.2522222222222222,0.6275,0.6566666666666667,0.5725,0.5522222222222223
