head_top_x,head_top_y,upper_neck_x,upper_neck_y,right_shoulder_x,right_shoulder_y,right_elbow_x,right_elbow_y,right_wrist_x,right_wrist_y,thorax_x,thorax_y,left_shoulder_x,left_shoulder_y,left_elbow_x,left_elbow_y,left_wrist_x,left_wrist_y,pelvis_x,pelvis_y,right_hip_x,right_hip_y,right_knee_x,right_knee_y,right_ankle_x,right_ankle_y,left_hip_x,left_hip_y,left_knee_x,left_knee_y,left_ankle_x,left_ankle_y
0.4975,0.018888888888888882,0.4975,0.1988888888888889,0.49083333333333334,0.18777777777777774,0.5058333333333334,0.41444444444444445,0.5208333333333334,0.1411111111111111,0.5008333333333334,0.20333333333333337,0.5075,0.20333333333333337,0.5191666666666667,0.41888888888888887,0.5341666666666667,0.5144444444444445,0.5025,0.29000000000000004,0.4875,0.29000000000000004,0.4975,0.3744444444444444,0.5008333333333334,0.4255555555555555,0.5158333333333334,0.28777777777777774,0.5025,0.3855555555555556,0.5141666666666667,0.45222222222222225
