head_top_x,head_top_y,upper_neck_x,upper_neck_y,right_shoulder_x,right_shoulder_y,right_elbow_x,right_elbow_y,right_wrist_x,right_wrist_y,thorax_x,thorax_y,left_shoulder_x,left_shoulder_y,left_elbow_x,left_elbow_y,left_wrist_x,left_wrist_y,pelvis_x,pelvis_y,right_hip_x,right_hip_y,right_knee_x,right_knee_y,right_ankle_x,right_ankle_y,left_hip_x,left_hip_y,left_knee_x,left_knee_y,left_ankle_x,left_ankle_y
0.4425,0.24555555555555553,0.4891666666666667,0.37222222222222223,0.4475,0.36333333333333334,0.49083333333333334,0.48333333333333334,0.5691666666666667,0.39222222222222225,0.4925,0.36777777777777776,0.5358333333333334,0.37000000000000005,0.5158333333333334,0.4877777777777778,0.5958333333333333,0.37222222222222223,0.5391666666666667,0.41,0.48083333333333333,0.3877777777777778,0.4725,0.3833333333333333,0.49083333333333334,0.37666666666666665,0.5475,0.3566666666666667,0.5241666666666667,0.45222222222222225,0.5391666666666667,0.3877777777777778
