head_top_x,head_top_y,upper_neck_x,upper_neck_y,right_shoulder_x,right_shoulder_y,right_elbow_x,right_elbow_y,right_wrist_x,right_wrist_y,thorax_x,thorax_y,left_shoulder_x,left_shoulder_y,left_elbow_x,left_elbow_y,left_wrist_x,left_wrist_y,pelvis_x,pelvis_y,right_hip_x,right_hip_y,right_knee_x,right_knee_y,right_ankle_x,right_ankle_y,left_hip_x,left_hip_y,left_knee_x,left_knee_y,left_ankle_x,left_ankle_y
0.5841666666666666,0.42333333333333334,0.5025,0.47,0.5058333333333334,0.4033333333333333,0.5025,0.35888888888888887,0.4125,0.5255555555555556,0.5041666666666667,0.43222222222222223,0.5141666666666667,0.37222222222222223,0.5041666666666667,0.3611111111111111,0.41083333333333333,0.5277777777777778,0.4658333333333333,0.5344444444444445,0.4558333333333333,0.5433333333333333,0.43916666666666665,0.5455555555555556,0.38416666666666666,0.5833333333333334,0.4891666666666667,0.5744444444444444,0.1125,0.19444444444444442,0.3975,0.57
