head_top_x,head_top_y,upper_neck_x,upper_neck_y,right_shoulder_x,right_shoulder_y,right_elbow_x,right_elbow_y,right_wrist_x,right_wrist_y,thorax_x,thorax_y,left_shoulder_x,left_shoulder_y,left_elbow_x,left_elbow_y,left_wrist_x,left_wrist_y,pelvis_x,pelvis_y,right_hip_x,right_hip_y,right_knee_x,right_knee_y,right_ankle_x,right_ankle_y,left_hip_x,left_hip_y,left_knee_x,left_knee_y,left_ankle_x,left_ankle_y
0.5441666666666667,-0.0008333333333333334,0.4891666666666667,0.15222222222222223,0.4525,0.13,0.6425,0.12555555555555556,0.22416666666666665,0.15888888888888889,0.49916666666666665,0.10999999999999999,0.5541666666666667,0.11444444444444446,0.6475,0.11888888888888889,0.7391666666666666,0.10111111111111111,0.4891666666666667,0.3544444444444444,0.4708333333333333,0.35000000000000003,0.3725,0.42111111111111116,0.2791666666666667,0.48333333333333334,0.5041666666666667,0.3566666666666667,0.6275,0.32555555555555554,0.6075,0.4588888888888889
