head_top_x,head_top_y,upper_neck_x,upper_neck_y,right_shoulder_x,right_shoulder_y,right_elbow_x,right_elbow_y,right_wrist_x,right_wrist_y,thorax_x,thorax_y,left_shoulder_x,left_shoulder_y,left_elbow_x,left_elbow_y,left_wrist_x,left_wrist_y,pelvis_x,pelvis_y,right_hip_x,right_hip_y,right_knee_x,right_knee_y,right_ankle_x,right_ankle_y,left_hip_x,left_hip_y,left_knee_x,left_knee_y,left_ankle_x,left_ankle_y
0.4891666666666667,0.5299999999999999,0.4791666666666667,0.40111111111111114,0.5075,0.4811111111111111,0.5891666666666666,0.3877777777777778,0.5825,0.5055555555555555,0.4725,0.44333333333333336,0.45916666666666667,0.4055555555555555,0.5858333333333333,0.39444444444444443,0.5858333333333333,0.4877777777777778,0.5258333333333334,0.47222222222222227,0.4625,0.4855555555555556,0.5808333333333333,0.4122222222222222,0.5975,0.5144444444444445,0.5158333333333334,0.4811111111111111,0.5475,0.45,0.5758333333333333,0.47444444444444445
