head_top_x,head_top_y,upper_neck_x,upper_neck_y,right_shoulder_x,right_shoulder_y,right_elbow_x,right_elbow_y,right_wrist_x,right_wrist_y,thorax_x,thorax_y,left_shoulder_x,left_shoulder_y,left_elbow_x,left_elbow_y,left_wrist_x,left_wrist_y,pelvis_x,pelvis_y,right_hip_x,right_hip_y,right_knee_x,right_knee_y,right_ankle_x,right_ankle_y,left_hip_x,left_hip_y,left_knee_x,left_knee_y,left_ankle_x,left_ankle_y
0.43416666666666665,0.3544444444444444,0.5041666666666667,0.2611111111111111,0.4725,0.2588888888888889,0.4475,0.4055555555555555,0.43916666666666665,0.2922222222222222,0.4925,0.26333333333333336,0.5141666666666667,0.27444444444444444,0.49916666666666665,0.4166666666666667,0.5058333333333334,0.5099999999999999,0.5058333333333334,0.3744444444444444,0.49416666666666664,0.3833333333333333,0.4575,0.36777777777777776,0.44916666666666666,0.4677777777777778,0.43583333333333335,0.3522222222222222,0.4841666666666667,0.40111111111111114,0.4725,0.45
