head_top_x,head_top_y,upper_neck_x,upper_neck_y,right_shoulder_x,right_shoulder_y,right_elbow_x,right_elbow_y,right_wrist_x,right_wrist_y,thorax_x,thorax_y,left_shoulder_x,left_shoulder_y,left_elbow_x,left_elbow_y,left_wrist_x,left_wrist_y,pelvis_x,pelvis_y,right_hip_x,right_hip_y,right_knee_x,right_knee_y,right_ankle_x,right_ankle_y,left_hip_x,left_hip_y,left_knee_x,left_knee_y,left_ankle_x,left_ankle_y
0.5175,0.2988888888888889,0.5208333333333334,0.4633333333333333,0.4875,0.43,0.4275,0.4055555555555555,0.42083333333333334,0.5077777777777778,0.5208333333333334,0.4388888888888889,0.5525,0.4033333333333333,0.5358333333333334,0.3744444444444444,0.4675,0.4122222222222222,0.5058333333333334,0.4811111111111111,0.4741666666666667,0.4766666666666666,0.44583333333333336,0.47,0.4558333333333333,0.4633333333333333,0.5225,0.4811111111111111,0.49916666666666665,0.5033333333333333,0.4658333333333333,0.4788888888888889
