head_top_x,head_top_y,upper_neck_x,upper_neck_y,right_shoulder_x,right_shoulder_y,right_elbow_x,right_elbow_y,right_wrist_x,right_wrist_y,thorax_x,thorax_y,left_shoulder_x,left_shoulder_y,left_elbow_x,left_elbow_y,left_wrist_x,left_wrist_y,pelvis_x,pelvis_y,right_hip_x,right_hip_y,right_knee_x,right_knee_y,right_ankle_x,right_ankle_y,left_hip_x,left_hip_y,left_knee_x,left_knee_y,left_ankle_x,left_ankle_y
0.4891666666666667,0.5077777777777778,0.5275,0.3433333333333333,0.4891666666666667,0.34777777777777774,0.4658333333333333,0.42333333333333334,0.43416666666666665,0.4055555555555555,0.5258333333333334,0.41,0.5575,0.40111111111111114,0.5441666666666667,0.33666666666666667,0.5241666666666667,0.2988888888888889,0.5075,0.4855555555555556,0.5008333333333334,0.4611111111111111,0.4741666666666667,0.42333333333333334,0.2525,0.2611111111111111,0.5141666666666667,0.49444444444444446,0.4791666666666667,0.44333333333333336,0.23083333333333333,0.24555555555555553
