head_top_x,head_top_y,upper_neck_x,upper_neck_y,right_shoulder_x,right_shoulder_y,right_elbow_x,right_elbow_y,right_wrist_x,right_wrist_y,thorax_x,thorax_y,left_shoulder_x,left_shoulder_y,left_elbow_x,left_elbow_y,left_wrist_x,left_wrist_y,pelvis_x,pelvis_y,right_hip_x,right_hip_y,right_knee_x,right_knee_y,right_ankle_x,right_ankle_y,left_hip_x,left_hip_y,left_knee_x,left_knee_y,left_ankle_x,left_ankle_y
0.5925,0.17666666666666667,0.5191666666666667,0.28777777777777774,0.5258333333333334,0.27666666666666667,0.49416666666666664,0.17666666666666667,0.5375,0.23444444444444446,0.5175,0.27666666666666667,0.5241666666666667,0.2788888888888889,0.5091666666666667,0.18111111111111108,0.5525,0.21444444444444444,0.4791666666666667,0.41,0.4741666666666667,0.4055555555555555,0.4425,0.4388888888888889,0.3975,0.5388888888888889,0.48583333333333334,0.42111111111111116,0.43416666666666665,0.47444444444444445,0.3975,0.5344444444444445
