head_top_x,head_top_y,upper_neck_x,upper_neck_y,right_shoulder_x,right_shoulder_y,right_elbow_x,right_elbow_y,right_wrist_x,right_wrist_y,thorax_x,thorax_y,left_shoulder_x,left_shoulder_y,left_elbow_x,left_elbow_y,left_wrist_x,left_wrist_y,pelvis_x,pelvis_y,right_hip_x,right_hip_y,right_knee_x,right_knee_y,right_ankle_x,right_ankle_y,left_hip_x,left_hip_y,left_knee_x,left_knee_y,left_ankle_x,left_ankle_y
0.5391666666666667,0.28555555555555556,0.5475,0.24111111111111114,0.4975,0.2988888888888889,0.5525,0.5077777777777778,0.3641666666666667,0.49444444444444446,0.9291666666666667,0.4344444444444444,0.5541666666666667,0.2722222222222222,0.5525,0.2811111111111111,0.37083333333333335,0.48333333333333334,0.5675,0.24333333333333332,0.5375,0.2922222222222222,0.43416666666666665,0.4255555555555555,0.5591666666666667,0.29000000000000004,0.5275,0.21666666666666665,0.5291666666666667,0.3233333333333333,0.5325,0.2544444444444445
