head_top_x,head_top_y,upper_neck_x,upper_neck_y,right_shoulder_x,right_shoulder_y,right_elbow_x,right_elbow_y,right_wrist_x,right_wrist_y,thorax_x,thorax_y,left_shoulder_x,left_shoulder_y,left_elbow_x,left_elbow_y,left_wrist_x,left_wrist_y,pelvis_x,pelvis_y,right_hip_x,right_hip_y,right_knee_x,right_knee_y,right_ankle_x,right_ankle_y,left_hip_x,left_hip_y,left_knee_x,left_knee_y,left_ankle_x,left_ankle_y
0.6758333333333333,0.39222222222222225,0.5691666666666667,0.4588888888888889,0.5958333333333333,0.45444444444444443,0.4875,0.43,0.4091666666666667,0.23888888888888885,0.5708333333333333,0.47444444444444445,0.5491666666666667,0.4255555555555555,0.4825,0.4588888888888889,0.4091666666666667,0.25,0.4975,0.4877777777777778,0.5025,0.4566666666666667,0.42083333333333334,0.6566666666666667,0.41583333333333333,0.2677777777777777,0.4825,0.5211111111111112,0.4275,0.6699999999999999,0.4125,0.2611111111111111
