head_top_x,head_top_y,upper_neck_x,upper_neck_y,right_shoulder_x,right_shoulder_y,right_elbow_x,right_elbow_y,right_wrist_x,right_wrist_y,thorax_x,thorax_y,left_shoulder_x,left_shoulder_y,left_elbow_x,left_elbow_y,left_wrist_x,left_wrist_y,pelvis_x,pelvis_y,right_hip_x,right_hip_y,right_knee_x,right_knee_y,right_ankle_x,right_ankle_y,left_hip_x,left_hip_y,left_knee_x,left_knee_y,left_ankle_x,left_ankle_y
0.5691666666666667,0.4277777777777778,0.4658333333333333,0.41,0.43916666666666665,0.4055555555555555,0.4325,0.4122222222222222,0.4175,0.5055555555555555,0.4891666666666667,0.4166666666666667,0.5391666666666667,0.4033333333333333,0.5308333333333334,0.3277777777777778,0.42916666666666664,0.5455555555555556,0.4841666666666667,0.48333333333333334,0.4775,0.4588888888888889,0.4675,0.4566666666666667,0.5058333333333334,0.39222222222222225,0.5075,0.4788888888888889,0.1825,0.4588888888888889,0.16416666666666666,0.45222222222222225
