head_top_x,head_top_y,upper_neck_x,upper_neck_y,right_shoulder_x,right_shoulder_y,right_elbow_x,right_elbow_y,right_wrist_x,right_wrist_y,thorax_x,thorax_y,left_shoulder_x,left_shoulder_y,left_elbow_x,left_elbow_y,left_wrist_x,left_wrist_y,pelvis_x,pelvis_y,right_hip_x,right_hip_y,right_knee_x,right_knee_y,right_ankle_x,right_ankle_y,left_hip_x,left_hip_y,left_knee_x,left_knee_y,left_ankle_x,left_ankle_y
0.36916666666666664,0.4566666666666667,0.46416666666666667,0.3744444444444444,0.4891666666666667,0.4166666666666667,0.6058333333333333,0.4122222222222222,0.36583333333333334,0.48333333333333334,0.4608333333333333,0.3833333333333333,0.4658333333333333,0.35000000000000003,0.4075,0.44555555555555554,0.3441666666666667,0.4988888888888889,0.5175,0.3855555555555556,0.4875,0.4122222222222222,0.5275,0.31444444444444447,0.6308333333333334,0.44333333333333336,0.5125,0.4033333333333333,0.5125,0.31666666666666665,0.6258333333333334,0.49444444444444446
