head_top_x,head_top_y,upper_neck_x,upper_neck_y,right_shoulder_x,right_shoulder_y,right_elbow_x,right_elbow_y,right_wrist_x,right_wrist_y,thorax_x,thorax_y,left_shoulder_x,left_shoulder_y,left_elbow_x,left_elbow_y,left_wrist_x,left_wrist_y,pelvis_x,pelvis_y,right_hip_x,right_hip_y,right_knee_x,right_knee_y,right_ankle_x,right_ankle_y,left_hip_x,left_hip_y,left_knee_x,left_knee_y,left_ankle_x,left_ankle_y
0.6358333333333334,0.44333333333333336,0.6058333333333333,0.43,0.39416666666666667,0.37222222222222223,0.38916666666666666,0.36777777777777776,0.3958333333333333,0.49444444444444446,0.5625,0.33888888888888885,0.6091666666666666,0.43,0.5958333333333333,0.4477777777777778,0.5508333333333333,0.5388888888888889,0.5258333333333334,0.41444444444444445,0.5175,0.41,0.4975,0.4055555555555555,0.4075,0.5144444444444445,0.5275,0.41,0.5058333333333334,0.40111111111111114,0.4091666666666667,0.5211111111111112
