head_top_x,head_top_y,upper_neck_x,upper_neck_y,right_shoulder_x,right_shoulder_y,right_elbow_x,right_elbow_y,right_wrist_x,right_wrist_y,thorax_x,thorax_y,left_shoulder_x,left_shoulder_y,left_elbow_x,left_elbow_y,left_wrist_x,left_wrist_y,pelvis_x,pelvis_y,right_hip_x,right_hip_y,right_knee_x,right_knee_y,right_ankle_x,right_ankle_y,left_hip_x,left_hip_y,left_knee_x,left_knee_y,left_ankle_x,left_ankle_y
0.49416666666666664,0.4766666666666666,0.45416666666666666,0.3544444444444444,0.4691666666666667,0.3233333333333333,0.5341666666666667,0.30777777777777776,0.6091666666666666,0.34111111111111114,0.4525,0.3544444444444444,0.46416666666666667,0.4611111111111111,0.5258333333333334,0.2988888888888889,0.6041666666666666,0.34555555555555556,0.5491666666666667,0.45444444444444443,0.5641666666666667,0.4366666666666667,0.6258333333333334,0.45222222222222225,0.7008333333333333,0.5122222222222222,0.5575,0.4566666666666667,0.6058333333333333,0.4588888888888889,0.6758333333333333,0.5188888888888888
