head_top_x,head_top_y,upper_neck_x,upper_neck_y,right_shoulder_x,right_shoulder_y,right_elbow_x,right_elbow_y,right_wrist_x,right_wrist_y,thorax_x,thorax_y,left_shoulder_x,left_shoulder_y,left_elbow_x,left_elbow_y,left_wrist_x,left_wrist_y,pelvis_x,pelvis_y,right_hip_x,right_hip_y,right_knee_x,right_knee_y,right_ankle_x,right_ankle_y,left_hip_x,left_hip_y,left_knee_x,left_knee_y,left_ankle_x,left_ankle_y
0.014166666666666666,0.36333333333333334,0.12083333333333333,0.34111111111111114,0.1275,0.3055555555555556,0.5658333333333333,0.35000000000000003,0.43583333333333335,0.42333333333333334,0.19083333333333333,0.3877777777777778,0.4875,0.12777777777777777,0.5391666666666667,0.3611111111111111,0.5058333333333334,0.42333333333333334,0.4175,0.3855555555555556,0.4175,0.39666666666666667,0.4558333333333333,0.7277777777777777,0.5191666666666667,0.9700000000000001,0.44083333333333335,0.39222222222222225,0.3025,0.6566666666666667,0.3175,0.9500000000000001
