head_top_x,head_top_y,upper_neck_x,upper_neck_y,right_shoulder_x,right_shoulder_y,right_elbow_x,right_elbow_y,right_wrist_x,right_wrist_y,thorax_x,thorax_y,left_shoulder_x,left_shoulder_y,left_elbow_x,left_elbow_y,left_wrist_x,left_wrist_y,pelvis_x,pelvis_y,right_hip_x,right_hip_y,right_knee_x,right_knee_y,right_ankle_x,right_ankle_y,left_hip_x,left_hip_y,left_knee_x,left_knee_y,left_ankle_x,left_ankle_y
0.5775,0.3055555555555556,0.4875,0.45,0.5025,0.45444444444444443,0.5041666666666667,0.4811111111111111,0.5708333333333333,0.34777777777777774,0.48583333333333334,0.4588888888888889,0.4725,0.45,0.3958333333333333,0.4677777777777778,0.5458333333333333,0.36777777777777776,0.44416666666666665,0.6833333333333332,0.42583333333333334,0.6855555555555556,0.5525,0.34777777777777774,0.5708333333333333,0.31222222222222223,0.43416666666666665,0.7033333333333333,0.5291666666666667,0.49222222222222217,0.5691666666666667,0.3277777777777778
