head_top_x,head_top_y,upper_neck_x,upper_neck_y,right_shoulder_x,right_shoulder_y,right_elbow_x,right_elbow_y,right_wrist_x,right_wrist_y,thorax_x,thorax_y,left_shoulder_x,left_shoulder_y,left_elbow_x,left_elbow_y,left_wrist_x,left_wrist_y,pelvis_x,pelvis_y,right_hip_x,right_hip_y,right_knee_x,right_knee_y,right_ankle_x,right_ankle_y,left_hip_x,left_hip_y,left_knee_x,left_knee_y,left_ankle_x,left_ankle_y
0.3358333333333333,0.3011111111111111,0.42583333333333334,0.42111111111111116,0.41583333333333333,0.4477777777777778,0.6141666666666666,0.34111111111111114,0.6608333333333334,0.44111111111111106,0.41583333333333333,0.4166666666666667,0.4191666666666667,0.39444444444444443,0.6208333333333333,0.33,0.6541666666666667,0.4277777777777778,0.5108333333333334,0.4366666666666667,0.5058333333333334,0.4588888888888889,0.6141666666666666,0.3233333333333333,0.6008333333333333,0.4077777777777778,0.5125,0.41444444444444445,0.6041666666666666,0.3033333333333333,0.6508333333333334,0.4566666666666667
