head_top_x,head_top_y,upper_neck_x,upper_neck_y,right_shoulder_x,right_shoulder_y,right_elbow_x,right_elbow_y,right_wrist_x,right_wrist_y,thorax_x,thorax_y,left_shoulder_x,left_shoulder_y,left_elbow_x,left_elbow_y,left_wrist_x,left_wrist_y,pelvis_x,pelvis_y,right_hip_x,right_hip_y,right_knee_x,right_knee_y,right_ankle_x,right_ankle_y,left_hip_x,left_hip_y,left_knee_x,left_knee_y,left_ankle_x,left_ankle_y
0.5075,0.2611111111111111,0.49583333333333335,0.4855555555555556,0.5191666666666667,0.34555555555555556,0.5025,0.5033333333333333,0.5208333333333334,0.33888888888888885,0.5025,0.2255555555555556,0.009166666666666667,0.07666666666666666,0.5191666666666667,0.3522222222222222,0.5208333333333334,0.31888888888888894,0.5958333333333333,0.3277777777777778,0.37583333333333335,0.4633333333333333,0.4925,0.47444444444444445,0.5225,0.3611111111111111,0.5941666666666666,0.31444444444444447,0.5075,0.45,0.4891666666666667,0.4588888888888889
