head_top_x,head_top_y,upper_neck_x,upper_neck_y,right_shoulder_x,right_shoulder_y,right_elbow_x,right_elbow_y,right_wrist_x,right_wrist_y,thorax_x,thorax_y,left_shoulder_x,left_shoulder_y,left_elbow_x,left_elbow_y,left_wrist_x,left_wrist_y,pelvis_x,pelvis_y,right_hip_x,right_hip_y,right_knee_x,right_knee_y,right_ankle_x,right_ankle_y,left_hip_x,left_hip_y,left_knee_x,left_knee_y,left_ankle_x,left_ankle_y
0.49416666666666664,0.45,0.45916666666666667,0.4277777777777778,0.4691666666666667,0.4677777777777778,0.5425,0.4033333333333333,0.43916666666666665,0.24111111111111114,0.5341666666666667,0.4588888888888889,0.45916666666666667,0.29000000000000004,0.4508333333333333,0.29666666666666663,0.6841666666666667,0.5122222222222222,0.4658333333333333,0.4811111111111111,0.48083333333333333,0.4122222222222222,0.49083333333333334,0.4677777777777778,0.5841666666666666,0.43,0.5058333333333334,0.4344444444444444,0.5708333333333333,0.4344444444444444,0.44083333333333335,0.2544444444444445
