head_top_x,head_top_y,upper_neck_x,upper_neck_y,right_shoulder_x,right_shoulder_y,right_elbow_x,right_elbow_y,right_wrist_x,right_wrist_y,thorax_x,thorax_y,left_shoulder_x,left_shoulder_y,left_elbow_x,left_elbow_y,left_wrist_x,left_wrist_y,pelvis_x,pelvis_y,right_hip_x,right_hip_y,right_knee_x,right_knee_y,right_ankle_x,right_ankle_y,left_hip_x,left_hip_y,left_knee_x,left_knee_y,left_ankle_x,left_ankle_y
0.4058333333333333,0.3788888888888889,0.5675,0.4588888888888889,0.4191666666666667,0.3877777777777778,0.4191666666666667,0.4366666666666667,0.33916666666666667,0.45,0.3541666666666667,0.4277777777777778,0.4191666666666667,0.46555555555555556,0.4125,0.45222222222222225,0.6041666666666666,0.33888888888888885,0.5625,0.3655555555555556,0.5508333333333333,0.3611111111111111,0.42083333333333334,0.43222222222222223,0.4008333333333333,0.4055555555555555,0.5708333333333333,0.34555555555555556,0.4575,0.4166666666666667,0.39416666666666667,0.4344444444444444
