head_top_x,head_top_y,upper_neck_x,upper_neck_y,right_shoulder_x,right_shoulder_y,right_elbow_x,right_elbow_y,right_wrist_x,right_wrist_y,thorax_x,thorax_y,left_shoulder_x,left_shoulder_y,left_elbow_x,left_elbow_y,left_wrist_x,left_wrist_y,pelvis_x,pelvis_y,right_hip_x,right_hip_y,right_knee_x,right_knee_y,right_ankle_x,right_ankle_y,left_hip_x,left_hip_y,left_knee_x,left_knee_y,left_ankle_x,left_ankle_y
0.6425,0.49,0.24083333333333334,0.6766666666666666,0.6291666666666667,0.4877777777777778,0.6258333333333334,0.6411111111111111,0.6491666666666667,0.5188888888888888,0.2375,0.6966666666666667,0.19583333333333333,0.5677777777777777,0.6491666666666667,0.561111111111111,0.6441666666666667,0.5166666666666666,0.2675,0.6944444444444445,0.2725,0.6966666666666667,0.2225,0.42333333333333334,0.06416666666666666,0.6211111111111111,0.26416666666666666,0.7077777777777778,0.2225,0.4855555555555556,0.5008333333333334,0.3522222222222222
