head_top_x,head_top_y,upper_neck_x,upper_neck_y,right_shoulder_x,right_shoulder_y,right_elbow_x,right_elbow_y,right_wrist_x,right_wrist_y,thorax_x,thorax_y,left_shoulder_x,left_shoulder_y,left_elbow_x,left_elbow_y,left_wrist_x,left_wrist_y,pelvis_x,pelvis_y,right_hip_x,right_hip_y,right_knee_x,right_knee_y,right_ankle_x,right_ankle_y,left_hip_x,left_hip_y,left_knee_x,left_knee_y,left_ankle_x,left_ankle_y
0.5158333333333334,0.07666666666666666,0.49583333333333335,0.2522222222222222,0.5058333333333334,0.30777777777777776,0.49916666666666665,0.31222222222222223,0.5141666666666667,0.4344444444444444,0.4925,0.28777777777777774,0.5125,0.28555555555555556,0.5391666666666667,0.18777777777777774,0.5041666666666667,0.05444444444444444,0.42083333333333334,0.36333333333333334,0.08916666666666667,0.3788888888888889,0.48083333333333333,0.20777777777777776,0.2658333333333333,0.18777777777777774,0.43416666666666665,0.3744444444444444,0.4891666666666667,0.22777777777777777,0.2825,0.18777777777777774
