head_top_x,head_top_y,upper_neck_x,upper_neck_y,right_shoulder_x,right_shoulder_y,right_elbow_x,right_elbow_y,right_wrist_x,right_wrist_y,thorax_x,thorax_y,left_shoulder_x,left_shoulder_y,left_elbow_x,left_elbow_y,left_wrist_x,left_wrist_y,pelvis_x,pelvis_y,right_hip_x,right_hip_y,right_knee_x,right_knee_y,right_ankle_x,right_ankle_y,left_hip_x,left_hip_y,left_knee_x,left_knee_y,left_ankle_x,left_ankle_y
0.4558333333333333,0.27444444444444444,0.5025,0.37222222222222223,0.4741666666666667,0.45222222222222225,0.49916666666666665,0.4855555555555556,0.5841666666666666,0.44111111111111106,0.4975,0.3833333333333333,0.5241666666666667,0.36333333333333334,0.47583333333333333,0.3011111111111111,0.46416666666666667,0.2722222222222222,0.49416666666666664,0.48333333333333334,0.4791666666666667,0.45,0.5408333333333334,0.48333333333333334,0.0625,0.5033333333333333,0.5291666666666667,0.45,0.10916666666666666,0.601111111111111,0.11583333333333333,0.77
