head_top_x,head_top_y,upper_neck_x,upper_neck_y,right_shoulder_x,right_shoulder_y,right_elbow_x,right_elbow_y,right_wrist_x,right_wrist_y,thorax_x,thorax_y,left_shoulder_x,left_shoulder_y,left_elbow_x,left_elbow_y,left_wrist_x,left_wrist_y,pelvis_x,pelvis_y,right_hip_x,right_hip_y,right_knee_x,right_knee_y,right_ankle_x,right_ankle_y,left_hip_x,left_hip_y,left_knee_x,left_knee_y,left_ankle_x,left_ankle_y
0.2791666666666667,0.4255555555555555,0.39916666666666667,0.43,0.38083333333333336,0.4588888888888889,0.4041666666666667,0.5366666666666666,0.4775,0.5633333333333334,0.3925,0.4366666666666667,0.4075,0.41,0.4141666666666667,0.45444444444444443,0.3858333333333333,0.4477777777777778,0.5191666666666667,0.47444444444444445,0.5225,0.46555555555555556,0.5675,0.3522222222222222,0.6241666666666666,0.1922222222222222,0.5158333333333334,0.4855555555555556,0.5725,0.31888888888888894,0.6108333333333333,0.19000000000000003
