head_top_x,head_top_y,upper_neck_x,upper_neck_y,right_shoulder_x,right_shoulder_y,right_elbow_x,right_elbow_y,right_wrist_x,right_wrist_y,thorax_x,thorax_y,left_shoulder_x,left_shoulder_y,left_elbow_x,left_elbow_y,left_wrist_x,left_wrist_y,pelvis_x,pelvis_y,right_hip_x,right_hip_y,right_knee_x,right_knee_y,right_ankle_x,right_ankle_y,left_hip_x,left_hip_y,left_knee_x,left_knee_y,left_ankle_x,left_ankle_y
0.5058333333333334,0.15222222222222223,0.5208333333333334,0.19666666666666668,0.5108333333333334,0.23444444444444446,0.5058333333333334,0.33666666666666667,0.5175,0.2255555555555556,0.5175,0.2188888888888889,0.09083333333333334,0.4855555555555556,0.5025,0.25,0.5191666666666667,0.20555555555555557,0.43583333333333335,0.32555555555555554,0.4241666666666667,0.3744444444444444,0.49083333333333334,0.34555555555555556,0.4275,0.6322222222222221,0.43416666666666665,0.31,0.49916666666666665,0.33888888888888885,0.4275,0.6255555555555555
