head_top_x,head_top_y,upper_neck_x,upper_neck_y,right_shoulder_x,right_shoulder_y,right_elbow_x,right_elbow_y,right_wrist_x,right_wrist_y,thorax_x,thorax_y,left_shoulder_x,left_shoulder_y,left_elbow_x,left_elbow_y,left_wrist_x,left_wrist_y,pelvis_x,pelvis_y,right_hip_x,right_hip_y,right_knee_x,right_knee_y,right_ankle_x,right_ankle_y,left_hip_x,left_hip_y,left_knee_x,left_knee_y,left_ankle_x,left_ankle_y
0.5525,0.3233333333333333,0.8191666666666667,0.09444444444444444,0.5425,0.36777777777777776,0.5075,0.37222222222222223,0.5091666666666667,0.37666666666666665,0.43583333333333335,0.3788888888888889,0.4508333333333333,0.42111111111111116,0.5508333333333333,0.37222222222222223,0.5475,0.35888888888888887,0.2808333333333333,0.03222222222222223,0.4875,0.39444444444444443,0.4175,0.36777777777777776,0.8225,0.13,0.2658333333333333,0.03666666666666666,0.8008333333333333,0.3233333333333333,0.8258333333333333,0.13
