head_top_x,head_top_y,upper_neck_x,upper_neck_y,right_shoulder_x,right_shoulder_y,right_elbow_x,right_elbow_y,right_wrist_x,right_wrist_y,thorax_x,thorax_y,left_shoulder_x,left_shoulder_y,left_elbow_x,left_elbow_y,left_wrist_x,left_wrist_y,pelvis_x,pelvis_y,right_hip_x,right_hip_y,right_knee_x,right_knee_y,right_ankle_x,right_ankle_y,left_hip_x,left_hip_y,left_knee_x,left_knee_y,left_ankle_x,left_ankle_y
0.49083333333333334,0.48333333333333334,0.5291666666666667,0.33666666666666667,0.4975,0.34555555555555556,0.49416666666666664,0.4277777777777778,0.4575,0.43,0.5241666666666667,0.3544444444444444,0.5541666666666667,0.34111111111111114,0.49416666666666664,0.41,0.44916666666666666,0.40111111111111114,0.4975,0.42333333333333334,0.4725,0.45444444444444443,0.41083333333333333,0.42111111111111116,0.4475,0.49444444444444446,0.4525,0.3988888888888889,0.4675,0.4388888888888889,0.4525,0.4388888888888889
