head_top_x,head_top_y,upper_neck_x,upper_neck_y,right_shoulder_x,right_shoulder_y,right_elbow_x,right_elbow_y,right_wrist_x,right_wrist_y,thorax_x,thorax_y,left_shoulder_x,left_shoulder_y,left_elbow_x,left_elbow_y,left_wrist_x,left_wrist_y,pelvis_x,pelvis_y,right_hip_x,right_hip_y,right_knee_x,right_knee_y,right_ankle_x,right_ankle_y,left_hip_x,left_hip_y,left_knee_x,left_knee_y,left_ankle_x,left_ankle_y
0.5191666666666667,0.5211111111111112,0.4791666666666667,0.36777777777777776,0.5008333333333334,0.41444444444444445,0.5891666666666666,0.4122222222222222,0.6091666666666666,0.5744444444444444,0.4825,0.3811111111111111,0.44916666666666666,0.35000000000000003,0.3475,0.2988888888888889,0.5691666666666667,0.6055555555555556,0.0975,0.5388888888888889,0.1425,0.4388888888888889,0.5475,0.3055555555555556,0.42083333333333334,0.21444444444444444,0.3258333333333333,0.5522222222222223,0.12583333333333332,0.40111111111111114,0.42916666666666664,0.21444444444444444
