head_top_x,head_top_y,upper_neck_x,upper_neck_y,right_shoulder_x,right_shoulder_y,right_elbow_x,right_elbow_y,right_wrist_x,right_wrist_y,thorax_x,thorax_y,left_shoulder_x,left_shoulder_y,left_elbow_x,left_elbow_y,left_wrist_x,left_wrist_y,pelvis_x,pelvis_y,right_hip_x,right_hip_y,right_knee_x,right_knee_y,right_ankle_x,right_ankle_y,left_hip_x,left_hip_y,left_knee_x,left_knee_y,left_ankle_x,left_ankle_y
0.5958333333333333,0.4277777777777778,0.4825,0.3611111111111111,0.5875,0.34555555555555556,0.5975,0.37000000000000005,0.3625,0.45222222222222225,0.6075,0.2677777777777777,0.6058333333333333,0.26555555555555554,0.5941666666666666,0.36777777777777776,0.5841666666666666,0.4633333333333333,0.4525,0.5322222222222223,0.5541666666666667,0.3744444444444444,0.4141666666666667,0.2477777777777778,0.5041666666666667,0.3033333333333333,0.4508333333333333,0.5633333333333334,0.4241666666666667,0.22111111111111112,0.49916666666666665,0.3233333333333333
