head_top_x,head_top_y,upper_neck_x,upper_neck_y,right_shoulder_x,right_shoulder_y,right_elbow_x,right_elbow_y,right_wrist_x,right_wrist_y,thorax_x,thorax_y,left_shoulder_x,left_shoulder_y,left_elbow_x,left_elbow_y,left_wrist_x,left_wrist_y,pelvis_x,pelvis_y,right_hip_x,right_hip_y,right_knee_x,right_knee_y,right_ankle_x,right_ankle_y,left_hip_x,left_hip_y,left_knee_x,left_knee_y,left_ankle_x,left_ankle_y
0.6041666666666666,0.45,0.5558333333333333,0.4855555555555556,0.49583333333333335,0.33,0.5191666666666667,0.47222222222222227,0.41583333333333333,0.47222222222222227,0.4741666666666667,0.44333333333333336,0.5125,0.19444444444444442,0.49083333333333334,0.35000000000000003,0.5091666666666667,0.15222222222222223,0.5141666666666667,0.3011111111111111,0.5008333333333334,0.3033333333333333,0.4191666666666667,0.3566666666666667,0.49916666666666665,0.32555555555555554,0.5258333333333334,0.2988888888888889,0.5075,0.31666666666666665,0.5075,0.1722222222222222
