head_top_x,head_top_y,upper_neck_x,upper_neck_y,right_shoulder_x,right_shoulder_y,right_elbow_x,right_elbow_y,right_wrist_x,right_wrist_y,thorax_x,thorax_y,left_shoulder_x,left_shoulder_y,left_elbow_x,left_elbow_y,left_wrist_x,left_wrist_y,pelvis_x,pelvis_y,right_hip_x,right_hip_y,right_knee_x,right_knee_y,right_ankle_x,right_ankle_y,left_hip_x,left_hip_y,left_knee_x,left_knee_y,left_ankle_x,left_ankle_y
0.5008333333333334,0.1988888888888889,0.5025,0.39222222222222225,0.4825,0.4122222222222222,0.45416666666666666,0.4588888888888889,0.45416666666666666,0.28555555555555556,0.5058333333333334,0.4033333333333333,0.5191666666666667,0.3855555555555556,0.5075,0.37666666666666665,0.49416666666666664,0.21666666666666665,0.4708333333333333,0.5766666666666667,0.4558333333333333,0.5722222222222223,0.4275,0.5499999999999999,0.4975,0.22111111111111112,0.4791666666666667,0.5722222222222223,0.4625,0.601111111111111,0.49916666666666665,0.24555555555555553
