head_top_x,head_top_y,upper_neck_x,upper_neck_y,right_shoulder_x,right_shoulder_y,right_elbow_x,right_elbow_y,right_wrist_x,right_wrist_y,thorax_x,thorax_y,left_shoulder_x,left_shoulder_y,left_elbow_x,left_elbow_y,left_wrist_x,left_wrist_y,pelvis_x,pelvis_y,right_hip_x,right_hip_y,right_knee_x,right_knee_y,right_ankle_x,right_ankle_y,left_hip_x,left_hip_y,left_knee_x,left_knee_y,left_ankle_x,left_ankle_y
0.5425,0.41888888888888887,0.49916666666666665,0.45444444444444443,0.4841666666666667,0.47,0.4825,0.3855555555555556,0.4841666666666667,0.29000000000000004,0.5108333333333334,0.4611111111111111,0.5275,0.4633333333333333,0.5308333333333334,0.37000000000000005,0.5325,0.27666666666666667,0.5225,0.46555555555555556,0.4841666666666667,0.4566666666666667,0.4825,0.4255555555555555,0.4925,0.2922222222222222,0.5341666666666667,0.4633333333333333,0.5208333333333334,0.4166666666666667,0.5275,0.2922222222222222
