head_top_x,head_top_y,upper_neck_x,upper_neck_y,right_shoulder_x,right_shoulder_y,right_elbow_x,right_elbow_y,right_wrist_x,right_wrist_y,thorax_x,thorax_y,left_shoulder_x,left_shoulder_y,left_elbow_x,left_elbow_y,left_wrist_x,left_wrist_y,pelvis_x,pelvis_y,right_hip_x,right_hip_y,right_knee_x,right_knee_y,right_ankle_x,right_ankle_y,left_hip_x,left_hip_y,left_knee_x,left_knee_y,left_ankle_x,left_ankle_y
0.49916666666666665,0.17666666666666667,0.49583333333333335,0.3811111111111111,0.4691666666666667,0.38999999999999996,0.47583333333333333,0.47222222222222227,0.4825,0.3877777777777778,0.4925,0.3833333333333333,0.5141666666666667,0.3744444444444444,0.5508333333333333,0.41444444444444445,0.5575,0.49666666666666665,0.49583333333333335,0.41,0.48583333333333334,0.39666666666666667,0.4658333333333333,0.47222222222222227,0.4875,0.3566666666666667,0.49583333333333335,0.6077777777777778,0.5441666666666667,0.5966666666666667,0.5691666666666667,0.6188888888888888
