head_top_x,head_top_y,upper_neck_x,upper_neck_y,right_shoulder_x,right_shoulder_y,right_elbow_x,right_elbow_y,right_wrist_x,right_wrist_y,thorax_x,thorax_y,left_shoulder_x,left_shoulder_y,left_elbow_x,left_elbow_y,left_wrist_x,left_wrist_y,pelvis_x,pelvis_y,right_hip_x,right_hip_y,right_knee_x,right_knee_y,right_ankle_x,right_ankle_y,left_hip_x,left_hip_y,left_knee_x,left_knee_y,left_ankle_x,left_ankle_y
0.4875,0.14333333333333334,0.5125,0.3344444444444445,0.5091666666666667,0.33,0.43916666666666665,0.39666666666666667,0.42583333333333334,0.5033333333333333,0.5075,0.3233333333333333,0.5091666666666667,0.3211111111111111,0.44583333333333336,0.3988888888888889,0.43083333333333335,0.5011111111111112,0.43083333333333335,0.39222222222222225,0.42916666666666664,0.5055555555555555,0.5441666666666667,0.36777777777777776,0.44583333333333336,0.4033333333333333,0.5175,0.39444444444444443,0.5408333333333334,0.42333333333333334,0.5125,0.17888888888888888
