head_top_x,head_top_y,upper_neck_x,upper_neck_y,right_shoulder_x,right_shoulder_y,right_elbow_x,right_elbow_y,right_wrist_x,right_wrist_y,thorax_x,thorax_y,left_shoulder_x,left_shoulder_y,left_elbow_x,left_elbow_y,left_wrist_x,left_wrist_y,pelvis_x,pelvis_y,right_hip_x,right_hip_y,right_knee_x,right_knee_y,right_ankle_x,right_ankle_y,left_hip_x,left_hip_y,left_knee_x,left_knee_y,left_ankle_x,left_ankle_y
0.48083333333333333,0.2722222222222222,0.4825,0.37666666666666665,0.4475,0.4055555555555555,0.43916666666666665,0.37000000000000005,0.43083333333333335,0.29000000000000004,0.4925,0.4055555555555555,0.5425,0.39222222222222225,0.6275,0.4277777777777778,0.6941666666666667,0.4633333333333333,0.4925,0.5144444444444445,0.47583333333333333,0.49444444444444446,0.44083333333333335,0.35888888888888887,0.4241666666666667,0.2988888888888889,0.4741666666666667,0.5655555555555556,0.5008333333333334,0.36333333333333334,0.4741666666666667,0.31
