head_top_x,head_top_y,upper_neck_x,upper_neck_y,right_shoulder_x,right_shoulder_y,right_elbow_x,right_elbow_y,right_wrist_x,right_wrist_y,thorax_x,thorax_y,left_shoulder_x,left_shoulder_y,left_elbow_x,left_elbow_y,left_wrist_x,left_wrist_y,pelvis_x,pelvis_y,right_hip_x,right_hip_y,right_knee_x,right_knee_y,right_ankle_x,right_ankle_y,left_hip_x,left_hip_y,left_knee_x,left_knee_y,left_ankle_x,left_ankle_y
0.41083333333333333,0.44111111111111106,0.5041666666666667,0.5322222222222223,0.5175,0.4677777777777778,0.5458333333333333,0.37666666666666665,0.5725,0.2722222222222222,0.48583333333333334,0.49666666666666665,0.45416666666666666,0.4811111111111111,0.4375,0.4477777777777778,0.5625,0.28777777777777774,0.48583333333333334,0.6411111111111111,0.5341666666666667,0.6766666666666666,0.4241666666666667,0.34111111111111114,0.22416666666666665,0.2255555555555556,0.49416666666666664,0.6811111111111111,0.44416666666666665,0.31444444444444447,0.4475,0.31666666666666665
