head_top_x,head_top_y,upper_neck_x,upper_neck_y,right_shoulder_x,right_shoulder_y,right_elbow_x,right_elbow_y,right_wrist_x,right_wrist_y,thorax_x,thorax_y,left_shoulder_x,left_shoulder_y,left_elbow_x,left_elbow_y,left_wrist_x,left_wrist_y,pelvis_x,pelvis_y,right_hip_x,right_hip_y,right_knee_x,right_knee_y,right_ankle_x,right_ankle_y,left_hip_x,left_hip_y,left_knee_x,left_knee_y,left_ankle_x,left_ankle_y
0.5908333333333333,0.29666666666666663,0.3725,0.44555555555555554,0.5575,0.35888888888888887,0.49416666666666664,0.3788888888888889,0.3641666666666667,0.47222222222222227,0.5441666666666667,0.20999999999999996,0.36583333333333334,0.49666666666666665,0.48583333333333334,0.41444444444444445,0.5741666666666667,0.33,0.5275,0.35000000000000003,0.3775,0.4766666666666666,0.4791666666666667,0.38999999999999996,0.5625,0.33666666666666667,0.5358333333333334,0.3522222222222222,0.5291666666666667,0.36333333333333334,0.5391666666666667,0.34555555555555556
