head_top_x,head_top_y,upper_neck_x,upper_neck_y,right_shoulder_x,right_shoulder_y,right_elbow_x,right_elbow_y,right_wrist_x,right_wrist_y,thorax_x,thorax_y,left_shoulder_x,left_shoulder_y,left_elbow_x,left_elbow_y,left_wrist_x,left_wrist_y,pelvis_x,pelvis_y,right_hip_x,right_hip_y,right_knee_x,right_knee_y,right_ankle_x,right_ankle_y,left_hip_x,left_hip_y,left_knee_x,left_knee_y,left_ankle_x,left_ankle_y
0.2941666666666667,0.30777777777777776,0.4008333333333333,0.3277777777777778,0.3975,0.3544444444444444,0.4041666666666667,0.44111111111111106,0.37416666666666665,0.49666666666666665,0.4025,0.33,0.3975,0.3011111111111111,0.4375,0.1922222222222222,0.5058333333333334,0.18777777777777774,0.5175,0.37666666666666665,0.5258333333333334,0.3522222222222222,0.6125,0.41888888888888887,0.7058333333333333,0.4788888888888889,0.5091666666666667,0.39222222222222225,0.6258333333333334,0.45,0.7258333333333333,0.49222222222222217
