head_top_x,head_top_y,upper_neck_x,upper_neck_y,right_shoulder_x,right_shoulder_y,right_elbow_x,right_elbow_y,right_wrist_x,right_wrist_y,thorax_x,thorax_y,left_shoulder_x,left_shoulder_y,left_elbow_x,left_elbow_y,left_wrist_x,left_wrist_y,pelvis_x,pelvis_y,right_hip_x,right_hip_y,right_knee_x,right_knee_y,right_ankle_x,right_ankle_y,left_hip_x,left_hip_y,left_knee_x,left_knee_y,left_ankle_x,left_ankle_y
0.44916666666666666,0.09888888888888887,0.5091666666666667,0.19666666666666668,0.5291666666666667,0.1722222222222222,0.5991666666666666,0.20777777777777776,0.6541666666666667,0.2233333333333333,0.5091666666666667,0.20555555555555557,0.5175,0.19000000000000003,0.5508333333333333,0.3744444444444444,0.5725,0.5255555555555556,0.5008333333333334,0.33888888888888885,0.5008333333333334,0.3233333333333333,0.48583333333333334,0.3011111111111111,0.4741666666666667,0.32555555555555554,0.5008333333333334,0.3544444444444444,0.4875,0.34111111111111114,0.4675,0.31222222222222223
