head_top_x,head_top_y,upper_neck_x,upper_neck_y,right_shoulder_x,right_shoulder_y,right_elbow_x,right_elbow_y,right_wrist_x,right_wrist_y,thorax_x,thorax_y,left_shoulder_x,left_shoulder_y,left_elbow_x,left_elbow_y,left_wrist_x,left_wrist_y,pelvis_x,pelvis_y,right_hip_x,right_hip_y,right_knee_x,right_knee_y,right_ankle_x,right_ankle_y,left_hip_x,left_hip_y,left_knee_x,left_knee_y,left_ankle_x,left_ankle_y
0.5075,0.36333333333333334,0.5275,0.3611111111111111,0.5025,0.2677777777777777,0.5158333333333334,0.3833333333333333,0.5708333333333333,0.46555555555555556,0.5608333333333333,0.2988888888888889,0.5125,0.38999999999999996,0.5125,0.41,0.5008333333333334,0.19000000000000003,0.5291666666666667,0.4633333333333333,0.5458333333333333,0.47222222222222227,0.5058333333333334,0.3522222222222222,0.5025,0.43,0.5275,0.43222222222222223,0.5091666666666667,0.32555555555555554,0.49916666666666665,0.4166666666666667
