head_top_x,head_top_y,upper_neck_x,upper_neck_y,right_shoulder_x,right_shoulder_y,right_elbow_x,right_elbow_y,right_wrist_x,right_wrist_y,thorax_x,thorax_y,left_shoulder_x,left_shoulder_y,left_elbow_x,left_elbow_y,left_wrist_x,left_wrist_y,pelvis_x,pelvis_y,right_hip_x,right_hip_y,right_knee_x,right_knee_y,right_ankle_x,right_ankle_y,left_hip_x,left_hip_y,left_knee_x,left_knee_y,left_ankle_x,left_ankle_y
0.5141666666666667,0.43,0.5108333333333334,0.4122222222222222,0.5208333333333334,0.5099999999999999,0.48583333333333334,0.5766666666666667,0.4741666666666667,0.4344444444444444,0.1175,0.5122222222222222,0.5525,0.42333333333333334,0.5425,0.42111111111111116,0.5025,0.27,0.0975,0.4988888888888889,0.06583333333333333,0.49666666666666665,0.48083333333333333,0.41888888888888887,0.5008333333333334,0.33888888888888885,0.4575,0.5322222222222223,0.5075,0.4166666666666667,0.49916666666666665,0.27
