head_top_x,head_top_y,upper_neck_x,upper_neck_y,right_shoulder_x,right_shoulder_y,right_elbow_x,right_elbow_y,right_wrist_x,right_wrist_y,thorax_x,thorax_y,left_shoulder_x,left_shoulder_y,left_elbow_x,left_elbow_y,left_wrist_x,left_wrist_y,pelvis_x,pelvis_y,right_hip_x,right_hip_y,right_knee_x,right_knee_y,right_ankle_x,right_ankle_y,left_hip_x,left_hip_y,left_knee_x,left_knee_y,left_ankle_x,left_ankle_y
0.39416666666666667,0.5588888888888889,0.5658333333333333,0.3544444444444444,0.46416666666666667,0.41444444444444445,0.4325,0.5388888888888889,0.37583333333333335,0.6122222222222221,0.5208333333333334,0.37222222222222223,0.6091666666666666,0.37000000000000005,0.4008333333333333,0.44555555555555554,0.32916666666666666,0.49222222222222217,0.5041666666666667,0.3211111111111111,0.4975,0.3211111111111111,0.2891666666666667,0.05000000000000001,0.4691666666666667,0.35000000000000003,0.5058333333333334,0.3055555555555556,0.4091666666666667,0.46555555555555556,0.43416666666666665,0.41444444444444445
