head_top_x,head_top_y,upper_neck_x,upper_neck_y,right_shoulder_x,right_shoulder_y,right_elbow_x,right_elbow_y,right_wrist_x,right_wrist_y,thorax_x,thorax_y,left_shoulder_x,left_shoulder_y,left_elbow_x,left_elbow_y,left_wrist_x,left_wrist_y,pelvis_x,pelvis_y,right_hip_x,right_hip_y,right_knee_x,right_knee_y,right_ankle_x,right_ankle_y,left_hip_x,left_hip_y,left_knee_x,left_knee_y,left_ankle_x,left_ankle_y
0.6658333333333334,0.23444444444444446,0.5591666666666667,0.2811111111111111,0.5558333333333333,0.2811111111111111,0.4041666666666667,0.4477777777777778,0.3275,0.5455555555555556,0.5541666666666667,0.28555555555555556,0.5641666666666667,0.27444444444444444,0.41583333333333333,0.4611111111111111,0.5991666666666666,0.25666666666666665,0.4575,0.5299999999999999,0.44916666666666666,0.5388888888888889,0.4075,0.4588888888888889,0.3308333333333333,0.5433333333333333,0.4658333333333333,0.5277777777777778,0.4025,0.47222222222222227,0.3441666666666667,0.5388888888888889
