head_top_x,head_top_y,upper_neck_x,upper_neck_y,right_shoulder_x,right_shoulder_y,right_elbow_x,right_elbow_y,right_wrist_x,right_wrist_y,thorax_x,thorax_y,left_shoulder_x,left_shoulder_y,left_elbow_x,left_elbow_y,left_wrist_x,left_wrist_y,pelvis_x,pelvis_y,right_hip_x,right_hip_y,right_knee_x,right_knee_y,right_ankle_x,right_ankle_y,left_hip_x,left_hip_y,left_knee_x,left_knee_y,left_ankle_x,left_ankle_y
0.5058333333333334,0.3211111111111111,0.09583333333333334,0.41,0.4925,0.3233333333333333,0.5058333333333334,0.15888888888888889,0.47583333333333333,0.3233333333333333,0.0875,0.41,0.48083333333333333,0.37000000000000005,0.5508333333333333,0.4566666666666667,0.4875,0.3344444444444445,0.11583333333333333,0.3988888888888889,0.3858333333333333,0.45222222222222225,0.5025,0.44333333333333336,0.4825,0.36333333333333334,0.5558333333333333,0.2544444444444445,0.5175,0.43222222222222223,0.4708333333333333,0.3344444444444445
