head_top_x,head_top_y,upper_neck_x,upper_neck_y,right_shoulder_x,right_shoulder_y,right_elbow_x,right_elbow_y,right_wrist_x,right_wrist_y,thorax_x,thorax_y,left_shoulder_x,left_shoulder_y,left_elbow_x,left_elbow_y,left_wrist_x,left_wrist_y,pelvis_x,pelvis_y,right_hip_x,right_hip_y,right_knee_x,right_knee_y,right_ankle_x,right_ankle_y,left_hip_x,left_hip_y,left_knee_x,left_knee_y,left_ankle_x,left_ankle_y
0.49083333333333334,0.3522222222222222,0.4141666666666667,0.3566666666666667,0.5758333333333333,0.3655555555555556,0.5041666666666667,0.3877777777777778,0.5708333333333333,0.35888888888888887,0.5658333333333333,0.2722222222222222,0.9875,1.0,0.5125,0.5766666666666667,0.5991666666666666,0.3522222222222222,0.4025,0.5944444444444444,0.4425,0.4122222222222222,0.4691666666666667,0.39222222222222225,0.5691666666666667,0.36333333333333334,0.4041666666666667,0.3611111111111111,0.4691666666666667,0.3988888888888889,0.4041666666666667,0.4077777777777778
