head_top_x,head_top_y,upper_neck_x,upper_neck_y,right_shoulder_x,right_shoulder_y,right_elbow_x,right_elbow_y,right_wrist_x,right_wrist_y,thorax_x,thorax_y,left_shoulder_x,left_shoulder_y,left_elbow_x,left_elbow_y,left_wrist_x,left_wrist_y,pelvis_x,pelvis_y,right_hip_x,right_hip_y,right_knee_x,right_knee_y,right_ankle_x,right_ankle_y,left_hip_x,left_hip_y,left_knee_x,left_knee_y,left_ankle_x,left_ankle_y
0.4058333333333333,0.46555555555555556,0.4425,0.49,0.5608333333333333,0.3322222222222222,0.4141666666666667,0.4766666666666666,0.36583333333333334,0.5277777777777778,0.4525,0.43,0.44583333333333336,0.44333333333333336,0.5241666666666667,0.4611111111111111,0.5725,0.3033333333333333,0.4141666666666667,0.46555555555555556,0.4741666666666667,0.4988888888888889,0.5025,0.4811111111111111,0.46416666666666667,0.4277777777777778,0.5758333333333333,0.3055555555555556,0.5175,0.47222222222222227,0.5725,0.3277777777777778
