head_top_x,head_top_y,upper_neck_x,upper_neck_y,right_shoulder_x,right_shoulder_y,right_elbow_x,right_elbow_y,right_wrist_x,right_wrist_y,thorax_x,thorax_y,left_shoulder_x,left_shoulder_y,left_elbow_x,left_elbow_y,left_wrist_x,left_wrist_y,pelvis_x,pelvis_y,right_hip_x,right_hip_y,right_knee_x,right_knee_y,right_ankle_x,right_ankle_y,left_hip_x,left_hip_y,left_knee_x,left_knee_y,left_ankle_x,left_ankle_y
0.5075,0.2611111111111111,0.4791666666666667,0.43222222222222223,0.45916666666666667,0.4277777777777778,0.43583333333333335,0.4677777777777778,0.3908333333333333,0.5277777777777778,0.4775,0.4033333333333333,0.49083333333333334,0.3522222222222222,0.5191666666666667,0.29666666666666663,0.5675,0.3988888888888889,0.49583333333333335,0.5633333333333334,0.4658333333333333,0.5677777777777777,0.42083333333333334,0.5588888888888889,0.0625,0.2922222222222222,0.46416666666666667,0.5522222222222223,0.4525,0.5122222222222222,0.42083333333333334,0.57
