head_top_x,head_top_y,upper_neck_x,upper_neck_y,right_shoulder_x,right_shoulder_y,right_elbow_x,right_elbow_y,right_wrist_x,right_wrist_y,thorax_x,thorax_y,left_shoulder_x,left_shoulder_y,left_elbow_x,left_elbow_y,left_wrist_x,left_wrist_y,pelvis_x,pelvis_y,right_hip_x,right_hip_y,right_knee_x,right_knee_y,right_ankle_x,right_ankle_y,left_hip_x,left_hip_y,left_knee_x,left_knee_y,left_ankle_x,left_ankle_y
0.4841666666666667,0.29444444444444445,0.33916666666666667,0.4633333333333333,0.4608333333333333,0.35000000000000003,0.41083333333333333,0.4033333333333333,0.32083333333333336,0.44333333333333336,0.5108333333333334,0.2788888888888889,0.42083333333333334,0.33888888888888885,0.44916666666666666,0.4055555555555555,0.6475,0.2522222222222222,0.4891666666666667,0.3233333333333333,0.4875,0.32555555555555554,0.41083333333333333,0.37222222222222223,0.6175,0.2522222222222222,0.49416666666666664,0.31666666666666665,0.5825,0.26555555555555554,0.3308333333333333,0.44111111111111106
