head_top_x,head_top_y,upper_neck_x,upper_neck_y,right_shoulder_x,right_shoulder_y,right_elbow_x,right_elbow_y,right_wrist_x,right_wrist_y,thorax_x,thorax_y,left_shoulder_x,left_shoulder_y,left_elbow_x,left_elbow_y,left_wrist_x,left_wrist_y,pelvis_x,pelvis_y,right_hip_x,right_hip_y,right_knee_x,right_knee_y,right_ankle_x,right_ankle_y,left_hip_x,left_hip_y,left_knee_x,left_knee_y,left_ankle_x,left_ankle_y
0.4925,0.2522222222222222,0.5058333333333334,0.4055555555555555,0.5108333333333334,0.3566666666666667,0.49416666666666664,0.3011111111111111,0.5641666666666667,0.3055555555555556,0.5075,0.39222222222222225,0.5141666666666667,0.4166666666666667,0.5525,0.4477777777777778,0.6025,0.49222222222222217,0.47583333333333333,0.5966666666666667,0.5075,0.39666666666666667,0.49916666666666665,0.3855555555555556,0.4925,0.2988888888888889,0.46416666666666667,0.5944444444444444,0.5108333333333334,0.4055555555555555,0.49083333333333334,0.34111111111111114
