head_top_x,head_top_y,upper_neck_x,upper_neck_y,right_shoulder_x,right_shoulder_y,right_elbow_x,right_elbow_y,right_wrist_x,right_wrist_y,thorax_x,thorax_y,left_shoulder_x,left_shoulder_y,left_elbow_x,left_elbow_y,left_wrist_x,left_wrist_y,pelvis_x,pelvis_y,right_hip_x,right_hip_y,right_knee_x,right_knee_y,right_ankle_x,right_ankle_y,left_hip_x,left_hip_y,left_knee_x,left_knee_y,left_ankle_x,left_ankle_y
0.5725,0.42111111111111116,0.5625,0.5388888888888889,0.5725,0.4055555555555555,0.5308333333333334,0.4055555555555555,0.4775,0.42111111111111116,0.5658333333333333,0.5055555555555555,0.5808333333333333,0.41888888888888887,0.5525,0.3988888888888889,0.5041666666666667,0.4166666666666667,0.5475,0.5566666666666666,0.5425,0.5388888888888889,0.48583333333333334,0.5099999999999999,0.5058333333333334,0.4277777777777778,0.5341666666666667,0.5477777777777778,0.5208333333333334,0.5366666666666666,0.49916666666666665,0.4477777777777778
