head_top_x,head_top_y,upper_neck_x,upper_neck_y,right_shoulder_x,right_shoulder_y,right_elbow_x,right_elbow_y,right_wrist_x,right_wrist_y,thorax_x,thorax_y,left_shoulder_x,left_shoulder_y,left_elbow_x,left_elbow_y,left_wrist_x,left_wrist_y,pelvis_x,pelvis_y,right_hip_x,right_hip_y,right_knee_x,right_knee_y,right_ankle_x,right_ankle_y,left_hip_x,left_hip_y,left_knee_x,left_knee_y,left_ankle_x,left_ankle_y
0.5025,-0.0008333333333333334,0.5108333333333334,0.19666666666666668,0.5025,0.2255555555555556,0.47583333333333333,0.30777777777777776,0.4741666666666667,0.4366666666666667,0.5041666666666667,0.22111111111111112,0.5008333333333334,0.22999999999999998,0.4925,0.3055555555555556,0.5025,0.42333333333333334,0.5058333333333334,0.4255555555555555,0.4558333333333333,0.4588888888888889,0.49083333333333334,0.32555555555555554,0.49583333333333335,0.4366666666666667,0.5241666666666667,0.39444444444444443,0.5041666666666667,0.35888888888888887,0.49916666666666665,0.39444444444444443
