head_top_x,head_top_y,upper_neck_x,upper_neck_y,right_shoulder_x,right_shoulder_y,right_elbow_x,right_elbow_y,right_wrist_x,right_wrist_y,thorax_x,thorax_y,left_shoulder_x,left_shoulder_y,left_elbow_x,left_elbow_y,left_wrist_x,left_wrist_y,pelvis_x,pelvis_y,right_hip_x,right_hip_y,right_knee_x,right_knee_y,right_ankle_x,right_ankle_y,left_hip_x,left_hip_y,left_knee_x,left_knee_y,left_ankle_x,left_ankle_y
0.4125,0.05666666666666668,0.4975,0.13888888888888887,0.4625,0.15666666666666665,0.4675,0.2588888888888889,0.4825,0.4611111111111111,0.4975,0.1322222222222222,0.5291666666666667,0.11888888888888889,0.5325,0.1988888888888889,0.5241666666666667,0.47222222222222227,0.49916666666666665,0.25666666666666665,0.48083333333333333,0.25666666666666665,0.4825,0.35888888888888887,0.4875,0.45222222222222225,0.5175,0.2544444444444445,0.5191666666666667,0.3611111111111111,0.5258333333333334,0.4766666666666666
