head_top_x,head_top_y,upper_neck_x,upper_neck_y,right_shoulder_x,right_shoulder_y,right_elbow_x,right_elbow_y,right_wrist_x,right_wrist_y,thorax_x,thorax_y,left_shoulder_x,left_shoulder_y,left_elbow_x,left_elbow_y,left_wrist_x,left_wrist_y,pelvis_x,pelvis_y,right_hip_x,right_hip_y,right_knee_x,right_knee_y,right_ankle_x,right_ankle_y,left_hip_x,left_hip_y,left_knee_x,left_knee_y,left_ankle_x,left_ankle_y
0.37583333333333335,0.3433333333333333,0.4008333333333333,0.36777777777777776,0.5408333333333334,0.3855555555555556,0.48583333333333334,0.4122222222222222,0.5208333333333334,0.49666666666666665,0.5325,0.31888888888888894,0.5908333333333333,0.39666666666666667,0.6291666666666667,0.37000000000000005,0.6158333333333333,0.3988888888888889,0.4325,0.5233333333333333,0.4658333333333333,0.5833333333333334,0.44083333333333335,0.39666666666666667,0.3625,0.3877777777777778,0.5175,0.561111111111111,0.5058333333333334,0.3877777777777778,0.3925,0.39444444444444443
