head_top_x,head_top_y,upper_neck_x,upper_neck_y,right_shoulder_x,right_shoulder_y,right_elbow_x,right_elbow_y,right_wrist_x,right_wrist_y,thorax_x,thorax_y,left_shoulder_x,left_shoulder_y,left_elbow_x,left_elbow_y,left_wrist_x,left_wrist_y,pelvis_x,pelvis_y,right_hip_x,right_hip_y,right_knee_x,right_knee_y,right_ankle_x,right_ankle_y,left_hip_x,left_hip_y,left_knee_x,left_knee_y,left_ankle_x,left_ankle_y
0.32416666666666666,0.21666666666666665,0.44416666666666665,0.33,0.4575,0.29000000000000004,0.45416666666666666,0.48333333333333334,0.6141666666666666,0.6366666666666667,0.4575,0.31888888888888894,0.38416666666666666,0.3277777777777778,0.4425,0.4766666666666666,0.4675,0.6566666666666667,0.5008333333333334,0.3033333333333333,0.49916666666666665,0.2588888888888889,0.6691666666666667,0.2477777777777778,0.7825,0.3011111111111111,0.5625,0.3522222222222222,0.6875,0.2544444444444445,0.8308333333333333,0.28555555555555556
