head_top_x,head_top_y,upper_neck_x,upper_neck_y,right_shoulder_x,right_shoulder_y,right_elbow_x,right_elbow_y,right_wrist_x,right_wrist_y,thorax_x,thorax_y,left_shoulder_x,left_shoulder_y,left_elbow_x,left_elbow_y,left_wrist_x,left_wrist_y,pelvis_x,pelvis_y,right_hip_x,right_hip_y,right_knee_x,right_knee_y,right_ankle_x,right_ankle_y,left_hip_x,left_hip_y,left_knee_x,left_knee_y,left_ankle_x,left_ankle_y
0.5525,0.22777777777777777,0.4841666666666667,0.26555555555555554,0.4125,0.33666666666666667,0.4141666666666667,0.41444444444444445,0.42916666666666664,0.5055555555555555,0.4891666666666667,0.30777777777777776,0.4475,0.3988888888888889,0.42916666666666664,0.4166666666666667,0.4325,0.4988888888888889,0.5008333333333334,0.3744444444444444,0.4891666666666667,0.3211111111111111,0.4925,0.3811111111111111,0.5025,0.25666666666666665,0.5208333333333334,0.3788888888888889,0.4975,0.39444444444444443,0.49416666666666664,0.25666666666666665
