head_top_x,head_top_y,upper_neck_x,upper_neck_y,right_shoulder_x,right_shoulder_y,right_elbow_x,right_elbow_y,right_wrist_x,right_wrist_y,thorax_x,thorax_y,left_shoulder_x,left_shoulder_y,left_elbow_x,left_elbow_y,left_wrist_x,left_wrist_y,pelvis_x,pelvis_y,right_hip_x,right_hip_y,right_knee_x,right_knee_y,right_ankle_x,right_ankle_y,left_hip_x,left_hip_y,left_knee_x,left_knee_y,left_ankle_x,left_ankle_y
0.4141666666666667,0.57,0.5291666666666667,0.5344444444444445,0.4675,0.47,0.46416666666666667,0.4566666666666667,0.41083333333333333,0.45,0.5675,0.33888888888888885,0.4725,0.45,0.44416666666666665,0.47,0.4058333333333333,0.4566666666666667,0.5275,0.44111111111111106,0.5441666666666667,0.4388888888888889,0.48083333333333333,0.43,0.5425,0.41444444444444445,0.5091666666666667,0.4366666666666667,0.4558333333333333,0.44555555555555554,0.4558333333333333,0.4633333333333333
