head_top_x,head_top_y,upper_neck_x,upper_neck_y,right_shoulder_x,right_shoulder_y,right_elbow_x,right_elbow_y,right_wrist_x,right_wrist_y,thorax_x,thorax_y,left_shoulder_x,left_shoulder_y,left_elbow_x,left_elbow_y,left_wrist_x,left_wrist_y,pelvis_x,pelvis_y,right_hip_x,right_hip_y,right_knee_x,right_knee_y,right_ankle_x,right_ankle_y,left_hip_x,left_hip_y,left_knee_x,left_knee_y,left_ankle_x,left_ankle_y
0.4375,0.19444444444444442,0.5008333333333334,0.2722222222222222,0.5308333333333334,0.24555555555555553,0.5908333333333333,0.24333333333333332,0.6441666666666667,0.24555555555555553,0.5008333333333334,0.28555555555555556,0.49583333333333335,0.37666666666666665,0.41583333333333333,0.25,0.3525,0.25,0.5175,0.3877777777777778,0.5075,0.3544444444444444,0.5608333333333333,0.37666666666666665,0.5425,0.8366666666666666,0.49416666666666664,0.38999999999999996,0.39416666666666667,0.44555555555555554,0.3541666666666667,0.5722222222222223
