head_top_x,head_top_y,upper_neck_x,upper_neck_y,right_shoulder_x,right_shoulder_y,right_elbow_x,right_elbow_y,right_wrist_x,right_wrist_y,thorax_x,thorax_y,left_shoulder_x,left_shoulder_y,left_elbow_x,left_elbow_y,left_wrist_x,left_wrist_y,pelvis_x,pelvis_y,right_hip_x,right_hip_y,right_knee_x,right_knee_y,right_ankle_x,right_ankle_y,left_hip_x,left_hip_y,left_knee_x,left_knee_y,left_ankle_x,left_ankle_y
0.3858333333333333,0.3011111111111111,0.3958333333333333,0.2188888888888889,0.4191666666666667,0.22111111111111112,0.4825,0.43,0.3275,0.4855555555555556,0.38916666666666666,0.21444444444444444,0.3625,0.23666666666666666,0.48083333333333333,0.42333333333333334,0.3541666666666667,0.5011111111111112,0.7025,0.37666666666666665,0.7191666666666666,0.4811111111111111,0.20416666666666666,0.31666666666666665,0.2125,0.37222222222222223,0.6608333333333334,0.3211111111111111,0.20583333333333334,0.4166666666666667,0.21916666666666668,0.3544444444444444
