head_top_x,head_top_y,upper_neck_x,upper_neck_y,right_shoulder_x,right_shoulder_y,right_elbow_x,right_elbow_y,right_wrist_x,right_wrist_y,thorax_x,thorax_y,left_shoulder_x,left_shoulder_y,left_elbow_x,left_elbow_y,left_wrist_x,left_wrist_y,pelvis_x,pelvis_y,right_hip_x,right_hip_y,right_knee_x,right_knee_y,right_ankle_x,right_ankle_y,left_hip_x,left_hip_y,left_knee_x,left_knee_y,left_ankle_x,left_ankle_y
0.0125,0.5922222222222223,0.10083333333333333,0.34777777777777774,0.2925,0.23222222222222225,0.059166666666666666,0.3811111111111111,0.5008333333333334,0.39444444444444443,0.1075,0.3211111111111111,0.3258333333333333,0.2722222222222222,0.3591666666666667,0.4344444444444444,0.5108333333333334,0.4055555555555555,0.1375,0.27666666666666667,0.1275,0.24555555555555553,0.6691666666666667,0.20777777777777776,0.8241666666666667,0.26333333333333336,0.18583333333333332,0.28555555555555556,0.6441666666666667,0.2011111111111111,0.1375,0.14777777777777779
