head_top_x,head_top_y,upper_neck_x,upper_neck_y,right_shoulder_x,right_shoulder_y,right_elbow_x,right_elbow_y,right_wrist_x,right_wrist_y,thorax_x,thorax_y,left_shoulder_x,left_shoulder_y,left_elbow_x,left_elbow_y,left_wrist_x,left_wrist_y,pelvis_x,pelvis_y,right_hip_x,right_hip_y,right_knee_x,right_knee_y,right_ankle_x,right_ankle_y,left_hip_x,left_hip_y,left_knee_x,left_knee_y,left_ankle_x,left_ankle_y
0.38416666666666666,0.5188888888888888,0.4508333333333333,0.39222222222222225,0.44416666666666665,0.4166666666666667,0.43583333333333335,0.5033333333333333,0.4241666666666667,0.5588888888888889,0.44083333333333335,0.4033333333333333,0.41583333333333333,0.39666666666666667,0.43083333333333335,0.39444444444444443,0.42916666666666664,0.5455555555555556,0.5291666666666667,0.36777777777777776,0.5475,0.37000000000000005,0.5508333333333333,0.37222222222222223,0.6125,0.39222222222222225,0.5308333333333334,0.37666666666666665,0.5458333333333333,0.37000000000000005,0.6058333333333333,0.3877777777777778
