head_top_x,head_top_y,upper_neck_x,upper_neck_y,right_shoulder_x,right_shoulder_y,right_elbow_x,right_elbow_y,right_wrist_x,right_wrist_y,thorax_x,thorax_y,left_shoulder_x,left_shoulder_y,left_elbow_x,left_elbow_y,left_wrist_x,left_wrist_y,pelvis_x,pelvis_y,right_hip_x,right_hip_y,right_knee_x,right_knee_y,right_ankle_x,right_ankle_y,left_hip_x,left_hip_y,left_knee_x,left_knee_y,left_ankle_x,left_ankle_y
0.4725,0.42111111111111116,0.4558333333333333,0.44111111111111106,0.4075,0.4988888888888889,0.3575,0.5722222222222223,0.4708333333333333,0.39444444444444443,0.43583333333333335,0.4855555555555556,0.44583333333333336,0.47444444444444445,0.5675,0.42333333333333334,0.5858333333333333,0.5366666666666666,0.4525,0.42333333333333334,0.4375,0.42333333333333334,0.4708333333333333,0.4566666666666667,0.4725,0.3877777777777778,0.4841666666666667,0.5188888888888888,0.49416666666666664,0.4633333333333333,0.4725,0.3877777777777778
