head_top_x,head_top_y,upper_neck_x,upper_neck_y,right_shoulder_x,right_shoulder_y,right_elbow_x,right_elbow_y,right_wrist_x,right_wrist_y,thorax_x,thorax_y,left_shoulder_x,left_shoulder_y,left_elbow_x,left_elbow_y,left_wrist_x,left_wrist_y,pelvis_x,pelvis_y,right_hip_x,right_hip_y,right_knee_x,right_knee_y,right_ankle_x,right_ankle_y,left_hip_x,left_hip_y,left_knee_x,left_knee_y,left_ankle_x,left_ankle_y
0.6725,0.3211111111111111,0.7558333333333334,0.20333333333333337,0.47583333333333333,0.3788888888888889,0.45916666666666667,0.47444444444444445,0.5325,0.4344444444444444,0.5425,0.4277777777777778,0.4608333333333333,0.5144444444444445,0.5441666666666667,0.39222222222222225,0.5358333333333334,0.43222222222222223,0.5058333333333334,0.37000000000000005,0.4058333333333333,0.49444444444444446,0.4741666666666667,0.42111111111111116,0.5108333333333334,0.4255555555555555,0.4975,0.34111111111111114,0.5158333333333334,0.3611111111111111,0.5075,0.26333333333333336
