head_top_x,head_top_y,upper_neck_x,upper_neck_y,right_shoulder_x,right_shoulder_y,right_elbow_x,right_elbow_y,right_wrist_x,right_wrist_y,thorax_x,thorax_y,left_shoulder_x,left_shoulder_y,left_elbow_x,left_elbow_y,left_wrist_x,left_wrist_y,pelvis_x,pelvis_y,right_hip_x,right_hip_y,right_knee_x,right_knee_y,right_ankle_x,right_ankle_y,left_hip_x,left_hip_y,left_knee_x,left_knee_y,left_ankle_x,left_ankle_y
0.47583333333333333,0.36777777777777776,0.5058333333333334,0.25,0.47583333333333333,0.24555555555555553,0.44916666666666666,0.31888888888888894,0.46416666666666667,0.4077777777777778,0.5158333333333334,0.24555555555555553,0.5641666666666667,0.23222222222222225,0.5775,0.24333333333333332,0.5841666666666666,0.3233333333333333,0.5025,0.31666666666666665,0.4725,0.30777777777777776,0.4741666666666667,0.39222222222222225,0.4608333333333333,0.49222222222222217,0.5258333333333334,0.3211111111111111,0.5491666666666667,0.3988888888888889,0.5508333333333333,0.47222222222222227
