head_top_x,head_top_y,upper_neck_x,upper_neck_y,right_shoulder_x,right_shoulder_y,right_elbow_x,right_elbow_y,right_wrist_x,right_wrist_y,thorax_x,thorax_y,left_shoulder_x,left_shoulder_y,left_elbow_x,left_elbow_y,left_wrist_x,left_wrist_y,pelvis_x,pelvis_y,right_hip_x,right_hip_y,right_knee_x,right_knee_y,right_ankle_x,right_ankle_y,left_hip_x,left_hip_y,left_knee_x,left_knee_y,left_ankle_x,left_ankle_y
0.5041666666666667,0.5011111111111112,0.5275,0.3611111111111111,0.5675,0.40111111111111114,0.5908333333333333,0.4122222222222222,0.5941666666666666,0.5077777777777778,0.5158333333333334,0.40111111111111114,0.42083333333333334,0.41,0.4775,0.44333333333333336,0.4741666666666667,0.5855555555555556,0.5291666666666667,0.3788888888888889,0.5791666666666667,0.39222222222222225,0.41583333333333333,0.39222222222222225,0.43583333333333335,0.5544444444444445,0.49083333333333334,0.4055555555555555,0.42583333333333334,0.44555555555555554,0.43916666666666665,0.5588888888888889
