head_top_x,head_top_y,upper_neck_x,upper_neck_y,right_shoulder_x,right_shoulder_y,right_elbow_x,right_elbow_y,right_wrist_x,right_wrist_y,thorax_x,thorax_y,left_shoulder_x,left_shoulder_y,left_elbow_x,left_elbow_y,left_wrist_x,left_wrist_y,pelvis_x,pelvis_y,right_hip_x,right_hip_y,right_knee_x,right_knee_y,right_ankle_x,right_ankle_y,left_hip_x,left_hip_y,left_knee_x,left_knee_y,left_ankle_x,left_ankle_y
0.4975,0.4122222222222222,0.4575,0.23444444444444446,0.4675,0.25,0.5375,0.44333333333333336,0.4691666666666667,0.34777777777777774,0.4625,0.24111111111111114,0.4675,0.26555555555555554,0.5341666666666667,0.43222222222222223,0.5958333333333333,0.5299999999999999,0.4041666666666667,0.25666666666666665,0.4175,0.29444444444444445,0.8975,0.2922222222222222,0.0625,0.3233333333333333,0.3908333333333333,0.31666666666666665,0.8458333333333333,0.34555555555555556,0.5608333333333333,0.77
