head_top_x,head_top_y,upper_neck_x,upper_neck_y,right_shoulder_x,right_shoulder_y,right_elbow_x,right_elbow_y,right_wrist_x,right_wrist_y,thorax_x,thorax_y,left_shoulder_x,left_shoulder_y,left_elbow_x,left_elbow_y,left_wrist_x,left_wrist_y,pelvis_x,pelvis_y,right_hip_x,right_hip_y,right_knee_x,right_knee_y,right_ankle_x,right_ankle_y,left_hip_x,left_hip_y,left_knee_x,left_knee_y,left_ankle_x,left_ankle_y
0.4608333333333333,0.24555555555555553,0.4691666666666667,0.43222222222222223,0.4325,0.39666666666666667,0.3908333333333333,0.4166666666666667,0.42083333333333334,0.3322222222222222,0.4675,0.4277777777777778,0.49416666666666664,0.47,0.5741666666666667,0.45,0.6291666666666667,0.5477777777777778,0.5091666666666667,0.45444444444444443,0.4875,0.4633333333333333,0.6058333333333333,0.41,0.6441666666666667,0.561111111111111,0.5391666666666667,0.44333333333333336,0.5791666666666667,0.43,0.6108333333333333,0.57
