head_top_x,head_top_y,upper_neck_x,upper_neck_y,right_shoulder_x,right_shoulder_y,right_elbow_x,right_elbow_y,right_wrist_x,right_wrist_y,thorax_x,thorax_y,left_shoulder_x,left_shoulder_y,left_elbow_x,left_elbow_y,left_wrist_x,left_wrist_y,pelvis_x,pelvis_y,right_hip_x,right_hip_y,right_knee_x,right_knee_y,right_ankle_x,right_ankle_y,left_hip_x,left_hip_y,left_knee_x,left_knee_y,left_ankle_x,left_ankle_y
0.5008333333333334,0.42111111111111116,0.4508333333333333,0.4033333333333333,0.4475,0.4033333333333333,0.44083333333333335,0.3988888888888889,0.5025,0.5144444444444445,0.48583333333333334,0.37000000000000005,0.5125,0.3744444444444444,0.5175,0.37222222222222223,0.5158333333333334,0.44555555555555554,0.44916666666666666,0.42111111111111116,0.4425,0.4344444444444444,0.4525,0.3655555555555556,0.49583333333333335,0.2922222222222222,0.4775,0.41888888888888887,0.5025,0.31444444444444447,0.5025,0.27444444444444444
