head_top_x,head_top_y,upper_neck_x,upper_neck_y,right_shoulder_x,right_shoulder_y,right_elbow_x,right_elbow_y,right_wrist_x,right_wrist_y,thorax_x,thorax_y,left_shoulder_x,left_shoulder_y,left_elbow_x,left_elbow_y,left_wrist_x,left_wrist_y,pelvis_x,pelvis_y,right_hip_x,right_hip_y,right_knee_x,right_knee_y,right_ankle_x,right_ankle_y,left_hip_x,left_hip_y,left_knee_x,left_knee_y,left_ankle_x,left_ankle_y
0.2975,0.45444444444444443,0.42083333333333334,0.45444444444444443,0.4225,0.4566666666666667,0.3975,0.5344444444444445,0.38416666666666666,0.5877777777777777,0.4191666666666667,0.4588888888888889,0.4075,0.4611111111111111,0.3858333333333333,0.5366666666666666,0.36916666666666664,0.6233333333333334,0.5191666666666667,0.45444444444444443,0.5191666666666667,0.44111111111111106,0.5741666666666667,0.33,0.6541666666666667,0.20777777777777776,0.5241666666666667,0.46555555555555556,0.5858333333333333,0.31666666666666665,0.6408333333333334,0.21444444444444444
