head_top_x,head_top_y,upper_neck_x,upper_neck_y,right_shoulder_x,right_shoulder_y,right_elbow_x,right_elbow_y,right_wrist_x,right_wrist_y,thorax_x,thorax_y,left_shoulder_x,left_shoulder_y,left_elbow_x,left_elbow_y,left_wrist_x,left_wrist_y,pelvis_x,pelvis_y,right_hip_x,right_hip_y,right_knee_x,right_knee_y,right_ankle_x,right_ankle_y,left_hip_x,left_hip_y,left_knee_x,left_knee_y,left_ankle_x,left_ankle_y
0.49916666666666665,0.4277777777777778,0.5025,0.43,0.12416666666666666,0.1988888888888889,0.5625,0.49444444444444446,0.4841666666666667,0.3055555555555556,0.1375,0.24111111111111114,0.10583333333333333,0.14777777777777779,0.5691666666666667,0.49,0.49416666666666664,0.2611111111111111,0.32416666666666666,0.3811111111111111,0.3475,0.4077777777777778,0.4875,0.43,0.5091666666666667,0.31,0.3641666666666667,0.3566666666666667,0.5058333333333334,0.4277777777777778,0.5025,0.33666666666666667
