head_top_x,head_top_y,upper_neck_x,upper_neck_y,right_shoulder_x,right_shoulder_y,right_elbow_x,right_elbow_y,right_wrist_x,right_wrist_y,thorax_x,thorax_y,left_shoulder_x,left_shoulder_y,left_elbow_x,left_elbow_y,left_wrist_x,left_wrist_y,pelvis_x,pelvis_y,right_hip_x,right_hip_y,right_knee_x,right_knee_y,right_ankle_x,right_ankle_y,left_hip_x,left_hip_y,left_knee_x,left_knee_y,left_ankle_x,left_ankle_y
0.4191666666666667,0.1677777777777778,0.4875,0.3433333333333333,0.4275,0.3566666666666667,0.4225,0.33,0.4325,0.23888888888888885,0.49083333333333334,0.34111111111111114,0.5358333333333334,0.31666666666666665,0.4925,0.3233333333333333,0.4508333333333333,0.39222222222222225,0.4508333333333333,0.44111111111111106,0.4425,0.4122222222222222,0.4058333333333333,0.32555555555555554,0.42916666666666664,0.2188888888888889,0.4625,0.45222222222222225,0.4575,0.21666666666666665,0.42916666666666664,0.20555555555555557
