head_top_x,head_top_y,upper_neck_x,upper_neck_y,right_shoulder_x,right_shoulder_y,right_elbow_x,right_elbow_y,right_wrist_x,right_wrist_y,thorax_x,thorax_y,left_shoulder_x,left_shoulder_y,left_elbow_x,left_elbow_y,left_wrist_x,left_wrist_y,pelvis_x,pelvis_y,right_hip_x,right_hip_y,right_knee_x,right_knee_y,right_ankle_x,right_ankle_y,left_hip_x,left_hip_y,left_knee_x,left_knee_y,left_ankle_x,left_ankle_y
0.6091666666666666,0.07666666666666666,0.5391666666666667,0.09000000000000001,0.48083333333333333,0.09888888888888887,0.4625,0.21666666666666665,0.49916666666666665,0.3011111111111111,0.5391666666666667,0.09444444444444444,0.5958333333333333,0.09888888888888887,0.5958333333333333,0.20555555555555557,0.5908333333333333,0.29000000000000004,0.5041666666666667,0.21444444444444444,0.4675,0.20333333333333337,0.4575,0.34555555555555556,0.4191666666666667,0.45,0.5375,0.21666666666666665,0.5858333333333333,0.33888888888888885,0.5558333333333333,0.44111111111111106
