head_top_x,head_top_y,upper_neck_x,upper_neck_y,right_shoulder_x,right_shoulder_y,right_elbow_x,right_elbow_y,right_wrist_x,right_wrist_y,thorax_x,thorax_y,left_shoulder_x,left_shoulder_y,left_elbow_x,left_elbow_y,left_wrist_x,left_wrist_y,pelvis_x,pelvis_y,right_hip_x,right_hip_y,right_knee_x,right_knee_y,right_ankle_x,right_ankle_y,left_hip_x,left_hip_y,left_knee_x,left_knee_y,left_ankle_x,left_ankle_y
0.6058333333333333,0.5477777777777778,0.5841666666666666,0.4277777777777778,0.5958333333333333,0.43222222222222223,0.5775,0.4477777777777778,0.31916666666666665,0.4477777777777778,0.5908333333333333,0.44333333333333336,0.5958333333333333,0.45222222222222225,0.47583333333333333,0.4611111111111111,0.5941666666666666,0.47222222222222227,0.49916666666666665,0.43,0.5008333333333334,0.4166666666666667,0.41083333333333333,0.4277777777777778,0.3925,0.4055555555555555,0.4925,0.4344444444444444,0.4775,0.43,0.3675,0.44333333333333336
