head_top_x,head_top_y,upper_neck_x,upper_neck_y,right_shoulder_x,right_shoulder_y,right_elbow_x,right_elbow_y,right_wrist_x,right_wrist_y,thorax_x,thorax_y,left_shoulder_x,left_shoulder_y,left_elbow_x,left_elbow_y,left_wrist_x,left_wrist_y,pelvis_x,pelvis_y,right_hip_x,right_hip_y,right_knee_x,right_knee_y,right_ankle_x,right_ankle_y,left_hip_x,left_hip_y,left_knee_x,left_knee_y,left_ankle_x,left_ankle_y
0.5641666666666667,0.4166666666666667,0.5008333333333334,0.2988888888888889,0.47583333333333333,0.31444444444444447,0.6158333333333333,0.44111111111111106,0.6458333333333334,0.5188888888888888,0.5075,0.3233333333333333,0.5091666666666667,0.31444444444444447,0.5958333333333333,0.4277777777777778,0.6458333333333334,0.5011111111111112,0.48583333333333334,0.3611111111111111,0.5808333333333333,0.4477777777777778,0.4691666666666667,0.3344444444444445,0.41583333333333333,0.3988888888888889,0.4175,0.25666666666666665,0.5575,0.4277777777777778,0.5775,0.45
