head_top_x,head_top_y,upper_neck_x,upper_neck_y,right_shoulder_x,right_shoulder_y,right_elbow_x,right_elbow_y,right_wrist_x,right_wrist_y,thorax_x,thorax_y,left_shoulder_x,left_shoulder_y,left_elbow_x,left_elbow_y,left_wrist_x,left_wrist_y,pelvis_x,pelvis_y,right_hip_x,right_hip_y,right_knee_x,right_knee_y,right_ankle_x,right_ankle_y,left_hip_x,left_hip_y,left_knee_x,left_knee_y,left_ankle_x,left_ankle_y
0.4925,0.3877777777777778,0.5425,0.31222222222222223,0.4741666666666667,0.44333333333333336,0.4775,0.4033333333333333,0.44416666666666665,0.4366666666666667,0.5858333333333333,0.5544444444444445,0.5591666666666667,0.5477777777777778,0.49416666666666664,0.49666666666666665,0.3575,0.43222222222222223,0.4558333333333333,0.4633333333333333,0.4325,0.44555555555555554,0.5375,0.3566666666666667,0.5808333333333333,0.33666666666666667,0.5441666666666667,0.5277777777777778,0.4875,0.3833333333333333,0.5458333333333333,0.3566666666666667
