head_top_x,head_top_y,upper_neck_x,upper_neck_y,right_shoulder_x,right_shoulder_y,right_elbow_x,right_elbow_y,right_wrist_x,right_wrist_y,thorax_x,thorax_y,left_shoulder_x,left_shoulder_y,left_elbow_x,left_elbow_y,left_wrist_x,left_wrist_y,pelvis_x,pelvis_y,right_hip_x,right_hip_y,right_knee_x,right_knee_y,right_ankle_x,right_ankle_y,left_hip_x,left_hip_y,left_knee_x,left_knee_y,left_ankle_x,left_ankle_y
0.3275,0.46555555555555556,0.45916666666666667,0.4255555555555555,0.48583333333333334,0.42333333333333334,0.5508333333333333,0.5188888888888888,0.5241666666666667,0.5855555555555556,0.4625,0.41888888888888887,0.49416666666666664,0.42111111111111116,0.3541666666666667,0.3788888888888889,0.5325,0.581111111111111,0.5191666666666667,0.35888888888888887,0.5158333333333334,0.3566666666666667,0.5475,0.35000000000000003,0.5858333333333333,0.34777777777777774,0.5191666666666667,0.34777777777777774,0.5325,0.3344444444444445,0.5841666666666666,0.35000000000000003
