head_top_x,head_top_y,upper_neck_x,upper_neck_y,right_shoulder_x,right_shoulder_y,right_elbow_x,right_elbow_y,right_wrist_x,right_wrist_y,thorax_x,thorax_y,left_shoulder_x,left_shoulder_y,left_elbow_x,left_elbow_y,left_wrist_x,left_wrist_y,pelvis_x,pelvis_y,right_hip_x,right_hip_y,right_knee_x,right_knee_y,right_ankle_x,right_ankle_y,left_hip_x,left_hip_y,left_knee_x,left_knee_y,left_ankle_x,left_ankle_y
0.5375,0.40111111111111114,0.5241666666666667,0.3811111111111111,0.4241666666666667,0.33888888888888885,0.5325,0.35888888888888887,0.5625,0.2988888888888889,0.5425,0.2988888888888889,0.3958333333333333,0.37666666666666665,0.5441666666666667,0.3433333333333333,0.5558333333333333,0.29666666666666663,0.5725,0.29666666666666663,0.5658333333333333,0.29444444444444445,0.4741666666666667,0.4366666666666667,0.4975,0.45,0.42083333333333334,0.3655555555555556,0.5358333333333334,0.3811111111111111,0.5225,0.3744444444444444
