head_top_x,head_top_y,upper_neck_x,upper_neck_y,right_shoulder_x,right_shoulder_y,right_elbow_x,right_elbow_y,right_wrist_x,right_wrist_y,thorax_x,thorax_y,left_shoulder_x,left_shoulder_y,left_elbow_x,left_elbow_y,left_wrist_x,left_wrist_y,pelvis_x,pelvis_y,right_hip_x,right_hip_y,right_knee_x,right_knee_y,right_ankle_x,right_ankle_y,left_hip_x,left_hip_y,left_knee_x,left_knee_y,left_ankle_x,left_ankle_y
0.4608333333333333,0.31222222222222223,0.5108333333333334,0.4477777777777778,0.49416666666666664,0.44111111111111106,0.3958333333333333,0.4611111111111111,0.4275,0.5455555555555556,0.5058333333333334,0.4477777777777778,0.5191666666666667,0.4344444444444444,0.6241666666666666,0.45,0.6008333333333333,0.5344444444444445,0.4691666666666667,0.39222222222222225,0.44083333333333335,0.38999999999999996,0.4041666666666667,0.37222222222222223,0.43416666666666665,0.3433333333333333,0.4741666666666667,0.3744444444444444,0.45916666666666667,0.37222222222222223,0.4525,0.34555555555555556
