head_top_x,head_top_y,upper_neck_x,upper_neck_y,right_shoulder_x,right_shoulder_y,right_elbow_x,right_elbow_y,right_wrist_x,right_wrist_y,thorax_x,thorax_y,left_shoulder_x,left_shoulder_y,left_elbow_x,left_elbow_y,left_wrist_x,left_wrist_y,pelvis_x,pelvis_y,right_hip_x,right_hip_y,right_knee_x,right_knee_y,right_ankle_x,right_ankle_y,left_hip_x,left_hip_y,left_knee_x,left_knee_y,left_ankle_x,left_ankle_y
0.7325,0.8877777777777779,0.07916666666666666,0.9655555555555555,0.5341666666666667,0.3788888888888889,0.019166666666666665,-0.0008333333333333334,0.9108333333333334,0.5522222222222223,0.19583333333333333,0.7655555555555557,0.9841666666666666,1.0,0.9191666666666667,0.49666666666666665,0.2275,0.14555555555555555,0.2575,0.13888888888888887,0.2425,0.15444444444444447,0.4008333333333333,0.15888888888888889,0.49916666666666665,0.3611111111111111,0.19583333333333333,0.09444444444444444,0.18416666666666667,0.6855555555555556,0.5025,0.34555555555555556
