head_top_x,head_top_y,upper_neck_x,upper_neck_y,right_shoulder_x,right_shoulder_y,right_elbow_x,right_elbow_y,right_wrist_x,right_wrist_y,thorax_x,thorax_y,left_shoulder_x,left_shoulder_y,left_elbow_x,left_elbow_y,left_wrist_x,left_wrist_y,pelvis_x,pelvis_y,right_hip_x,right_hip_y,right_knee_x,right_knee_y,right_ankle_x,right_ankle_y,left_hip_x,left_hip_y,left_knee_x,left_knee_y,left_ankle_x,left_ankle_y
0.5258333333333334,0.4855555555555556,0.5525,0.4988888888888889,0.5241666666666667,0.4366666666666667,0.5258333333333334,0.49444444444444446,0.5025,0.3855555555555556,0.5091666666666667,0.5433333333333333,0.6125,0.5033333333333333,0.5475,0.5055555555555555,0.5241666666666667,0.5099999999999999,0.4925,0.5011111111111112,0.4791666666666667,0.4988888888888889,0.4775,0.39444444444444443,0.49916666666666665,0.3055555555555556,0.5125,0.5122222222222222,0.5108333333333334,0.3233333333333333,0.4925,0.31
