head_top_x,head_top_y,upper_neck_x,upper_neck_y,right_shoulder_x,right_shoulder_y,right_elbow_x,right_elbow_y,right_wrist_x,right_wrist_y,thorax_x,thorax_y,left_shoulder_x,left_shoulder_y,left_elbow_x,left_elbow_y,left_wrist_x,left_wrist_y,pelvis_x,pelvis_y,right_hip_x,right_hip_y,right_knee_x,right_knee_y,right_ankle_x,right_ankle_y,left_hip_x,left_hip_y,left_knee_x,left_knee_y,left_ankle_x,left_ankle_y
0.5075,0.29000000000000004,0.5358333333333334,0.41888888888888887,0.5258333333333334,0.2833333333333334,0.5158333333333334,0.34555555555555556,0.5641666666666667,0.4366666666666667,0.3591666666666667,0.3655555555555556,0.5208333333333334,0.34111111111111114,0.5225,0.3344444444444445,0.5641666666666667,0.43,0.5158333333333334,0.3833333333333333,0.5175,0.3877777777777778,0.5041666666666667,0.35000000000000003,0.42083333333333334,0.45222222222222225,0.5175,0.37666666666666665,0.5058333333333334,0.3566666666666667,0.42916666666666664,0.45444444444444443
