head_top_x,head_top_y,upper_neck_x,upper_neck_y,right_shoulder_x,right_shoulder_y,right_elbow_x,right_elbow_y,right_wrist_x,right_wrist_y,thorax_x,thorax_y,left_shoulder_x,left_shoulder_y,left_elbow_x,left_elbow_y,left_wrist_x,left_wrist_y,pelvis_x,pelvis_y,right_hip_x,right_hip_y,right_knee_x,right_knee_y,right_ankle_x,right_ankle_y,left_hip_x,left_hip_y,left_knee_x,left_knee_y,left_ankle_x,left_ankle_y
0.5725,0.10555555555555556,0.5075,0.15444444444444447,0.47583333333333333,0.09888888888888887,0.4475,0.12333333333333334,0.3925,0.18777777777777774,0.5108333333333334,0.11888888888888889,0.5408333333333334,0.1211111111111111,0.5558333333333333,0.31888888888888894,0.5641666666666667,0.18555555555555556,0.5025,0.26555555555555554,0.4775,0.2611111111111111,0.44083333333333335,0.39666666666666667,0.4191666666666667,0.4877777777777778,0.5241666666666667,0.26555555555555554,0.5608333333333333,0.39666666666666667,0.5858333333333333,0.4766666666666666
