head_top_x,head_top_y,upper_neck_x,upper_neck_y,right_shoulder_x,right_shoulder_y,right_elbow_x,right_elbow_y,right_wrist_x,right_wrist_y,thorax_x,thorax_y,left_shoulder_x,left_shoulder_y,left_elbow_x,left_elbow_y,left_wrist_x,left_wrist_y,pelvis_x,pelvis_y,right_hip_x,right_hip_y,right_knee_x,right_knee_y,right_ankle_x,right_ankle_y,left_hip_x,left_hip_y,left_knee_x,left_knee_y,left_ankle_x,left_ankle_y
0.7658333333333334,0.2811111111111111,0.6425,0.2833333333333334,0.6508333333333334,0.3011111111111111,0.6341666666666667,0.39222222222222225,0.6541666666666667,0.5033333333333333,0.6408333333333334,0.28555555555555556,0.6291666666666667,0.2611111111111111,0.6108333333333333,0.3433333333333333,0.6408333333333334,0.45,0.48583333333333334,0.3344444444444445,0.48583333333333334,0.34555555555555556,0.37416666666666665,0.39666666666666667,0.2625,0.4877777777777778,0.4841666666666667,0.31888888888888894,0.37583333333333335,0.4033333333333333,0.2775,0.4611111111111111
