head_top_x,head_top_y,upper_neck_x,upper_neck_y,right_shoulder_x,right_shoulder_y,right_elbow_x,right_elbow_y,right_wrist_x,right_wrist_y,thorax_x,thorax_y,left_shoulder_x,left_shoulder_y,left_elbow_x,left_elbow_y,left_wrist_x,left_wrist_y,pelvis_x,pelvis_y,right_hip_x,right_hip_y,right_knee_x,right_knee_y,right_ankle_x,right_ankle_y,left_hip_x,left_hip_y,left_knee_x,left_knee_y,left_ankle_x,left_ankle_y
0.5691666666666667,0.42111111111111116,0.5108333333333334,0.39444444444444443,0.5375,0.44333333333333336,0.49916666666666665,0.45222222222222225,0.3875,0.45444444444444443,0.5308333333333334,0.4611111111111111,0.5425,0.3877777777777778,0.5008333333333334,0.3833333333333333,0.38083333333333336,0.44555555555555554,0.5525,0.5322222222222223,0.5458333333333333,0.43,0.49083333333333334,0.3277777777777778,0.5125,0.24555555555555553,0.5458333333333333,0.5544444444444445,0.5025,0.3611111111111111,0.49416666666666664,0.24555555555555553
