head_top_x,head_top_y,upper_neck_x,upper_neck_y,right_shoulder_x,right_shoulder_y,right_elbow_x,right_elbow_y,right_wrist_x,right_wrist_y,thorax_x,thorax_y,left_shoulder_x,left_shoulder_y,left_elbow_x,left_elbow_y,left_wrist_x,left_wrist_y,pelvis_x,pelvis_y,right_hip_x,right_hip_y,right_knee_x,right_knee_y,right_ankle_x,right_ankle_y,left_hip_x,left_hip_y,left_knee_x,left_knee_y,left_ankle_x,left_ankle_y
0.4075,0.4677777777777778,0.49083333333333334,0.39666666666666667,0.4841666666666667,0.3833333333333333,0.3958333333333333,0.3544444444444444,0.3958333333333333,0.49,0.4925,0.39222222222222225,0.4891666666666667,0.3855555555555556,0.38916666666666666,0.3611111111111111,0.4008333333333333,0.49666666666666665,0.5541666666666667,0.4477777777777778,0.5541666666666667,0.43,0.4625,0.5099999999999999,0.41583333333333333,0.5055555555555555,0.5708333333333333,0.46555555555555556,0.43916666666666665,0.581111111111111,0.4141666666666667,0.5433333333333333
