head_top_x,head_top_y,upper_neck_x,upper_neck_y,right_shoulder_x,right_shoulder_y,right_elbow_x,right_elbow_y,right_wrist_x,right_wrist_y,thorax_x,thorax_y,left_shoulder_x,left_shoulder_y,left_elbow_x,left_elbow_y,left_wrist_x,left_wrist_y,pelvis_x,pelvis_y,right_hip_x,right_hip_y,right_knee_x,right_knee_y,right_ankle_x,right_ankle_y,left_hip_x,left_hip_y,left_knee_x,left_knee_y,left_ankle_x,left_ankle_y
0.3958333333333333,0.5011111111111112,0.48583333333333334,0.4033333333333333,0.4975,0.4122222222222222,0.5075,0.5011111111111112,0.49583333333333335,0.5788888888888889,0.4741666666666667,0.41444444444444445,0.43916666666666665,0.41444444444444445,0.4175,0.43,0.4075,0.5388888888888889,0.5225,0.35000000000000003,0.5125,0.3344444444444445,0.5475,0.34777777777777774,0.6041666666666666,0.35000000000000003,0.5275,0.35888888888888887,0.5425,0.34111111111111114,0.5725,0.35000000000000003
