head_top_x,head_top_y,upper_neck_x,upper_neck_y,right_shoulder_x,right_shoulder_y,right_elbow_x,right_elbow_y,right_wrist_x,right_wrist_y,thorax_x,thorax_y,left_shoulder_x,left_shoulder_y,left_elbow_x,left_elbow_y,left_wrist_x,left_wrist_y,pelvis_x,pelvis_y,right_hip_x,right_hip_y,right_knee_x,right_knee_y,right_ankle_x,right_ankle_y,left_hip_x,left_hip_y,left_knee_x,left_knee_y,left_ankle_x,left_ankle_y
0.6625,0.5455555555555556,0.5558333333333333,0.4633333333333333,0.5291666666666667,0.4588888888888889,0.4625,0.45222222222222225,0.3725,0.37222222222222223,0.5308333333333334,0.4566666666666667,0.5291666666666667,0.4388888888888889,0.45916666666666667,0.5033333333333333,0.4875,0.5677777777777777,0.5091666666666667,0.4811111111111111,0.4475,0.3988888888888889,0.4425,0.3988888888888889,0.4425,0.39222222222222225,0.4691666666666667,0.3211111111111111,0.4825,0.39222222222222225,0.4608333333333333,0.3655555555555556
