head_top_x,head_top_y,upper_neck_x,upper_neck_y,right_shoulder_x,right_shoulder_y,right_elbow_x,right_elbow_y,right_wrist_x,right_wrist_y,thorax_x,thorax_y,left_shoulder_x,left_shoulder_y,left_elbow_x,left_elbow_y,left_wrist_x,left_wrist_y,pelvis_x,pelvis_y,right_hip_x,right_hip_y,right_knee_x,right_knee_y,right_ankle_x,right_ankle_y,left_hip_x,left_hip_y,left_knee_x,left_knee_y,left_ankle_x,left_ankle_y
0.6158333333333333,0.11444444444444446,0.5258333333333334,0.16333333333333333,0.4741666666666667,0.14555555555555555,0.4575,0.2988888888888889,0.5175,0.38999999999999996,0.5375,0.12333333333333334,0.6008333333333333,0.10777777777777779,0.6358333333333334,0.21444444444444444,0.6825,0.31222222222222223,0.5025,0.25666666666666665,0.4658333333333333,0.2611111111111111,0.49416666666666664,0.41888888888888887,0.45916666666666667,0.5011111111111112,0.5375,0.25,0.6058333333333333,0.37222222222222223,0.5775,0.46555555555555556
