head_top_x,head_top_y,upper_neck_x,upper_neck_y,right_shoulder_x,right_shoulder_y,right_elbow_x,right_elbow_y,right_wrist_x,right_wrist_y,thorax_x,thorax_y,left_shoulder_x,left_shoulder_y,left_elbow_x,left_elbow_y,left_wrist_x,left_wrist_y,pelvis_x,pelvis_y,right_hip_x,right_hip_y,right_knee_x,right_knee_y,right_ankle_x,right_ankle_y,left_hip_x,left_hip_y,left_knee_x,left_knee_y,left_ankle_x,left_ankle_y
0.5025,0.35000000000000003,0.5191666666666667,0.3833333333333333,0.4241666666666667,0.3877777777777778,0.5541666666666667,0.5011111111111112,0.5441666666666667,0.4766666666666666,0.44916666666666666,0.4033333333333333,0.0125,0.5855555555555556,0.5291666666666667,0.41444444444444445,0.5225,0.41,0.5508333333333333,0.4277777777777778,0.49083333333333334,0.4388888888888889,0.43583333333333335,0.43222222222222223,0.5158333333333334,0.43,0.5491666666666667,0.4566666666666667,0.4141666666666667,0.4055555555555555,0.5091666666666667,0.4277777777777778
