head_top_x,head_top_y,upper_neck_x,upper_neck_y,right_shoulder_x,right_shoulder_y,right_elbow_x,right_elbow_y,right_wrist_x,right_wrist_y,thorax_x,thorax_y,left_shoulder_x,left_shoulder_y,left_elbow_x,left_elbow_y,left_wrist_x,left_wrist_y,pelvis_x,pelvis_y,right_hip_x,right_hip_y,right_knee_x,right_knee_y,right_ankle_x,right_ankle_y,left_hip_x,left_hip_y,left_knee_x,left_knee_y,left_ankle_x,left_ankle_y
0.5258333333333334,0.43,0.5475,0.4988888888888889,0.6058333333333333,0.3855555555555556,0.4575,0.4611111111111111,0.41083333333333333,0.5322222222222223,0.5291666666666667,0.4788888888888889,0.5691666666666667,0.4766666666666666,0.4575,0.4611111111111111,0.5325,0.35888888888888887,0.5291666666666667,0.5255555555555556,0.5225,0.5188888888888888,0.4475,0.4788888888888889,0.5258333333333334,0.37222222222222223,0.5508333333333333,0.5144444444444445,0.4575,0.4766666666666666,0.5191666666666667,0.3833333333333333
