head_top_x,head_top_y,upper_neck_x,upper_neck_y,right_shoulder_x,right_shoulder_y,right_elbow_x,right_elbow_y,right_wrist_x,right_wrist_y,thorax_x,thorax_y,left_shoulder_x,left_shoulder_y,left_elbow_x,left_elbow_y,left_wrist_x,left_wrist_y,pelvis_x,pelvis_y,right_hip_x,right_hip_y,right_knee_x,right_knee_y,right_ankle_x,right_ankle_y,left_hip_x,left_hip_y,left_knee_x,left_knee_y,left_ankle_x,left_ankle_y
0.6008333333333333,0.31444444444444447,0.5491666666666667,0.3655555555555556,0.5191666666666667,0.3277777777777778,0.4241666666666667,0.39444444444444443,0.32916666666666666,0.3233333333333333,0.5341666666666667,0.3833333333333333,0.5241666666666667,0.4677777777777778,0.5191666666666667,0.43222222222222223,0.46416666666666667,0.44111111111111106,0.44916666666666666,0.49222222222222217,0.44416666666666665,0.4277777777777778,0.7091666666666666,0.1988888888888889,0.3275,0.3211111111111111,0.4775,0.5011111111111112,0.7258333333333333,0.22777777777777777,0.3408333333333333,0.3211111111111111
