head_top_x,head_top_y,upper_neck_x,upper_neck_y,right_shoulder_x,right_shoulder_y,right_elbow_x,right_elbow_y,right_wrist_x,right_wrist_y,thorax_x,thorax_y,left_shoulder_x,left_shoulder_y,left_elbow_x,left_elbow_y,left_wrist_x,left_wrist_y,pelvis_x,pelvis_y,right_hip_x,right_hip_y,right_knee_x,right_knee_y,right_ankle_x,right_ankle_y,left_hip_x,left_hip_y,left_knee_x,left_knee_y,left_ankle_x,left_ankle_y
0.5291666666666667,0.0011111111111110998,0.5008333333333334,0.17,0.4575,0.15666666666666665,0.38916666666666666,0.1611111111111111,0.31583333333333335,0.15666666666666665,0.5025,0.15666666666666665,0.5425,0.16333333333333333,0.6258333333333334,0.1722222222222222,0.7041666666666667,0.16333333333333333,0.49416666666666664,0.34111111111111114,0.49583333333333335,0.34111111111111114,0.6275,0.36333333333333334,0.6425,0.48333333333333334,0.49583333333333335,0.3433333333333333,0.3775,0.41,0.6558333333333334,0.5433333333333333
