head_top_x,head_top_y,upper_neck_x,upper_neck_y,right_shoulder_x,right_shoulder_y,right_elbow_x,right_elbow_y,right_wrist_x,right_wrist_y,thorax_x,thorax_y,left_shoulder_x,left_shoulder_y,left_elbow_x,left_elbow_y,left_wrist_x,left_wrist_y,pelvis_x,pelvis_y,right_hip_x,right_hip_y,right_knee_x,right_knee_y,right_ankle_x,right_ankle_y,left_hip_x,left_hip_y,left_knee_x,left_knee_y,left_ankle_x,left_ankle_y
0.5058333333333334,0.5277777777777778,0.48583333333333334,0.3855555555555556,0.4791666666666667,0.4033333333333333,0.39416666666666667,0.33666666666666667,0.44916666666666666,0.29000000000000004,0.4875,0.4122222222222222,0.49583333333333335,0.4033333333333333,0.5525,0.43,0.5625,0.5677777777777777,0.5141666666666667,0.49,0.43916666666666665,0.39222222222222225,0.5541666666666667,0.34777777777777774,0.43583333333333335,0.2677777777777777,0.4975,0.4766666666666666,0.5075,0.4766666666666666,0.5525,0.561111111111111
