head_top_x,head_top_y,upper_neck_x,upper_neck_y,right_shoulder_x,right_shoulder_y,right_elbow_x,right_elbow_y,right_wrist_x,right_wrist_y,thorax_x,thorax_y,left_shoulder_x,left_shoulder_y,left_elbow_x,left_elbow_y,left_wrist_x,left_wrist_y,pelvis_x,pelvis_y,right_hip_x,right_hip_y,right_knee_x,right_knee_y,right_ankle_x,right_ankle_y,left_hip_x,left_hip_y,left_knee_x,left_knee_y,left_ankle_x,left_ankle_y
0.4091666666666667,0.43,0.5275,0.2588888888888889,0.5475,0.3055555555555556,0.5191666666666667,0.3011111111111111,0.5958333333333333,0.4277777777777778,0.5041666666666667,0.21444444444444444,0.5758333333333333,0.28555555555555556,0.5025,0.31,0.6091666666666666,0.44555555555555554,0.4058333333333333,0.39666666666666667,0.5091666666666667,0.3522222222222222,0.5141666666666667,0.3211111111111111,0.41583333333333333,0.43222222222222223,0.4675,0.5322222222222223,0.49416666666666664,0.3233333333333333,0.43083333333333335,0.41444444444444445
