head_top_x,head_top_y,upper_neck_x,upper_neck_y,right_shoulder_x,right_shoulder_y,right_elbow_x,right_elbow_y,right_wrist_x,right_wrist_y,thorax_x,thorax_y,left_shoulder_x,left_shoulder_y,left_elbow_x,left_elbow_y,left_wrist_x,left_wrist_y,pelvis_x,pelvis_y,right_hip_x,right_hip_y,right_knee_x,right_knee_y,right_ankle_x,right_ankle_y,left_hip_x,left_hip_y,left_knee_x,left_knee_y,left_ankle_x,left_ankle_y
0.4975,0.3544444444444444,0.4841666666666667,0.22999999999999998,0.44583333333333336,0.25666666666666665,0.4225,0.3433333333333333,0.4608333333333333,0.3655555555555556,0.49083333333333334,0.2588888888888889,0.5291666666666667,0.2522222222222222,0.5658333333333333,0.33888888888888885,0.5208333333333334,0.3833333333333333,0.4875,0.32555555555555554,0.4675,0.31666666666666665,0.44916666666666666,0.39444444444444443,0.4608333333333333,0.4633333333333333,0.5125,0.3233333333333333,0.5275,0.3788888888888889,0.5525,0.47
