head_top_x,head_top_y,upper_neck_x,upper_neck_y,right_shoulder_x,right_shoulder_y,right_elbow_x,right_elbow_y,right_wrist_x,right_wrist_y,thorax_x,thorax_y,left_shoulder_x,left_shoulder_y,left_elbow_x,left_elbow_y,left_wrist_x,left_wrist_y,pelvis_x,pelvis_y,right_hip_x,right_hip_y,right_knee_x,right_knee_y,right_ankle_x,right_ankle_y,left_hip_x,left_hip_y,left_knee_x,left_knee_y,left_ankle_x,left_ankle_y
0.6708333333333333,0.42333333333333334,0.4241666666666667,0.29000000000000004,0.4708333333333333,0.35888888888888887,0.6091666666666666,0.38999999999999996,0.6625,0.4811111111111111,0.43416666666666665,0.34555555555555556,0.6925,0.42111111111111116,0.6141666666666666,0.38999999999999996,0.6741666666666667,0.45222222222222225,0.6325,0.44111111111111106,0.6491666666666667,0.42333333333333334,0.5158333333333334,0.3322222222222222,0.6575,0.46555555555555556,0.6408333333333334,0.4033333333333333,0.5125,0.3344444444444445,0.3908333333333333,0.2922222222222222
