head_top_x,head_top_y,upper_neck_x,upper_neck_y,right_shoulder_x,right_shoulder_y,right_elbow_x,right_elbow_y,right_wrist_x,right_wrist_y,thorax_x,thorax_y,left_shoulder_x,left_shoulder_y,left_elbow_x,left_elbow_y,left_wrist_x,left_wrist_y,pelvis_x,pelvis_y,right_hip_x,right_hip_y,right_knee_x,right_knee_y,right_ankle_x,right_ankle_y,left_hip_x,left_hip_y,left_knee_x,left_knee_y,left_ankle_x,left_ankle_y
0.5541666666666667,0.31,0.5175,0.40111111111111114,0.5058333333333334,0.4344444444444444,0.4225,0.44333333333333336,0.35583333333333333,0.41444444444444445,0.5241666666666667,0.4277777777777778,0.5125,0.4633333333333333,0.4275,0.4788888888888889,0.5391666666666667,0.37000000000000005,0.5008333333333334,0.03222222222222223,0.4608333333333333,0.02999999999999999,0.4608333333333333,0.02111111111111112,0.5058333333333334,0.3433333333333333,0.5808333333333333,0.0788888888888889,0.5758333333333333,0.023333333333333317,0.5208333333333334,0.3611111111111111
