head_top_x,head_top_y,upper_neck_x,upper_neck_y,right_shoulder_x,right_shoulder_y,right_elbow_x,right_elbow_y,right_wrist_x,right_wrist_y,thorax_x,thorax_y,left_shoulder_x,left_shoulder_y,left_elbow_x,left_elbow_y,left_wrist_x,left_wrist_y,pelvis_x,pelvis_y,right_hip_x,right_hip_y,right_knee_x,right_knee_y,right_ankle_x,right_ankle_y,left_hip_x,left_hip_y,left_knee_x,left_knee_y,left_ankle_x,left_ankle_y
0.4741666666666667,0.3211111111111111,0.5575,0.45222222222222225,0.5391666666666667,0.45222222222222225,0.49083333333333334,0.49666666666666665,0.4658333333333333,0.3611111111111111,0.5558333333333333,0.47,0.5425,0.44111111111111106,0.5025,0.4766666666666666,0.4741666666666667,0.35888888888888887,0.5091666666666667,0.5566666666666666,0.48583333333333334,0.5433333333333333,0.48583333333333334,0.46555555555555556,0.4841666666666667,0.38999999999999996,0.49583333333333335,0.63,0.49916666666666665,0.45222222222222225,0.4708333333333333,0.3655555555555556
