head_top_x,head_top_y,upper_neck_x,upper_neck_y,right_shoulder_x,right_shoulder_y,right_elbow_x,right_elbow_y,right_wrist_x,right_wrist_y,thorax_x,thorax_y,left_shoulder_x,left_shoulder_y,left_elbow_x,left_elbow_y,left_wrist_x,left_wrist_y,pelvis_x,pelvis_y,right_hip_x,right_hip_y,right_knee_x,right_knee_y,right_ankle_x,right_ankle_y,left_hip_x,left_hip_y,left_knee_x,left_knee_y,left_ankle_x,left_ankle_y
0.4525,0.11666666666666665,0.5008333333333334,0.22999999999999998,0.5258333333333334,0.19444444444444442,0.4025,0.20333333333333337,0.3308333333333333,0.23222222222222225,0.5025,0.21444444444444444,0.48583333333333334,0.19000000000000003,0.41083333333333333,0.20555555555555557,0.3308333333333333,0.5122222222222222,0.49916666666666665,0.3544444444444444,0.5075,0.3433333333333333,0.19416666666666665,0.24555555555555553,0.24416666666666667,0.25666666666666665,0.49416666666666664,0.36333333333333334,0.18416666666666667,0.23444444444444446,0.22583333333333333,0.23666666666666666
