head_top_x,head_top_y,upper_neck_x,upper_neck_y,right_shoulder_x,right_shoulder_y,right_elbow_x,right_elbow_y,right_wrist_x,right_wrist_y,thorax_x,thorax_y,left_shoulder_x,left_shoulder_y,left_elbow_x,left_elbow_y,left_wrist_x,left_wrist_y,pelvis_x,pelvis_y,right_hip_x,right_hip_y,right_knee_x,right_knee_y,right_ankle_x,right_ankle_y,left_hip_x,left_hip_y,left_knee_x,left_knee_y,left_ankle_x,left_ankle_y
0.5791666666666667,0.24555555555555553,0.49583333333333335,0.4122222222222222,0.45416666666666666,0.3988888888888889,0.3958333333333333,0.4122222222222222,0.30916666666666665,0.4477777777777778,0.4975,0.4277777777777778,0.5325,0.47444444444444445,0.5575,0.3788888888888889,0.5791666666666667,0.3277777777777778,0.4658333333333333,0.43,0.44416666666666665,0.40111111111111114,0.4241666666666667,0.3988888888888889,0.44916666666666666,0.3522222222222222,0.4691666666666667,0.4255555555555555,0.4575,0.39222222222222225,0.4708333333333333,0.35888888888888887
