head_top_x,head_top_y,upper_neck_x,upper_neck_y,right_shoulder_x,right_shoulder_y,right_elbow_x,right_elbow_y,right_wrist_x,right_wrist_y,thorax_x,thorax_y,left_shoulder_x,left_shoulder_y,left_elbow_x,left_elbow_y,left_wrist_x,left_wrist_y,pelvis_x,pelvis_y,right_hip_x,right_hip_y,right_knee_x,right_knee_y,right_ankle_x,right_ankle_y,left_hip_x,left_hip_y,left_knee_x,left_knee_y,left_ankle_x,left_ankle_y
0.46416666666666667,0.49444444444444446,0.4225,0.40111111111111114,0.4025,0.3855555555555556,0.4091666666666667,0.43222222222222223,0.35083333333333333,0.5033333333333333,0.42916666666666664,0.39444444444444443,0.44583333333333336,0.37666666666666665,0.4775,0.4277777777777778,0.4091666666666667,0.5633333333333334,0.5025,0.24555555555555553,0.4925,0.23888888888888885,0.4425,0.41,0.5891666666666666,0.40111111111111114,0.5125,0.24555555555555553,0.5958333333333333,0.39444444444444443,0.6075,0.42333333333333334
