head_top_x,head_top_y,upper_neck_x,upper_neck_y,right_shoulder_x,right_shoulder_y,right_elbow_x,right_elbow_y,right_wrist_x,right_wrist_y,thorax_x,thorax_y,left_shoulder_x,left_shoulder_y,left_elbow_x,left_elbow_y,left_wrist_x,left_wrist_y,pelvis_x,pelvis_y,right_hip_x,right_hip_y,right_knee_x,right_knee_y,right_ankle_x,right_ankle_y,left_hip_x,left_hip_y,left_knee_x,left_knee_y,left_ankle_x,left_ankle_y
0.2658333333333333,0.3744444444444444,0.4025,0.3655555555555556,0.39916666666666667,0.3833333333333333,0.38916666666666666,0.46555555555555556,0.3925,0.5477777777777778,0.4025,0.37666666666666665,0.39916666666666667,0.3611111111111111,0.4008333333333333,0.2522222222222222,0.42083333333333334,0.1366666666666667,0.5425,0.3855555555555556,0.5425,0.37666666666666665,0.6258333333333334,0.40111111111111114,0.6875,0.4077777777777778,0.5475,0.3811111111111111,0.6391666666666667,0.40111111111111114,0.6958333333333333,0.4122222222222222
