head_top_x,head_top_y,upper_neck_x,upper_neck_y,right_shoulder_x,right_shoulder_y,right_elbow_x,right_elbow_y,right_wrist_x,right_wrist_y,thorax_x,thorax_y,left_shoulder_x,left_shoulder_y,left_elbow_x,left_elbow_y,left_wrist_x,left_wrist_y,pelvis_x,pelvis_y,right_hip_x,right_hip_y,right_knee_x,right_knee_y,right_ankle_x,right_ankle_y,left_hip_x,left_hip_y,left_knee_x,left_knee_y,left_ankle_x,left_ankle_y
0.5025,0.18777777777777774,0.4841666666666667,0.36333333333333334,0.49416666666666664,0.4255555555555555,0.4825,0.4033333333333333,0.4625,0.5388888888888889,0.4775,0.41888888888888887,0.5141666666666667,0.41,0.5108333333333334,0.3566666666666667,0.5025,0.12777777777777777,0.4841666666666667,0.42111111111111116,0.4658333333333333,0.4366666666666667,0.4891666666666667,0.23666666666666666,0.5091666666666667,0.1722222222222222,0.4875,0.4988888888888889,0.5025,0.21444444444444444,0.5025,0.15666666666666665
