head_top_x,head_top_y,upper_neck_x,upper_neck_y,right_shoulder_x,right_shoulder_y,right_elbow_x,right_elbow_y,right_wrist_x,right_wrist_y,thorax_x,thorax_y,left_shoulder_x,left_shoulder_y,left_elbow_x,left_elbow_y,left_wrist_x,left_wrist_y,pelvis_x,pelvis_y,right_hip_x,right_hip_y,right_knee_x,right_knee_y,right_ankle_x,right_ankle_y,left_hip_x,left_hip_y,left_knee_x,left_knee_y,left_ankle_x,left_ankle_y
0.48083333333333333,0.3522222222222222,0.35583333333333333,0.48333333333333334,0.3825,0.3988888888888889,0.4708333333333333,0.5166666666666666,0.6058333333333333,0.4255555555555555,0.3875,0.33,0.4375,0.3277777777777778,0.47583333333333333,0.47444444444444445,0.5991666666666666,0.4344444444444444,0.2625,0.4566666666666667,0.2875,0.3788888888888889,0.44416666666666665,0.6722222222222222,0.4608333333333333,0.9122222222222223,0.3175,0.4855555555555556,0.4141666666666667,0.6255555555555555,0.4225,0.8566666666666666
