head_top_x,head_top_y,upper_neck_x,upper_neck_y,right_shoulder_x,right_shoulder_y,right_elbow_x,right_elbow_y,right_wrist_x,right_wrist_y,thorax_x,thorax_y,left_shoulder_x,left_shoulder_y,left_elbow_x,left_elbow_y,left_wrist_x,left_wrist_y,pelvis_x,pelvis_y,right_hip_x,right_hip_y,right_knee_x,right_knee_y,right_ankle_x,right_ankle_y,left_hip_x,left_hip_y,left_knee_x,left_knee_y,left_ankle_x,left_ankle_y
0.41083333333333333,0.19444444444444442,0.44083333333333335,0.3788888888888889,0.4175,0.3655555555555556,0.44083333333333335,0.44555555555555554,0.4125,0.47,0.43416666666666665,0.37000000000000005,0.44583333333333336,0.3744444444444444,0.4708333333333333,0.4677777777777778,0.4625,0.5633333333333334,0.5425,0.4366666666666667,0.5375,0.4277777777777778,0.5625,0.41,0.6725,0.35000000000000003,0.5475,0.44111111111111106,0.6175,0.43222222222222223,0.7008333333333333,0.38999999999999996
