head_top_x,head_top_y,upper_neck_x,upper_neck_y,right_shoulder_x,right_shoulder_y,right_elbow_x,right_elbow_y,right_wrist_x,right_wrist_y,thorax_x,thorax_y,left_shoulder_x,left_shoulder_y,left_elbow_x,left_elbow_y,left_wrist_x,left_wrist_y,pelvis_x,pelvis_y,right_hip_x,right_hip_y,right_knee_x,right_knee_y,right_ankle_x,right_ankle_y,left_hip_x,left_hip_y,left_knee_x,left_knee_y,left_ankle_x,left_ankle_y
0.4925,0.18555555555555556,0.42916666666666664,0.47444444444444445,0.4325,0.4877777777777778,0.6291666666666667,0.05666666666666668,0.5958333333333333,0.25,0.5908333333333333,0.14555555555555555,0.5641666666666667,0.18777777777777774,0.5441666666666667,0.47222222222222227,0.5875,0.27444444444444444,0.4475,0.4611111111111111,0.43416666666666665,0.4588888888888889,0.43416666666666665,0.4588888888888889,0.41083333333333333,0.4344444444444444,0.4675,0.4588888888888889,0.5158333333333334,0.4611111111111111,0.5725,0.2833333333333334
