head_top_x,head_top_y,upper_neck_x,upper_neck_y,right_shoulder_x,right_shoulder_y,right_elbow_x,right_elbow_y,right_wrist_x,right_wrist_y,thorax_x,thorax_y,left_shoulder_x,left_shoulder_y,left_elbow_x,left_elbow_y,left_wrist_x,left_wrist_y,pelvis_x,pelvis_y,right_hip_x,right_hip_y,right_knee_x,right_knee_y,right_ankle_x,right_ankle_y,left_hip_x,left_hip_y,left_knee_x,left_knee_y,left_ankle_x,left_ankle_y
0.3625,0.34555555555555556,0.4091666666666667,0.5099999999999999,0.35083333333333333,0.5144444444444445,0.2941666666666667,0.5855555555555556,0.30416666666666664,0.7211111111111111,0.4058333333333333,0.4855555555555556,0.45916666666666667,0.4611111111111111,0.5275,0.44333333333333336,0.5825,0.43222222222222223,0.3925,0.7433333333333333,0.3175,0.7166666666666667,0.6991666666666667,0.47,0.7291666666666666,0.5722222222222223,0.36583333333333334,0.7077777777777778,0.6591666666666667,0.45444444444444443,0.5958333333333333,0.4633333333333333
