head_top_x,head_top_y,upper_neck_x,upper_neck_y,right_shoulder_x,right_shoulder_y,right_elbow_x,right_elbow_y,right_wrist_x,right_wrist_y,thorax_x,thorax_y,left_shoulder_x,left_shoulder_y,left_elbow_x,left_elbow_y,left_wrist_x,left_wrist_y,pelvis_x,pelvis_y,right_hip_x,right_hip_y,right_knee_x,right_knee_y,right_ankle_x,right_ankle_y,left_hip_x,left_hip_y,left_knee_x,left_knee_y,left_ankle_x,left_ankle_y
0.42583333333333334,0.57,0.46416666666666667,0.4077777777777778,0.4475,0.44111111111111106,0.4325,0.4855555555555556,0.3675,0.5722222222222223,0.45916666666666667,0.42111111111111116,0.46416666666666667,0.4166666666666667,0.45916666666666667,0.4855555555555556,0.4191666666666667,0.6077777777777778,0.5175,0.31,0.5158333333333334,0.3055555555555556,0.5691666666666667,0.3811111111111111,0.6058333333333333,0.41444444444444445,0.5308333333333334,0.31,0.6425,0.45444444444444443,0.6058333333333333,0.44333333333333336
