head_top_x,head_top_y,upper_neck_x,upper_neck_y,right_shoulder_x,right_shoulder_y,right_elbow_x,right_elbow_y,right_wrist_x,right_wrist_y,thorax_x,thorax_y,left_shoulder_x,left_shoulder_y,left_elbow_x,left_elbow_y,left_wrist_x,left_wrist_y,pelvis_x,pelvis_y,right_hip_x,right_hip_y,right_knee_x,right_knee_y,right_ankle_x,right_ankle_y,left_hip_x,left_hip_y,left_knee_x,left_knee_y,left_ankle_x,left_ankle_y
0.45416666666666666,0.034444444444444465,0.4791666666666667,0.18777777777777774,0.4325,0.1722222222222222,0.4225,0.19000000000000003,0.42583333333333334,0.25,0.4741666666666667,0.17666666666666667,0.5108333333333334,0.17,0.5325,0.27,0.48083333333333333,0.30777777777777776,0.5025,0.2722222222222222,0.48083333333333333,0.2722222222222222,0.4558333333333333,0.3522222222222222,0.4608333333333333,0.45,0.5158333333333334,0.2611111111111111,0.5241666666666667,0.3655555555555556,0.5425,0.4566666666666667
