head_top_x,head_top_y,upper_neck_x,upper_neck_y,right_shoulder_x,right_shoulder_y,right_elbow_x,right_elbow_y,right_wrist_x,right_wrist_y,thorax_x,thorax_y,left_shoulder_x,left_shoulder_y,left_elbow_x,left_elbow_y,left_wrist_x,left_wrist_y,pelvis_x,pelvis_y,right_hip_x,right_hip_y,right_knee_x,right_knee_y,right_ankle_x,right_ankle_y,left_hip_x,left_hip_y,left_knee_x,left_knee_y,left_ankle_x,left_ankle_y
0.4241666666666667,0.35888888888888887,0.44583333333333336,0.3544444444444444,0.41583333333333333,0.37222222222222223,0.42583333333333334,0.3788888888888889,0.41083333333333333,0.4166666666666667,0.38916666666666666,0.2922222222222222,0.3858333333333333,0.3811111111111111,0.43916666666666665,0.3855555555555556,0.6775,0.4611111111111111,0.5191666666666667,0.39222222222222225,0.6425,0.4811111111111111,0.5025,0.4055555555555555,0.4125,0.39666666666666667,0.4058333333333333,0.33888888888888885,0.5558333333333333,0.4166666666666667,0.44583333333333336,0.39222222222222225
