head_top_x,head_top_y,upper_neck_x,upper_neck_y,right_shoulder_x,right_shoulder_y,right_elbow_x,right_elbow_y,right_wrist_x,right_wrist_y,thorax_x,thorax_y,left_shoulder_x,left_shoulder_y,left_elbow_x,left_elbow_y,left_wrist_x,left_wrist_y,pelvis_x,pelvis_y,right_hip_x,right_hip_y,right_knee_x,right_knee_y,right_ankle_x,right_ankle_y,left_hip_x,left_hip_y,left_knee_x,left_knee_y,left_ankle_x,left_ankle_y
0.6308333333333334,0.47,0.5975,0.4588888888888889,0.6341666666666667,0.47,0.5458333333333333,0.3566666666666667,0.42583333333333334,0.3033333333333333,0.5925,0.4633333333333333,0.6275,0.4588888888888889,0.5425,0.3988888888888889,0.44416666666666665,0.2811111111111111,0.4041666666666667,0.3344444444444445,0.4058333333333333,0.33888888888888885,0.3825,0.5211111111111112,0.36916666666666664,0.23444444444444446,0.4225,0.30777777777777776,0.3975,0.5277777777777778,0.3775,0.2477777777777778
