head_top_x,head_top_y,upper_neck_x,upper_neck_y,right_shoulder_x,right_shoulder_y,right_elbow_x,right_elbow_y,right_wrist_x,right_wrist_y,thorax_x,thorax_y,left_shoulder_x,left_shoulder_y,left_elbow_x,left_elbow_y,left_wrist_x,left_wrist_y,pelvis_x,pelvis_y,right_hip_x,right_hip_y,right_knee_x,right_knee_y,right_ankle_x,right_ankle_y,left_hip_x,left_hip_y,left_knee_x,left_knee_y,left_ankle_x,left_ankle_y
0.5075,0.33888888888888885,0.44916666666666666,0.44333333333333336,0.42083333333333334,0.4366666666666667,0.5891666666666666,0.4855555555555556,0.6658333333333334,0.49,0.44083333333333335,0.42333333333333334,0.45916666666666667,0.4077777777777778,0.5508333333333333,0.4633333333333333,0.6691666666666667,0.49222222222222217,0.09583333333333334,0.2255555555555556,0.0775,0.23888888888888885,0.12583333333333332,0.6988888888888889,0.060833333333333336,0.9566666666666667,0.1625,0.5166666666666666,0.15083333333333335,0.65,0.24583333333333332,0.9344444444444444
