head_top_x,head_top_y,upper_neck_x,upper_neck_y,right_shoulder_x,right_shoulder_y,right_elbow_x,right_elbow_y,right_wrist_x,right_wrist_y,thorax_x,thorax_y,left_shoulder_x,left_shoulder_y,left_elbow_x,left_elbow_y,left_wrist_x,left_wrist_y,pelvis_x,pelvis_y,right_hip_x,right_hip_y,right_knee_x,right_knee_y,right_ankle_x,right_ankle_y,left_hip_x,left_hip_y,left_knee_x,left_knee_y,left_ankle_x,left_ankle_y
0.5225,0.11444444444444446,0.5108333333333334,0.18111111111111108,0.5341666666666667,0.1722222222222222,0.5008333333333334,0.3055555555555556,0.43916666666666665,0.45,0.5225,0.15666666666666665,0.5258333333333334,0.13444444444444445,0.5775,0.08111111111111109,0.5725,0.08555555555555557,0.4725,0.42333333333333334,0.4675,0.42111111111111116,0.5008333333333334,0.29666666666666663,0.4891666666666667,0.1211111111111111,0.4775,0.4344444444444444,0.49916666666666665,0.2922222222222222,0.49583333333333335,0.2788888888888889
