head_top_x,head_top_y,upper_neck_x,upper_neck_y,right_shoulder_x,right_shoulder_y,right_elbow_x,right_elbow_y,right_wrist_x,right_wrist_y,thorax_x,thorax_y,left_shoulder_x,left_shoulder_y,left_elbow_x,left_elbow_y,left_wrist_x,left_wrist_y,pelvis_x,pelvis_y,right_hip_x,right_hip_y,right_knee_x,right_knee_y,right_ankle_x,right_ankle_y,left_hip_x,left_hip_y,left_knee_x,left_knee_y,left_ankle_x,left_ankle_y
0.4791666666666667,0.13,0.5141666666666667,0.23222222222222225,0.49416666666666664,0.2811111111111111,0.4558333333333333,0.5122222222222222,0.4875,0.44555555555555554,0.43916666666666665,0.5144444444444445,0.9875,1.0,0.5075,0.2722222222222222,0.5125,0.5366666666666666,0.4525,0.4788888888888889,0.44583333333333336,0.4788888888888889,0.4708333333333333,0.4122222222222222,0.5008333333333334,0.26333333333333336,0.46416666666666667,0.47,0.49416666666666664,0.4033333333333333,0.5008333333333334,0.27
