head_top_x,head_top_y,upper_neck_x,upper_neck_y,right_shoulder_x,right_shoulder_y,right_elbow_x,right_elbow_y,right_wrist_x,right_wrist_y,thorax_x,thorax_y,left_shoulder_x,left_shoulder_y,left_elbow_x,left_elbow_y,left_wrist_x,left_wrist_y,pelvis_x,pelvis_y,right_hip_x,right_hip_y,right_knee_x,right_knee_y,right_ankle_x,right_ankle_y,left_hip_x,left_hip_y,left_knee_x,left_knee_y,left_ankle_x,left_ankle_y
0.5625,0.4566666666666667,0.07583333333333334,0.49666666666666665,0.5725,0.3655555555555556,0.3858333333333333,0.05000000000000001,0.4791666666666667,0.4388888888888889,0.10416666666666667,0.46555555555555556,0.13916666666666666,-0.0008333333333333334,0.6158333333333333,0.4877777777777778,0.5541666666666667,0.4344444444444444,0.1125,0.3988888888888889,0.08583333333333333,0.3788888888888889,0.6008333333333333,0.5211111111111112,0.5125,0.39444444444444443,0.1125,0.3877777777777778,0.6125,0.5211111111111112,0.4975,0.39444444444444443
