head_top_x,head_top_y,upper_neck_x,upper_neck_y,right_shoulder_x,right_shoulder_y,right_elbow_x,right_elbow_y,right_wrist_x,right_wrist_y,thorax_x,thorax_y,left_shoulder_x,left_shoulder_y,left_elbow_x,left_elbow_y,left_wrist_x,left_wrist_y,pelvis_x,pelvis_y,right_hip_x,right_hip_y,right_knee_x,right_knee_y,right_ankle_x,right_ankle_y,left_hip_x,left_hip_y,left_knee_x,left_knee_y,left_ankle_x,left_ankle_y
0.4525,0.35000000000000003,0.4875,0.21666666666666665,0.4475,0.24111111111111114,0.42916666666666664,0.28555555555555556,0.43916666666666665,0.3744444444444444,0.48583333333333334,0.24555555555555553,0.5125,0.2233333333333333,0.5441666666666667,0.3033333333333333,0.5108333333333334,0.4033333333333333,0.49583333333333335,0.3611111111111111,0.4708333333333333,0.3744444444444444,0.45916666666666667,0.33888888888888885,0.4658333333333333,0.4255555555555555,0.49583333333333335,0.38999999999999996,0.5208333333333334,0.34777777777777774,0.5308333333333334,0.4677777777777778
