head_top_x,head_top_y,upper_neck_x,upper_neck_y,right_shoulder_x,right_shoulder_y,right_elbow_x,right_elbow_y,right_wrist_x,right_wrist_y,thorax_x,thorax_y,left_shoulder_x,left_shoulder_y,left_elbow_x,left_elbow_y,left_wrist_x,left_wrist_y,pelvis_x,pelvis_y,right_hip_x,right_hip_y,right_knee_x,right_knee_y,right_ankle_x,right_ankle_y,left_hip_x,left_hip_y,left_knee_x,left_knee_y,left_ankle_x,left_ankle_y
0.4975,0.1922222222222222,0.5075,0.3833333333333333,0.48583333333333334,0.3811111111111111,0.43916666666666665,0.49222222222222217,0.4608333333333333,0.6833333333333332,0.5058333333333334,0.36333333333333334,0.5525,0.41,0.5858333333333333,0.5322222222222223,0.6058333333333333,0.6633333333333334,0.49916666666666665,0.42111111111111116,0.4725,0.41444444444444445,0.4825,0.5433333333333333,0.5091666666666667,0.4388888888888889,0.5341666666666667,0.4366666666666667,0.5241666666666667,0.561111111111111,0.4891666666666667,0.49222222222222217
