head_top_x,head_top_y,upper_neck_x,upper_neck_y,right_shoulder_x,right_shoulder_y,right_elbow_x,right_elbow_y,right_wrist_x,right_wrist_y,thorax_x,thorax_y,left_shoulder_x,left_shoulder_y,left_elbow_x,left_elbow_y,left_wrist_x,left_wrist_y,pelvis_x,pelvis_y,right_hip_x,right_hip_y,right_knee_x,right_knee_y,right_ankle_x,right_ankle_y,left_hip_x,left_hip_y,left_knee_x,left_knee_y,left_ankle_x,left_ankle_y
0.5425,-0.0008333333333333334,0.5225,0.17888888888888888,0.5341666666666667,0.17888888888888888,0.5725,0.27,0.6341666666666667,0.35888888888888887,0.5241666666666667,0.17444444444444449,0.5175,0.17,0.5708333333333333,0.26333333333333336,0.6191666666666666,0.3611111111111111,0.5125,0.36777777777777776,0.5141666666666667,0.36777777777777776,0.5675,0.5166666666666666,0.5908333333333333,0.6566666666666667,0.5141666666666667,0.36333333333333334,0.5625,0.5122222222222222,0.6025,0.6388888888888888
