head_top_x,head_top_y,upper_neck_x,upper_neck_y,right_shoulder_x,right_shoulder_y,right_elbow_x,right_elbow_y,right_wrist_x,right_wrist_y,thorax_x,thorax_y,left_shoulder_x,left_shoulder_y,left_elbow_x,left_elbow_y,left_wrist_x,left_wrist_y,pelvis_x,pelvis_y,right_hip_x,right_hip_y,right_knee_x,right_knee_y,right_ankle_x,right_ankle_y,left_hip_x,left_hip_y,left_knee_x,left_knee_y,left_ankle_x,left_ankle_y
0.4608333333333333,0.25666666666666665,0.5058333333333334,0.16333333333333333,0.44583333333333336,0.1611111111111111,0.4375,0.2255555555555556,0.4425,0.2544444444444445,0.5041666666666667,0.1722222222222222,0.5575,0.15888888888888889,0.5725,0.1922222222222222,0.5791666666666667,0.2788888888888889,0.5008333333333334,0.3433333333333333,0.4675,0.34111111111111114,0.4658333333333333,0.47,0.4691666666666667,0.57,0.5358333333333334,0.33888888888888885,0.5241666666666667,0.4811111111111111,0.5308333333333334,0.6077777777777778
