head_top_x,head_top_y,upper_neck_x,upper_neck_y,right_shoulder_x,right_shoulder_y,right_elbow_x,right_elbow_y,right_wrist_x,right_wrist_y,thorax_x,thorax_y,left_shoulder_x,left_shoulder_y,left_elbow_x,left_elbow_y,left_wrist_x,left_wrist_y,pelvis_x,pelvis_y,right_hip_x,right_hip_y,right_knee_x,right_knee_y,right_ankle_x,right_ankle_y,left_hip_x,left_hip_y,left_knee_x,left_knee_y,left_ankle_x,left_ankle_y
0.46416666666666667,0.05666666666666668,0.5025,0.20555555555555557,0.5041666666666667,0.2188888888888889,0.5225,0.30777777777777776,0.5591666666666667,0.42333333333333334,0.5025,0.2255555555555556,0.5025,0.21666666666666665,0.5541666666666667,0.12777777777777777,0.5808333333333333,0.03222222222222223,0.4841666666666667,0.37000000000000005,0.49916666666666665,0.38999999999999996,0.5075,0.29444444444444445,0.4575,0.4344444444444444,0.49083333333333334,0.45,0.4625,0.3877777777777778,0.42916666666666664,0.4877777777777778
