head_top_x,head_top_y,upper_neck_x,upper_neck_y,right_shoulder_x,right_shoulder_y,right_elbow_x,right_elbow_y,right_wrist_x,right_wrist_y,thorax_x,thorax_y,left_shoulder_x,left_shoulder_y,left_elbow_x,left_elbow_y,left_wrist_x,left_wrist_y,pelvis_x,pelvis_y,right_hip_x,right_hip_y,right_knee_x,right_knee_y,right_ankle_x,right_ankle_y,left_hip_x,left_hip_y,left_knee_x,left_knee_y,left_ankle_x,left_ankle_y
0.5491666666666667,0.4366666666666667,0.49083333333333334,0.43,0.4975,0.41,0.42583333333333334,0.40111111111111114,0.4275,0.5188888888888888,0.5091666666666667,0.43,0.5041666666666667,0.41,0.42916666666666664,0.4077777777777778,0.5241666666666667,0.5188888888888888,0.4675,0.5033333333333333,0.4658333333333333,0.4855555555555556,0.4425,0.4588888888888889,0.4375,0.5388888888888889,0.4708333333333333,0.5411111111111112,0.4658333333333333,0.45,0.43083333333333335,0.5411111111111112
