head_top_x,head_top_y,upper_neck_x,upper_neck_y,right_shoulder_x,right_shoulder_y,right_elbow_x,right_elbow_y,right_wrist_x,right_wrist_y,thorax_x,thorax_y,left_shoulder_x,left_shoulder_y,left_elbow_x,left_elbow_y,left_wrist_x,left_wrist_y,pelvis_x,pelvis_y,right_hip_x,right_hip_y,right_knee_x,right_knee_y,right_ankle_x,right_ankle_y,left_hip_x,left_hip_y,left_knee_x,left_knee_y,left_ankle_x,left_ankle_y
0.5975,0.3611111111111111,0.5408333333333334,0.38999999999999996,0.5058333333333334,0.41,0.5658333333333333,0.35888888888888887,0.5625,0.36777777777777776,0.5208333333333334,0.42111111111111116,0.5008333333333334,0.39444444444444443,0.4708333333333333,0.3855555555555556,0.5791666666666667,0.3611111111111111,0.4675,0.44555555555555554,0.44583333333333336,0.4366666666666667,0.42916666666666664,0.41444444444444445,0.25583333333333336,0.46555555555555556,0.3875,0.5566666666666666,0.4691666666666667,0.3988888888888889,0.5091666666666667,0.37222222222222223
