head_top_x,head_top_y,upper_neck_x,upper_neck_y,right_shoulder_x,right_shoulder_y,right_elbow_x,right_elbow_y,right_wrist_x,right_wrist_y,thorax_x,thorax_y,left_shoulder_x,left_shoulder_y,left_elbow_x,left_elbow_y,left_wrist_x,left_wrist_y,pelvis_x,pelvis_y,right_hip_x,right_hip_y,right_knee_x,right_knee_y,right_ankle_x,right_ankle_y,left_hip_x,left_hip_y,left_knee_x,left_knee_y,left_ankle_x,left_ankle_y
0.4041666666666667,0.39444444444444443,0.5191666666666667,0.43222222222222223,0.44416666666666665,0.4077777777777778,0.4675,0.4166666666666667,0.5641666666666667,0.3877777777777778,0.08083333333333333,0.4255555555555555,0.07583333333333334,0.2522222222222222,0.6058333333333333,0.3811111111111111,0.5958333333333333,0.3788888888888889,0.43416666666666665,0.5299999999999999,0.43583333333333335,0.4277777777777778,0.45916666666666667,0.41888888888888887,0.3875,0.42333333333333334,0.42083333333333334,0.5455555555555556,0.48083333333333333,0.4255555555555555,0.4075,0.44111111111111106
