head_top_x,head_top_y,upper_neck_x,upper_neck_y,right_shoulder_x,right_shoulder_y,right_elbow_x,right_elbow_y,right_wrist_x,right_wrist_y,thorax_x,thorax_y,left_shoulder_x,left_shoulder_y,left_elbow_x,left_elbow_y,left_wrist_x,left_wrist_y,pelvis_x,pelvis_y,right_hip_x,right_hip_y,right_knee_x,right_knee_y,right_ankle_x,right_ankle_y,left_hip_x,left_hip_y,left_knee_x,left_knee_y,left_ankle_x,left_ankle_y
0.5341666666666667,0.37000000000000005,0.4841666666666667,0.4366666666666667,0.5008333333333334,0.45,0.6058333333333333,0.5411111111111112,0.5758333333333333,0.6277777777777778,0.4825,0.4388888888888889,0.4741666666666667,0.45444444444444443,0.3525,0.4766666666666666,0.37583333333333335,0.5655555555555556,0.48083333333333333,0.4255555555555555,0.49083333333333334,0.4388888888888889,0.5158333333333334,0.26555555555555554,0.5808333333333333,0.26555555555555554,0.45916666666666667,0.42333333333333334,0.43916666666666665,0.5744444444444444,0.5208333333333334,0.2544444444444445
