head_top_x,head_top_y,upper_neck_x,upper_neck_y,right_shoulder_x,right_shoulder_y,right_elbow_x,right_elbow_y,right_wrist_x,right_wrist_y,thorax_x,thorax_y,left_shoulder_x,left_shoulder_y,left_elbow_x,left_elbow_y,left_wrist_x,left_wrist_y,pelvis_x,pelvis_y,right_hip_x,right_hip_y,right_knee_x,right_knee_y,right_ankle_x,right_ankle_y,left_hip_x,left_hip_y,left_knee_x,left_knee_y,left_ankle_x,left_ankle_y
0.6183035714285714,0.4672619047619047,0.515625,0.4136904761904762,0.4799107142857143,0.4136904761904762,0.4174107142857143,0.4255952380952381,0.40848214285714285,0.4375,0.5200892857142857,0.41964285714285715,0.5870535714285714,0.4077380952380953,0.5915178571428571,0.5089285714285715,0.6138392857142857,0.5327380952380952,0.44419642857142855,0.5148809523809524,0.40401785714285715,0.4375,0.39955357142857145,0.43154761904761907,0.4174107142857143,0.4255952380952381,0.4799107142857143,0.5029761904761906,0.3861607142857143,0.6755952380952381,0.4174107142857143,0.4375
