head_top_x,head_top_y,upper_neck_x,upper_neck_y,right_shoulder_x,right_shoulder_y,right_elbow_x,right_elbow_y,right_wrist_x,right_wrist_y,thorax_x,thorax_y,left_shoulder_x,left_shoulder_y,left_elbow_x,left_elbow_y,left_wrist_x,left_wrist_y,pelvis_x,pelvis_y,right_hip_x,right_hip_y,right_knee_x,right_knee_y,right_ankle_x,right_ankle_y,left_hip_x,left_hip_y,left_knee_x,left_knee_y,left_ankle_x,left_ankle_y
0.40848214285714285,0.6160714285714285,0.41294642857142855,0.5148809523809524,0.3950892857142857,0.5208333333333334,0.484375,0.44345238095238093,0.49776785714285715,0.6934523809523809,0.40848214285714285,0.5029761904761906,0.39955357142857145,0.5208333333333334,0.5379464285714286,0.6101190476190476,0.49776785714285715,0.6934523809523809,0.5647321428571429,0.47321428571428575,0.5870535714285714,0.45535714285714285,0.7165178571428571,0.5505952380952381,0.265625,0.1636904761904762,0.5870535714285714,0.4851190476190476,0.13616071428571427,0.5565476190476191,0.265625,0.1875
