head_top_x,head_top_y,upper_neck_x,upper_neck_y,right_shoulder_x,right_shoulder_y,right_elbow_x,right_elbow_y,right_wrist_x,right_wrist_y,thorax_x,thorax_y,left_shoulder_x,left_shoulder_y,left_elbow_x,left_elbow_y,left_wrist_x,left_wrist_y,pelvis_x,pelvis_y,right_hip_x,right_hip_y,right_knee_x,right_knee_y,right_ankle_x,right_ankle_y,left_hip_x,left_hip_y,left_knee_x,left_knee_y,left_ankle_x,left_ankle_y
0.6316964285714286,0.4375,0.5245535714285714,0.3660714285714286,0.4888392857142857,0.34821428571428575,0.4575892857142857,0.4672619047619047,0.47098214285714285,0.5982142857142857,0.5334821428571429,0.37797619047619047,0.5915178571428571,0.37202380952380953,0.6183035714285714,0.4613095238095238,0.609375,0.5744047619047619,0.4575892857142857,0.3125,0.4486607142857143,0.31845238095238093,0.44419642857142855,0.45535714285714285,0.46651785714285715,0.5803571428571428,0.47098214285714285,0.3005952380952381,0.5870535714285714,0.3839285714285714,0.5647321428571429,0.5267857142857143
