head_top_x,head_top_y,upper_neck_x,upper_neck_y,right_shoulder_x,right_shoulder_y,right_elbow_x,right_elbow_y,right_wrist_x,right_wrist_y,thorax_x,thorax_y,left_shoulder_x,left_shoulder_y,left_elbow_x,left_elbow_y,left_wrist_x,left_wrist_y,pelvis_x,pelvis_y,right_hip_x,right_hip_y,right_knee_x,right_knee_y,right_ankle_x,right_ankle_y,left_hip_x,left_hip_y,left_knee_x,left_knee_y,left_ankle_x,left_ankle_y
0.28348214285714285,0.41964285714285715,0.4174107142857143,0.37202380952380953,0.3950892857142857,0.3244047619047619,0.40401785714285715,0.4851190476190476,0.40848214285714285,0.5863095238095238,0.4174107142857143,0.37797619047619047,0.4263392857142857,0.3125,0.453125,0.14583333333333334,0.6316964285714286,0.3363095238095238,0.5825892857142857,0.3660714285714286,0.5736607142857143,0.3601190476190476,0.49776785714285715,0.5089285714285715,0.4486607142857143,0.5863095238095238,0.609375,0.3363095238095238,0.5379464285714286,0.4910714285714286,0.515625,0.5922619047619048
