head_top_x,head_top_y,upper_neck_x,upper_neck_y,right_shoulder_x,right_shoulder_y,right_elbow_x,right_elbow_y,right_wrist_x,right_wrist_y,thorax_x,thorax_y,left_shoulder_x,left_shoulder_y,left_elbow_x,left_elbow_y,left_wrist_x,left_wrist_y,pelvis_x,pelvis_y,right_hip_x,right_hip_y,right_knee_x,right_knee_y,right_ankle_x,right_ankle_y,left_hip_x,left_hip_y,left_knee_x,left_knee_y,left_ankle_x,left_ankle_y
0.4799107142857143,0.08035714285714286,0.4799107142857143,0.30654761904761907,0.49776785714285715,0.20535714285714288,0.5111607142857143,0.34821428571428575,0.6316964285714286,0.45535714285714285,0.484375,0.24702380952380953,0.453125,0.3125,0.49330357142857145,0.34821428571428575,0.5915178571428571,0.4375,0.46651785714285715,0.3898809523809524,0.46205357142857145,0.3839285714285714,0.6450892857142857,0.4851190476190476,0.12723214285714285,0.41964285714285715,0.453125,0.3898809523809524,0.6495535714285714,0.4851190476190476,0.31026785714285715,0.18154761904761907
