head_top_x,head_top_y,upper_neck_x,upper_neck_y,right_shoulder_x,right_shoulder_y,right_elbow_x,right_elbow_y,right_wrist_x,right_wrist_y,thorax_x,thorax_y,left_shoulder_x,left_shoulder_y,left_elbow_x,left_elbow_y,left_wrist_x,left_wrist_y,pelvis_x,pelvis_y,right_hip_x,right_hip_y,right_knee_x,right_knee_y,right_ankle_x,right_ankle_y,left_hip_x,left_hip_y,left_knee_x,left_knee_y,left_ankle_x,left_ankle_y
0.33705357142857145,0.14583333333333334,0.421875,0.2708333333333333,0.453125,0.2589285714285714,0.5602678571428571,0.45535714285714285,0.6897321428571429,0.5565476190476191,0.43526785714285715,0.2827380952380953,0.41294642857142855,0.2589285714285714,0.5424107142857143,0.4375,0.453125,0.4136904761904762,0.6495535714285714,0.5744047619047619,0.6674107142857143,0.5684523809523809,0.5379464285714286,0.44345238095238093,0.6897321428571429,0.6279761904761906,0.6674107142857143,0.5744047619047619,0.703125,0.5744047619047619,0.6852678571428571,0.6160714285714285
