head_top_x,head_top_y,upper_neck_x,upper_neck_y,right_shoulder_x,right_shoulder_y,right_elbow_x,right_elbow_y,right_wrist_x,right_wrist_y,thorax_x,thorax_y,left_shoulder_x,left_shoulder_y,left_elbow_x,left_elbow_y,left_wrist_x,left_wrist_y,pelvis_x,pelvis_y,right_hip_x,right_hip_y,right_knee_x,right_knee_y,right_ankle_x,right_ankle_y,left_hip_x,left_hip_y,left_knee_x,left_knee_y,left_ankle_x,left_ankle_y
0.5290178571428571,0.13988095238095236,0.453125,0.2648809523809524,0.47544642857142855,0.22916666666666666,0.5111607142857143,0.17559523809523805,0.5379464285714286,0.4672619047619047,0.4575892857142857,0.2589285714285714,0.44419642857142855,0.4136904761904762,0.49330357142857145,0.16964285714285712,0.484375,0.2708333333333333,0.28348214285714285,0.22916666666666666,0.2924107142857143,0.20535714285714288,0.19419642857142858,0.20535714285714288,0.06919642857142858,0.22321428571428573,0.265625,0.20535714285714288,0.18973214285714285,0.19940476190476195,0.08258928571428571,0.22916666666666666
