head_top_x,head_top_y,upper_neck_x,upper_neck_y,right_shoulder_x,right_shoulder_y,right_elbow_x,right_elbow_y,right_wrist_x,right_wrist_y,thorax_x,thorax_y,left_shoulder_x,left_shoulder_y,left_elbow_x,left_elbow_y,left_wrist_x,left_wrist_y,pelvis_x,pelvis_y,right_hip_x,right_hip_y,right_knee_x,right_knee_y,right_ankle_x,right_ankle_y,left_hip_x,left_hip_y,left_knee_x,left_knee_y,left_ankle_x,left_ankle_y
0.5691964285714286,0.22916666666666666,0.5334821428571429,0.3958333333333333,0.546875,0.4136904761904762,0.4799107142857143,0.4613095238095238,0.5825892857142857,0.3005952380952381,0.5424107142857143,0.40178571428571425,0.5111607142857143,0.43154761904761907,0.390625,0.3898809523809524,0.43973214285714285,0.47321428571428575,0.41294642857142855,0.45535714285714285,0.40848214285714285,0.47321428571428575,0.38169642857142855,0.41964285714285715,0.328125,0.5803571428571428,0.4174107142857143,0.4494047619047619,0.37276785714285715,0.40178571428571425,0.328125,0.5922619047619048
