head_top_x,head_top_y,upper_neck_x,upper_neck_y,right_shoulder_x,right_shoulder_y,right_elbow_x,right_elbow_y,right_wrist_x,right_wrist_y,thorax_x,thorax_y,left_shoulder_x,left_shoulder_y,left_elbow_x,left_elbow_y,left_wrist_x,left_wrist_y,pelvis_x,pelvis_y,right_hip_x,right_hip_y,right_knee_x,right_knee_y,right_ankle_x,right_ankle_y,left_hip_x,left_hip_y,left_knee_x,left_knee_y,left_ankle_x,left_ankle_y
0.46651785714285715,0.20535714285714288,0.5022321428571429,0.33035714285714285,0.4575892857142857,0.3363095238095238,0.46205357142857145,0.33035714285714285,0.49330357142857145,0.18154761904761907,0.5022321428571429,0.34821428571428575,0.5424107142857143,0.31845238095238093,0.5602678571428571,0.3839285714285714,0.5111607142857143,0.17559523809523805,0.4575892857142857,0.5386904761904762,0.43526785714285715,0.5327380952380952,0.40848214285714285,0.5505952380952381,0.4575892857142857,0.8125,0.5200892857142857,0.6458333333333334,0.5379464285714286,0.6755952380952381,0.515625,0.6815476190476191
