head_top_x,head_top_y,upper_neck_x,upper_neck_y,right_shoulder_x,right_shoulder_y,right_elbow_x,right_elbow_y,right_wrist_x,right_wrist_y,thorax_x,thorax_y,left_shoulder_x,left_shoulder_y,left_elbow_x,left_elbow_y,left_wrist_x,left_wrist_y,pelvis_x,pelvis_y,right_hip_x,right_hip_y,right_knee_x,right_knee_y,right_ankle_x,right_ankle_y,left_hip_x,left_hip_y,left_knee_x,left_knee_y,left_ankle_x,left_ankle_y
0.6763392857142857,0.41964285714285715,0.6227678571428571,0.4791666666666667,0.6227678571428571,0.45535714285714285,0.515625,0.37202380952380953,0.421875,0.3839285714285714,0.6138392857142857,0.4851190476190476,0.43973214285714285,0.3839285714285714,0.515625,0.37797619047619047,0.4174107142857143,0.37797619047619047,0.41294642857142855,0.43154761904761907,0.41294642857142855,0.4136904761904762,0.31026785714285715,0.40178571428571425,0.609375,0.4375,0.41294642857142855,0.4375,0.3950892857142857,0.3898809523809524,0.19419642857142858,0.5744047619047619
