head_top_x,head_top_y,upper_neck_x,upper_neck_y,right_shoulder_x,right_shoulder_y,right_elbow_x,right_elbow_y,right_wrist_x,right_wrist_y,thorax_x,thorax_y,left_shoulder_x,left_shoulder_y,left_elbow_x,left_elbow_y,left_wrist_x,left_wrist_y,pelvis_x,pelvis_y,right_hip_x,right_hip_y,right_knee_x,right_knee_y,right_ankle_x,right_ankle_y,left_hip_x,left_hip_y,left_knee_x,left_knee_y,left_ankle_x,left_ankle_y
0.49776785714285715,0.17559523809523805,0.5290178571428571,0.31845238095238093,0.47544642857142855,0.29464285714285715,0.40401785714285715,0.37202380952380953,0.640625,0.47321428571428575,0.5245535714285714,0.30654761904761907,0.5870535714285714,0.3244047619047619,0.6227678571428571,0.41964285714285715,0.6763392857142857,0.5148809523809524,0.4263392857142857,0.4375,0.40401785714285715,0.43154761904761907,0.515625,0.47321428571428575,0.3549107142857143,0.44345238095238093,0.4575892857142857,0.4255952380952381,0.546875,0.4791666666666667,0.3549107142857143,0.4375
