head_top_x,head_top_y,upper_neck_x,upper_neck_y,right_shoulder_x,right_shoulder_y,right_elbow_x,right_elbow_y,right_wrist_x,right_wrist_y,thorax_x,thorax_y,left_shoulder_x,left_shoulder_y,left_elbow_x,left_elbow_y,left_wrist_x,left_wrist_y,pelvis_x,pelvis_y,right_hip_x,right_hip_y,right_knee_x,right_knee_y,right_ankle_x,right_ankle_y,left_hip_x,left_hip_y,left_knee_x,left_knee_y,left_ankle_x,left_ankle_y
0.265625,0.5327380952380952,0.37723214285714285,0.4851190476190476,0.38169642857142855,0.49702380952380953,0.46205357142857145,0.5803571428571428,0.43973214285714285,0.6220238095238094,0.37723214285714285,0.4851190476190476,0.38169642857142855,0.4851190476190476,0.46651785714285715,0.6041666666666666,0.43526785714285715,0.6220238095238094,0.5379464285714286,0.43154761904761907,0.5334821428571429,0.43154761904761907,0.6227678571428571,0.3244047619047619,0.7254464285714286,0.40178571428571425,0.5290178571428571,0.4375,0.6227678571428571,0.3244047619047619,0.7165178571428571,0.40178571428571425
