head_top_x,head_top_y,upper_neck_x,upper_neck_y,right_shoulder_x,right_shoulder_y,right_elbow_x,right_elbow_y,right_wrist_x,right_wrist_y,thorax_x,thorax_y,left_shoulder_x,left_shoulder_y,left_elbow_x,left_elbow_y,left_wrist_x,left_wrist_y,pelvis_x,pelvis_y,right_hip_x,right_hip_y,right_knee_x,right_knee_y,right_ankle_x,right_ankle_y,left_hip_x,left_hip_y,left_knee_x,left_knee_y,left_ankle_x,left_ankle_y
0.3236607142857143,0.6517857142857143,0.421875,0.5505952380952381,0.4263392857142857,0.5267857142857143,0.5334821428571429,0.5744047619047619,0.5111607142857143,0.6220238095238094,0.421875,0.5327380952380952,0.40401785714285715,0.5148809523809524,0.33705357142857145,0.44345238095238093,0.2924107142857143,0.37797619047619047,0.5513392857142857,0.3422619047619047,0.546875,0.3541666666666667,0.6897321428571429,0.27678571428571425,0.6941964285714286,0.30654761904761907,0.5424107142857143,0.3422619047619047,0.6227678571428571,0.2351190476190476,0.6941964285714286,0.3005952380952381
