head_top_x,head_top_y,upper_neck_x,upper_neck_y,right_shoulder_x,right_shoulder_y,right_elbow_x,right_elbow_y,right_wrist_x,right_wrist_y,thorax_x,thorax_y,left_shoulder_x,left_shoulder_y,left_elbow_x,left_elbow_y,left_wrist_x,left_wrist_y,pelvis_x,pelvis_y,right_hip_x,right_hip_y,right_knee_x,right_knee_y,right_ankle_x,right_ankle_y,left_hip_x,left_hip_y,left_knee_x,left_knee_y,left_ankle_x,left_ankle_y
0.4799107142857143,0.1517857142857143,0.49776785714285715,0.3363095238095238,0.515625,0.33035714285714285,0.44419642857142855,0.3898809523809524,0.4174107142857143,0.5089285714285715,0.49776785714285715,0.3363095238095238,0.5022321428571429,0.3363095238095238,0.44419642857142855,0.3898809523809524,0.421875,0.4851190476190476,0.484375,0.5267857142857143,0.47544642857142855,0.5267857142857143,0.43080357142857145,0.5863095238095238,0.41294642857142855,0.5565476190476191,0.4799107142857143,0.5148809523809524,0.40848214285714285,0.5922619047619048,0.40401785714285715,0.5684523809523809
