head_top_x,head_top_y,upper_neck_x,upper_neck_y,right_shoulder_x,right_shoulder_y,right_elbow_x,right_elbow_y,right_wrist_x,right_wrist_y,thorax_x,thorax_y,left_shoulder_x,left_shoulder_y,left_elbow_x,left_elbow_y,left_wrist_x,left_wrist_y,pelvis_x,pelvis_y,right_hip_x,right_hip_y,right_knee_x,right_knee_y,right_ankle_x,right_ankle_y,left_hip_x,left_hip_y,left_knee_x,left_knee_y,left_ankle_x,left_ankle_y
0.6629464285714286,0.4136904761904762,0.5691964285714286,0.40178571428571425,0.6495535714285714,0.4613095238095238,0.4174107142857143,0.43154761904761907,0.3236607142857143,0.4910714285714286,0.5825892857142857,0.4255952380952381,0.6316964285714286,0.44345238095238093,0.41294642857142855,0.44345238095238093,0.37723214285714285,0.6101190476190476,0.49776785714285715,0.3363095238095238,0.49776785714285715,0.33035714285714285,0.6049107142857143,0.7648809523809524,0.6272321428571429,0.9434523809523809,0.484375,0.31845238095238093,0.6183035714285714,0.7529761904761906,0.6316964285714286,0.9315476190476191
