head_top_x,head_top_y,upper_neck_x,upper_neck_y,right_shoulder_x,right_shoulder_y,right_elbow_x,right_elbow_y,right_wrist_x,right_wrist_y,thorax_x,thorax_y,left_shoulder_x,left_shoulder_y,left_elbow_x,left_elbow_y,left_wrist_x,left_wrist_y,pelvis_x,pelvis_y,right_hip_x,right_hip_y,right_knee_x,right_knee_y,right_ankle_x,right_ankle_y,left_hip_x,left_hip_y,left_knee_x,left_knee_y,left_ankle_x,left_ankle_y
0.7700892857142857,0.056547619047619034,0.7120535714285714,0.19345238095238093,0.7075892857142857,0.20535714285714288,0.49776785714285715,0.3898809523809524,0.40848214285714285,0.3839285714285714,0.703125,0.20535714285714288,0.7075892857142857,0.21726190476190474,0.5022321428571429,0.3898809523809524,0.41294642857142855,0.3839285714285714,0.43080357142857145,0.41964285714285715,0.43973214285714285,0.4136904761904762,0.36830357142857145,0.3541666666666667,0.8816964285714286,0.25297619047619047,0.43526785714285715,0.41964285714285715,0.3950892857142857,0.3898809523809524,0.8861607142857143,0.24702380952380953
