head_top_x,head_top_y,upper_neck_x,upper_neck_y,right_shoulder_x,right_shoulder_y,right_elbow_x,right_elbow_y,right_wrist_x,right_wrist_y,thorax_x,thorax_y,left_shoulder_x,left_shoulder_y,left_elbow_x,left_elbow_y,left_wrist_x,left_wrist_y,pelvis_x,pelvis_y,right_hip_x,right_hip_y,right_knee_x,right_knee_y,right_ankle_x,right_ankle_y,left_hip_x,left_hip_y,left_knee_x,left_knee_y,left_ankle_x,left_ankle_y
0.34151785714285715,0.08035714285714286,0.43080357142857145,0.21726190476190474,0.4174107142857143,0.22321428571428573,0.390625,0.33035714285714285,0.38169642857142855,0.3601190476190476,0.43526785714285715,0.20535714285714288,0.4486607142857143,0.2113095238095238,0.5200892857142857,0.3363095238095238,0.453125,0.4077380952380953,0.5066964285714286,0.33035714285714285,0.4888392857142857,0.3363095238095238,0.41294642857142855,0.4255952380952381,0.4888392857142857,0.5089285714285715,0.5245535714285714,0.3363095238095238,0.5022321428571429,0.49702380952380953,0.5022321428571429,0.5029761904761906
