head_top_x,head_top_y,upper_neck_x,upper_neck_y,right_shoulder_x,right_shoulder_y,right_elbow_x,right_elbow_y,right_wrist_x,right_wrist_y,thorax_x,thorax_y,left_shoulder_x,left_shoulder_y,left_elbow_x,left_elbow_y,left_wrist_x,left_wrist_y,pelvis_x,pelvis_y,right_hip_x,right_hip_y,right_knee_x,right_knee_y,right_ankle_x,right_ankle_y,left_hip_x,left_hip_y,left_knee_x,left_knee_y,left_ankle_x,left_ankle_y
0.37723214285714285,0.19345238095238093,0.5915178571428571,0.4375,0.5825892857142857,0.2708333333333333,0.578125,0.30654761904761907,0.328125,0.43154761904761907,0.578125,0.30654761904761907,0.40848214285714285,0.3363095238095238,0.38169642857142855,0.3660714285714286,0.328125,0.43154761904761907,0.5245535714285714,0.30654761904761907,0.5334821428571429,0.3005952380952381,0.38169642857142855,0.37797619047619047,0.31919642857142855,0.4375,0.49776785714285715,0.3005952380952381,0.37276785714285715,0.37797619047619047,0.31919642857142855,0.4375
