head_top_x,head_top_y,upper_neck_x,upper_neck_y,right_shoulder_x,right_shoulder_y,right_elbow_x,right_elbow_y,right_wrist_x,right_wrist_y,thorax_x,thorax_y,left_shoulder_x,left_shoulder_y,left_elbow_x,left_elbow_y,left_wrist_x,left_wrist_y,pelvis_x,pelvis_y,right_hip_x,right_hip_y,right_knee_x,right_knee_y,right_ankle_x,right_ankle_y,left_hip_x,left_hip_y,left_knee_x,left_knee_y,left_ankle_x,left_ankle_y
0.484375,0.3422619047619047,0.5200892857142857,0.5029761904761906,0.47544642857142855,0.4910714285714286,0.484375,0.4077380952380953,0.5066964285714286,0.33035714285714285,0.5200892857142857,0.4910714285714286,0.5736607142857143,0.49702380952380953,0.515625,0.3958333333333333,0.515625,0.3244047619047619,0.515625,0.6279761904761906,0.484375,0.6458333333333334,0.44419642857142855,0.6220238095238094,0.37276785714285715,0.7470238095238094,0.546875,0.6220238095238094,0.6316964285714286,0.5863095238095238,0.5602678571428571,0.7053571428571428
