head_top_x,head_top_y,upper_neck_x,upper_neck_y,right_shoulder_x,right_shoulder_y,right_elbow_x,right_elbow_y,right_wrist_x,right_wrist_y,thorax_x,thorax_y,left_shoulder_x,left_shoulder_y,left_elbow_x,left_elbow_y,left_wrist_x,left_wrist_y,pelvis_x,pelvis_y,right_hip_x,right_hip_y,right_knee_x,right_knee_y,right_ankle_x,right_ankle_y,left_hip_x,left_hip_y,left_knee_x,left_knee_y,left_ankle_x,left_ankle_y
0.8058035714285714,0.22916666666666666,0.7209821428571429,0.3422619047619047,0.7120535714285714,0.37202380952380953,0.41294642857142855,0.22321428571428573,0.4174107142857143,0.19940476190476195,0.515625,0.5327380952380952,0.5022321428571429,0.5625,0.4263392857142857,0.3839285714285714,0.41294642857142855,0.19940476190476195,0.4888392857142857,0.3244047619047619,0.5066964285714286,0.3244047619047619,0.453125,0.37797619047619047,0.49330357142857145,0.4613095238095238,0.49330357142857145,0.3244047619047619,0.4575892857142857,0.37202380952380953,0.49330357142857145,0.4613095238095238
