head_top_x,head_top_y,upper_neck_x,upper_neck_y,right_shoulder_x,right_shoulder_y,right_elbow_x,right_elbow_y,right_wrist_x,right_wrist_y,thorax_x,thorax_y,left_shoulder_x,left_shoulder_y,left_elbow_x,left_elbow_y,left_wrist_x,left_wrist_y,pelvis_x,pelvis_y,right_hip_x,right_hip_y,right_knee_x,right_knee_y,right_ankle_x,right_ankle_y,left_hip_x,left_hip_y,left_knee_x,left_knee_y,left_ankle_x,left_ankle_y
0.5066964285714286,0.0505952380952381,0.4888392857142857,0.24702380952380953,0.46651785714285715,0.2648809523809524,0.421875,0.2410714285714286,0.4799107142857143,0.0744047619047619,0.4888392857142857,0.21726190476190474,0.5513392857142857,0.15773809523809523,0.578125,0.1875,0.515625,0.0863095238095238,0.4888392857142857,0.34821428571428575,0.47098214285714285,0.3660714285714286,0.546875,0.44345238095238093,0.5647321428571429,0.5922619047619048,0.5111607142857143,0.3363095238095238,0.5558035714285714,0.4375,0.5602678571428571,0.5863095238095238
