head_top_x,head_top_y,upper_neck_x,upper_neck_y,right_shoulder_x,right_shoulder_y,right_elbow_x,right_elbow_y,right_wrist_x,right_wrist_y,thorax_x,thorax_y,left_shoulder_x,left_shoulder_y,left_elbow_x,left_elbow_y,left_wrist_x,left_wrist_y,pelvis_x,pelvis_y,right_hip_x,right_hip_y,right_knee_x,right_knee_y,right_ankle_x,right_ankle_y,left_hip_x,left_hip_y,left_knee_x,left_knee_y,left_ankle_x,left_ankle_y
0.5066964285714286,0.04464285714285713,0.5111607142857143,0.19345238095238093,0.5245535714285714,0.20535714285714288,0.46205357142857145,0.3363095238095238,0.484375,0.22916666666666666,0.5022321428571429,0.22916666666666666,0.49330357142857145,0.24702380952380953,0.43973214285714285,0.33035714285714285,0.484375,0.4255952380952381,0.5111607142857143,0.49702380952380953,0.515625,0.4851190476190476,0.453125,0.5684523809523809,0.5558035714285714,0.7648809523809524,0.49330357142857145,0.5089285714285715,0.44419642857142855,0.5684523809523809,0.546875,0.7708333333333334
