head_top_x,head_top_y,upper_neck_x,upper_neck_y,right_shoulder_x,right_shoulder_y,right_elbow_x,right_elbow_y,right_wrist_x,right_wrist_y,thorax_x,thorax_y,left_shoulder_x,left_shoulder_y,left_elbow_x,left_elbow_y,left_wrist_x,left_wrist_y,pelvis_x,pelvis_y,right_hip_x,right_hip_y,right_knee_x,right_knee_y,right_ankle_x,right_ankle_y,left_hip_x,left_hip_y,left_knee_x,left_knee_y,left_ankle_x,left_ankle_y
0.34598214285714285,0.5327380952380952,0.4799107142857143,0.5029761904761906,0.4174107142857143,0.4851190476190476,0.5245535714285714,0.4077380952380953,0.578125,0.2886904761904762,0.4575892857142857,0.5029761904761906,0.5111607142857143,0.5029761904761906,0.5334821428571429,0.4077380952380953,0.578125,0.2886904761904762,0.4263392857142857,0.4494047619047619,0.4174107142857143,0.44345238095238093,0.5870535714285714,0.25297619047619047,0.578125,0.2886904761904762,0.4263392857142857,0.45535714285714285,0.5870535714285714,0.24702380952380953,0.5825892857142857,0.2827380952380953
