head_top_x,head_top_y,upper_neck_x,upper_neck_y,right_shoulder_x,right_shoulder_y,right_elbow_x,right_elbow_y,right_wrist_x,right_wrist_y,thorax_x,thorax_y,left_shoulder_x,left_shoulder_y,left_elbow_x,left_elbow_y,left_wrist_x,left_wrist_y,pelvis_x,pelvis_y,right_hip_x,right_hip_y,right_knee_x,right_knee_y,right_ankle_x,right_ankle_y,left_hip_x,left_hip_y,left_knee_x,left_knee_y,left_ankle_x,left_ankle_y
0.3013392857142857,0.4851190476190476,0.41294642857142855,0.4613095238095238,0.44419642857142855,0.4613095238095238,0.421875,0.4672619047619047,0.37723214285714285,0.6160714285714285,0.4174107142857143,0.4672619047619047,0.3861607142857143,0.47321428571428575,0.38169642857142855,0.5267857142857143,0.37276785714285715,0.6279761904761906,0.484375,0.44345238095238093,0.5022321428571429,0.4375,0.5736607142857143,0.3363095238095238,0.6540178571428571,0.1875,0.484375,0.4375,0.578125,0.33035714285714285,0.6540178571428571,0.19940476190476195
