head_top_x,head_top_y,upper_neck_x,upper_neck_y,right_shoulder_x,right_shoulder_y,right_elbow_x,right_elbow_y,right_wrist_x,right_wrist_y,thorax_x,thorax_y,left_shoulder_x,left_shoulder_y,left_elbow_x,left_elbow_y,left_wrist_x,left_wrist_y,pelvis_x,pelvis_y,right_hip_x,right_hip_y,right_knee_x,right_knee_y,right_ankle_x,right_ankle_y,left_hip_x,left_hip_y,left_knee_x,left_knee_y,left_ankle_x,left_ankle_y
0.39955357142857145,0.5625,0.4263392857142857,0.4375,0.484375,0.47321428571428575,0.5513392857142857,0.3422619047619047,0.5513392857142857,0.33035714285714285,0.4486607142857143,0.4672619047619047,0.41294642857142855,0.45535714285714285,0.5647321428571429,0.3005952380952381,0.5513392857142857,0.33035714285714285,0.5825892857142857,0.3244047619047619,0.5870535714285714,0.30654761904761907,0.5647321428571429,0.3005952380952381,0.5513392857142857,0.3244047619047619,0.5825892857142857,0.30654761904761907,0.5290178571428571,0.43154761904761907,0.5558035714285714,0.3244047619047619
