head_top_x,head_top_y,upper_neck_x,upper_neck_y,right_shoulder_x,right_shoulder_y,right_elbow_x,right_elbow_y,right_wrist_x,right_wrist_y,thorax_x,thorax_y,left_shoulder_x,left_shoulder_y,left_elbow_x,left_elbow_y,left_wrist_x,left_wrist_y,pelvis_x,pelvis_y,right_hip_x,right_hip_y,right_knee_x,right_knee_y,right_ankle_x,right_ankle_y,left_hip_x,left_hip_y,left_knee_x,left_knee_y,left_ankle_x,left_ankle_y
0.3638392857142857,0.4255952380952381,0.43973214285714285,0.5625,0.6584821428571429,0.3660714285714286,0.3861607142857143,0.4136904761904762,0.40848214285714285,0.40178571428571425,0.6495535714285714,0.34821428571428575,0.421875,0.5863095238095238,0.38169642857142855,0.3839285714285714,0.41294642857142855,0.4077380952380953,0.46205357142857145,0.4910714285714286,0.47098214285714285,0.4791666666666667,0.390625,0.37797619047619047,0.3013392857142857,0.21726190476190474,0.46205357142857145,0.5089285714285715,0.46205357142857145,0.5446428571428572,0.296875,0.19940476190476195
