head_top_x,head_top_y,upper_neck_x,upper_neck_y,right_shoulder_x,right_shoulder_y,right_elbow_x,right_elbow_y,right_wrist_x,right_wrist_y,thorax_x,thorax_y,left_shoulder_x,left_shoulder_y,left_elbow_x,left_elbow_y,left_wrist_x,left_wrist_y,pelvis_x,pelvis_y,right_hip_x,right_hip_y,right_knee_x,right_knee_y,right_ankle_x,right_ankle_y,left_hip_x,left_hip_y,left_knee_x,left_knee_y,left_ankle_x,left_ankle_y
0.6808035714285714,-0.002232142857142857,0.6629464285714286,0.18154761904761907,0.6941964285714286,0.19940476190476195,0.4575892857142857,0.2410714285714286,0.43080357142857145,0.2589285714285714,0.6674107142857143,0.19940476190476195,0.6808035714285714,0.22321428571428573,0.44419642857142855,0.22916666666666666,0.421875,0.2708333333333333,0.4799107142857143,0.29464285714285715,0.49330357142857145,0.29464285714285715,0.3861607142857143,0.4791666666666667,0.47098214285714285,0.44345238095238093,0.484375,0.30654761904761907,0.35044642857142855,0.45535714285714285,0.47098214285714285,0.44345238095238093
