head_top_x,head_top_y,upper_neck_x,upper_neck_y,right_shoulder_x,right_shoulder_y,right_elbow_x,right_elbow_y,right_wrist_x,right_wrist_y,thorax_x,thorax_y,left_shoulder_x,left_shoulder_y,left_elbow_x,left_elbow_y,left_wrist_x,left_wrist_y,pelvis_x,pelvis_y,right_hip_x,right_hip_y,right_knee_x,right_knee_y,right_ankle_x,right_ankle_y,left_hip_x,left_hip_y,left_knee_x,left_knee_y,left_ankle_x,left_ankle_y
0.515625,0.27678571428571425,0.43973214285714285,0.37202380952380953,0.37723214285714285,0.3958333333333333,0.5066964285714286,0.3125,0.4486607142857143,0.19940476190476195,0.44419642857142855,0.37202380952380953,0.43526785714285715,0.3958333333333333,0.515625,0.31845238095238093,0.4486607142857143,0.20535714285714288,0.46651785714285715,0.5446428571428572,0.28794642857142855,0.5327380952380952,0.4486607142857143,0.5327380952380952,0.44419642857142855,0.20535714285714288,0.484375,0.5505952380952381,0.49776785714285715,0.5863095238095238,0.44419642857142855,0.20535714285714288
