head_top_x,head_top_y,upper_neck_x,upper_neck_y,right_shoulder_x,right_shoulder_y,right_elbow_x,right_elbow_y,right_wrist_x,right_wrist_y,thorax_x,thorax_y,left_shoulder_x,left_shoulder_y,left_elbow_x,left_elbow_y,left_wrist_x,left_wrist_y,pelvis_x,pelvis_y,right_hip_x,right_hip_y,right_knee_x,right_knee_y,right_ankle_x,right_ankle_y,left_hip_x,left_hip_y,left_knee_x,left_knee_y,left_ankle_x,left_ankle_y
0.171875,0.5267857142857143,0.34151785714285715,0.31845238095238093,0.2611607142857143,0.3422619047619047,0.19419642857142858,0.5267857142857143,0.21651785714285715,0.6279761904761906,0.33705357142857145,0.3422619047619047,0.40401785714285715,0.29464285714285715,0.4799107142857143,0.3005952380952381,0.47098214285714285,0.40178571428571425,0.5290178571428571,0.34821428571428575,0.5245535714285714,0.34821428571428575,0.515625,0.5029761904761906,0.578125,0.4672619047619047,0.5379464285714286,0.3422619047619047,0.5245535714285714,0.4851190476190476,0.7120535714285714,0.30654761904761907
