head_top_x,head_top_y,upper_neck_x,upper_neck_y,right_shoulder_x,right_shoulder_y,right_elbow_x,right_elbow_y,right_wrist_x,right_wrist_y,thorax_x,thorax_y,left_shoulder_x,left_shoulder_y,left_elbow_x,left_elbow_y,left_wrist_x,left_wrist_y,pelvis_x,pelvis_y,right_hip_x,right_hip_y,right_knee_x,right_knee_y,right_ankle_x,right_ankle_y,left_hip_x,left_hip_y,left_knee_x,left_knee_y,left_ankle_x,left_ankle_y
0.8772321428571429,0.20535714285714288,0.3013392857142857,0.19940476190476195,0.33705357142857145,0.17559523809523805,0.4888392857142857,0.22916666666666666,0.4888392857142857,0.40178571428571425,0.31026785714285715,0.19940476190476195,0.30580357142857145,0.15773809523809523,0.4799107142857143,0.22916666666666666,0.47544642857142855,0.3958333333333333,0.5022321428571429,0.43154761904761907,0.4888392857142857,0.40178571428571425,0.6450892857142857,0.22321428571428573,0.8504464285714286,0.24702380952380953,0.484375,0.4255952380952381,0.6629464285714286,0.19940476190476195,0.8415178571428571,0.2351190476190476
