head_top_x,head_top_y,upper_neck_x,upper_neck_y,right_shoulder_x,right_shoulder_y,right_elbow_x,right_elbow_y,right_wrist_x,right_wrist_y,thorax_x,thorax_y,left_shoulder_x,left_shoulder_y,left_elbow_x,left_elbow_y,left_wrist_x,left_wrist_y,pelvis_x,pelvis_y,right_hip_x,right_hip_y,right_knee_x,right_knee_y,right_ankle_x,right_ankle_y,left_hip_x,left_hip_y,left_knee_x,left_knee_y,left_ankle_x,left_ankle_y
0.43080357142857145,0.0982142857142857,0.453125,0.2886904761904762,0.40401785714285715,0.29464285714285715,0.4174107142857143,0.33035714285714285,0.453125,0.3541666666666667,0.453125,0.2827380952380953,0.5066964285714286,0.2708333333333333,0.5736607142857143,0.29464285714285715,0.6183035714285714,0.3244047619047619,0.515625,0.4791666666666667,0.484375,0.4910714285714286,0.5915178571428571,0.6101190476190476,0.5736607142857143,0.6160714285714285,0.5424107142857143,0.4672619047619047,0.6540178571428571,0.5625,0.6584821428571429,0.6458333333333334
