head_top_x,head_top_y,upper_neck_x,upper_neck_y,right_shoulder_x,right_shoulder_y,right_elbow_x,right_elbow_y,right_wrist_x,right_wrist_y,thorax_x,thorax_y,left_shoulder_x,left_shoulder_y,left_elbow_x,left_elbow_y,left_wrist_x,left_wrist_y,pelvis_x,pelvis_y,right_hip_x,right_hip_y,right_knee_x,right_knee_y,right_ankle_x,right_ankle_y,left_hip_x,left_hip_y,left_knee_x,left_knee_y,left_ankle_x,left_ankle_y
0.25669642857142855,0.5625,0.25669642857142855,0.4672619047619047,0.24330357142857142,0.4851190476190476,0.484375,0.31845238095238093,0.4888392857142857,0.18154761904761907,0.27455357142857145,0.4672619047619047,0.23883928571428573,0.4851190476190476,0.484375,0.3363095238095238,0.49330357142857145,0.19345238095238093,0.5334821428571429,0.40178571428571425,0.5245535714285714,0.40178571428571425,0.8102678571428571,0.47321428571428575,0.9084821428571429,0.2648809523809524,0.5290178571428571,0.4077380952380953,0.8102678571428571,0.4791666666666667,0.9620535714285714,0.5446428571428572
