head_top_x,head_top_y,upper_neck_x,upper_neck_y,right_shoulder_x,right_shoulder_y,right_elbow_x,right_elbow_y,right_wrist_x,right_wrist_y,thorax_x,thorax_y,left_shoulder_x,left_shoulder_y,left_elbow_x,left_elbow_y,left_wrist_x,left_wrist_y,pelvis_x,pelvis_y,right_hip_x,right_hip_y,right_knee_x,right_knee_y,right_ankle_x,right_ankle_y,left_hip_x,left_hip_y,left_knee_x,left_knee_y,left_ankle_x,left_ankle_y
0.5647321428571429,0.19940476190476195,0.5959821428571429,0.3244047619047619,0.6450892857142857,0.3125,0.5647321428571429,0.3541666666666667,0.578125,0.29464285714285715,0.609375,0.3363095238095238,0.5736607142857143,0.3660714285714286,0.5200892857142857,0.3839285714285714,0.5602678571428571,0.31845238095238093,0.47098214285714285,0.4494047619047619,0.47544642857142855,0.4494047619047619,0.33705357142857145,0.31845238095238093,0.33705357142857145,0.33035714285714285,0.4486607142857143,0.45535714285714285,0.31026785714285715,0.29464285714285715,0.3236607142857143,0.3005952380952381
