head_top_x,head_top_y,upper_neck_x,upper_neck_y,right_shoulder_x,right_shoulder_y,right_elbow_x,right_elbow_y,right_wrist_x,right_wrist_y,thorax_x,thorax_y,left_shoulder_x,left_shoulder_y,left_elbow_x,left_elbow_y,left_wrist_x,left_wrist_y,pelvis_x,pelvis_y,right_hip_x,right_hip_y,right_knee_x,right_knee_y,right_ankle_x,right_ankle_y,left_hip_x,left_hip_y,left_knee_x,left_knee_y,left_ankle_x,left_ankle_y
0.35044642857142855,0.6160714285714285,0.5379464285714286,0.5208333333333334,0.39955357142857145,0.5625,0.4486607142857143,0.5327380952380952,0.4486607142857143,0.4375,0.40401785714285715,0.5922619047619048,0.44419642857142855,0.6041666666666666,0.46651785714285715,0.6279761904761906,0.421875,0.44345238095238093,0.5111607142857143,0.4910714285714286,0.5513392857142857,0.4910714285714286,0.4888392857142857,0.30654761904761907,0.546875,0.44345238095238093,0.49330357142857145,0.4910714285714286,0.484375,0.29464285714285715,0.546875,0.44345238095238093
