head_top_x,head_top_y,upper_neck_x,upper_neck_y,right_shoulder_x,right_shoulder_y,right_elbow_x,right_elbow_y,right_wrist_x,right_wrist_y,thorax_x,thorax_y,left_shoulder_x,left_shoulder_y,left_elbow_x,left_elbow_y,left_wrist_x,left_wrist_y,pelvis_x,pelvis_y,right_hip_x,right_hip_y,right_knee_x,right_knee_y,right_ankle_x,right_ankle_y,left_hip_x,left_hip_y,left_knee_x,left_knee_y,left_ankle_x,left_ankle_y
0.6049107142857143,0.0625,0.6450892857142857,0.19940476190476195,0.6941964285714286,0.19345238095238093,0.46651785714285715,0.4255952380952381,0.35044642857142855,0.5148809523809524,0.6584821428571429,0.22916666666666666,0.578125,0.3363095238095238,0.47098214285714285,0.4255952380952381,0.33705357142857145,0.5148809523809524,0.5736607142857143,0.3839285714285714,0.578125,0.37202380952380953,0.3861607142857143,0.5505952380952381,0.8549107142857143,0.7648809523809524,0.5691964285714286,0.3839285714285714,0.33705357142857145,0.19940476190476195,0.18080357142857142,0.41964285714285715
