head_top_x,head_top_y,upper_neck_x,upper_neck_y,right_shoulder_x,right_shoulder_y,right_elbow_x,right_elbow_y,right_wrist_x,right_wrist_y,thorax_x,thorax_y,left_shoulder_x,left_shoulder_y,left_elbow_x,left_elbow_y,left_wrist_x,left_wrist_y,pelvis_x,pelvis_y,right_hip_x,right_hip_y,right_knee_x,right_knee_y,right_ankle_x,right_ankle_y,left_hip_x,left_hip_y,left_knee_x,left_knee_y,left_ankle_x,left_ankle_y
0.515625,0.04464285714285713,0.484375,0.20535714285714288,0.5111607142857143,0.1875,0.49330357142857145,0.31845238095238093,0.37276785714285715,0.19940476190476195,0.484375,0.20535714285714288,0.47544642857142855,0.2351190476190476,0.453125,0.2648809523809524,0.36830357142857145,0.20535714285714288,0.47098214285714285,0.4136904761904762,0.484375,0.40178571428571425,0.421875,0.3839285714285714,0.5066964285714286,0.3898809523809524,0.453125,0.40178571428571425,0.4799107142857143,0.34821428571428575,0.5066964285714286,0.3958333333333333
