head_top_x,head_top_y,upper_neck_x,upper_neck_y,right_shoulder_x,right_shoulder_y,right_elbow_x,right_elbow_y,right_wrist_x,right_wrist_y,thorax_x,thorax_y,left_shoulder_x,left_shoulder_y,left_elbow_x,left_elbow_y,left_wrist_x,left_wrist_y,pelvis_x,pelvis_y,right_hip_x,right_hip_y,right_knee_x,right_knee_y,right_ankle_x,right_ankle_y,left_hip_x,left_hip_y,left_knee_x,left_knee_y,left_ankle_x,left_ankle_y
0.49776785714285715,-0.002232142857142857,0.4888392857142857,0.1636904761904762,0.4575892857142857,0.15773809523809523,0.40401785714285715,0.14583333333333334,0.33705357142857145,0.10416666666666667,0.49330357142857145,0.16964285714285712,0.5334821428571429,0.1517857142857143,0.6272321428571429,0.19940476190476195,0.7209821428571429,0.2589285714285714,0.5245535714285714,0.3839285714285714,0.515625,0.3839285714285714,0.4263392857142857,0.4136904761904762,0.4174107142857143,0.5327380952380952,0.546875,0.37797619047619047,0.4263392857142857,0.4077380952380953,0.4174107142857143,0.5446428571428572
