head_top_x,head_top_y,upper_neck_x,upper_neck_y,right_shoulder_x,right_shoulder_y,right_elbow_x,right_elbow_y,right_wrist_x,right_wrist_y,thorax_x,thorax_y,left_shoulder_x,left_shoulder_y,left_elbow_x,left_elbow_y,left_wrist_x,left_wrist_y,pelvis_x,pelvis_y,right_hip_x,right_hip_y,right_knee_x,right_knee_y,right_ankle_x,right_ankle_y,left_hip_x,left_hip_y,left_knee_x,left_knee_y,left_ankle_x,left_ankle_y
0.5200892857142857,0.17559523809523805,0.44419642857142855,0.2113095238095238,0.4888392857142857,0.2351190476190476,0.5066964285714286,0.22916666666666666,0.49776785714285715,0.34821428571428575,0.43080357142857145,0.19345238095238093,0.484375,0.22916666666666666,0.49330357142857145,0.21726190476190474,0.49330357142857145,0.3601190476190476,0.515625,0.4851190476190476,0.453125,0.49702380952380953,0.47098214285714285,0.5446428571428572,0.11830357142857142,0.6398809523809524,0.4888392857142857,0.5029761904761906,0.515625,0.5625,0.15848214285714285,0.5803571428571428
