head_top_x,head_top_y,upper_neck_x,upper_neck_y,right_shoulder_x,right_shoulder_y,right_elbow_x,right_elbow_y,right_wrist_x,right_wrist_y,thorax_x,thorax_y,left_shoulder_x,left_shoulder_y,left_elbow_x,left_elbow_y,left_wrist_x,left_wrist_y,pelvis_x,pelvis_y,right_hip_x,right_hip_y,right_knee_x,right_knee_y,right_ankle_x,right_ankle_y,left_hip_x,left_hip_y,left_knee_x,left_knee_y,left_ankle_x,left_ankle_y
0.5602678571428571,0.020833333333333332,0.49330357142857145,0.1875,0.4888392857142857,0.18154761904761907,0.49330357142857145,0.30654761904761907,0.4888392857142857,0.4077380952380953,0.4888392857142857,0.18154761904761907,0.4799107142857143,0.19345238095238093,0.4888392857142857,0.30654761904761907,0.515625,0.3601190476190476,0.5334821428571429,0.41964285714285715,0.5290178571428571,0.3958333333333333,0.6316964285714286,0.5089285714285715,0.609375,0.7113095238095238,0.5290178571428571,0.4136904761904762,0.5290178571428571,0.5386904761904762,0.5602678571428571,0.7172619047619048
