head_top_x,head_top_y,upper_neck_x,upper_neck_y,right_shoulder_x,right_shoulder_y,right_elbow_x,right_elbow_y,right_wrist_x,right_wrist_y,thorax_x,thorax_y,left_shoulder_x,left_shoulder_y,left_elbow_x,left_elbow_y,left_wrist_x,left_wrist_y,pelvis_x,pelvis_y,right_hip_x,right_hip_y,right_knee_x,right_knee_y,right_ankle_x,right_ankle_y,left_hip_x,left_hip_y,left_knee_x,left_knee_y,left_ankle_x,left_ankle_y
0.37723214285714285,0.08035714285714286,0.37276785714285715,0.2648809523809524,0.328125,0.3244047619047619,0.5558035714285714,0.3541666666666667,0.453125,0.4136904761904762,0.37276785714285715,0.2827380952380953,0.3236607142857143,0.31845238095238093,0.5558035714285714,0.3660714285714286,0.46205357142857145,0.4077380952380953,0.46205357142857145,0.44345238095238093,0.4575892857142857,0.4375,0.390625,0.5922619047619048,0.4174107142857143,0.7886904761904762,0.46651785714285715,0.4375,0.37276785714285715,0.6160714285714285,0.43080357142857145,0.8184523809523809
