head_top_x,head_top_y,upper_neck_x,upper_neck_y,right_shoulder_x,right_shoulder_y,right_elbow_x,right_elbow_y,right_wrist_x,right_wrist_y,thorax_x,thorax_y,left_shoulder_x,left_shoulder_y,left_elbow_x,left_elbow_y,left_wrist_x,left_wrist_y,pelvis_x,pelvis_y,right_hip_x,right_hip_y,right_knee_x,right_knee_y,right_ankle_x,right_ankle_y,left_hip_x,left_hip_y,left_knee_x,left_knee_y,left_ankle_x,left_ankle_y
0.6629464285714286,0.5863095238095238,0.40848214285714285,0.3244047619047619,0.453125,0.25297619047619047,0.5870535714285714,0.3363095238095238,0.5602678571428571,0.3839285714285714,0.40848214285714285,0.30654761904761907,0.3638392857142857,0.30654761904761907,0.46651785714285715,0.25297619047619047,0.5513392857142857,0.3541666666666667,0.38169642857142855,0.5148809523809524,0.328125,0.5505952380952381,0.20758928571428573,0.6636904761904762,0.033482142857142856,0.7291666666666666,0.3861607142857143,0.5089285714285715,0.20758928571428573,0.6577380952380952,0.029017857142857144,0.7589285714285715
