head_top_x,head_top_y,upper_neck_x,upper_neck_y,right_shoulder_x,right_shoulder_y,right_elbow_x,right_elbow_y,right_wrist_x,right_wrist_y,thorax_x,thorax_y,left_shoulder_x,left_shoulder_y,left_elbow_x,left_elbow_y,left_wrist_x,left_wrist_y,pelvis_x,pelvis_y,right_hip_x,right_hip_y,right_knee_x,right_knee_y,right_ankle_x,right_ankle_y,left_hip_x,left_hip_y,left_knee_x,left_knee_y,left_ankle_x,left_ankle_y
0.4799107142857143,0.06845238095238097,0.515625,0.45535714285714285,0.5111607142857143,0.14583333333333334,0.49776785714285715,0.33035714285714285,0.515625,0.44345238095238093,0.515625,0.4494047619047619,0.5022321428571429,0.44345238095238093,0.49776785714285715,0.3363095238095238,0.5066964285714286,0.4494047619047619,0.4486607142857143,0.6041666666666666,0.46651785714285715,0.6160714285714285,0.41294642857142855,0.4910714285714286,0.5111607142857143,0.45535714285714285,0.453125,0.6160714285714285,0.44419642857142855,0.5089285714285715,0.515625,0.44345238095238093
