head_top_x,head_top_y,upper_neck_x,upper_neck_y,right_shoulder_x,right_shoulder_y,right_elbow_x,right_elbow_y,right_wrist_x,right_wrist_y,thorax_x,thorax_y,left_shoulder_x,left_shoulder_y,left_elbow_x,left_elbow_y,left_wrist_x,left_wrist_y,pelvis_x,pelvis_y,right_hip_x,right_hip_y,right_knee_x,right_knee_y,right_ankle_x,right_ankle_y,left_hip_x,left_hip_y,left_knee_x,left_knee_y,left_ankle_x,left_ankle_y
0.8683035714285714,0.06845238095238097,0.4799107142857143,0.20535714285714288,0.49776785714285715,0.19345238095238093,0.4486607142857143,0.12202380952380953,0.5066964285714286,0.21726190476190474,0.46651785714285715,0.19940476190476195,0.515625,0.19345238095238093,0.4799107142857143,0.5148809523809524,0.5022321428571429,0.24702380952380953,0.5647321428571429,0.2410714285714286,0.5513392857142857,0.24702380952380953,0.515625,0.5565476190476191,0.8504464285714286,0.12202380952380953,0.5513392857142857,0.25297619047619047,0.17633928571428573,0.22916666666666666,0.8325892857142857,0.12797619047619047
