head_top_x,head_top_y,upper_neck_x,upper_neck_y,right_shoulder_x,right_shoulder_y,right_elbow_x,right_elbow_y,right_wrist_x,right_wrist_y,thorax_x,thorax_y,left_shoulder_x,left_shoulder_y,left_elbow_x,left_elbow_y,left_wrist_x,left_wrist_y,pelvis_x,pelvis_y,right_hip_x,right_hip_y,right_knee_x,right_knee_y,right_ankle_x,right_ankle_y,left_hip_x,left_hip_y,left_knee_x,left_knee_y,left_ankle_x,left_ankle_y
0.5111607142857143,-0.002232142857142857,0.49330357142857145,0.1636904761904762,0.5513392857142857,0.14583333333333334,0.640625,0.16964285714285712,0.7120535714285714,0.1517857142857143,0.49330357142857145,0.14583333333333334,0.44419642857142855,0.1517857142857143,0.37723214285714285,0.1517857142857143,0.31473214285714285,0.14583333333333334,0.484375,0.33035714285714285,0.5022321428571429,0.33035714285714285,0.6227678571428571,0.3541666666666667,0.6272321428571429,0.4791666666666667,0.47098214285714285,0.3363095238095238,0.609375,0.3660714285714286,0.34151785714285715,0.43154761904761907
