head_top_x,head_top_y,upper_neck_x,upper_neck_y,right_shoulder_x,right_shoulder_y,right_elbow_x,right_elbow_y,right_wrist_x,right_wrist_y,thorax_x,thorax_y,left_shoulder_x,left_shoulder_y,left_elbow_x,left_elbow_y,left_wrist_x,left_wrist_y,pelvis_x,pelvis_y,right_hip_x,right_hip_y,right_knee_x,right_knee_y,right_ankle_x,right_ankle_y,left_hip_x,left_hip_y,left_knee_x,left_knee_y,left_ankle_x,left_ankle_y
0.5870535714285714,0.056547619047619034,0.5424107142857143,0.20535714285714288,0.47544642857142855,0.22916666666666666,0.35044642857142855,0.22321428571428573,0.41294642857142855,0.4077380952380953,0.5290178571428571,0.2351190476190476,0.5691964285714286,0.2351190476190476,0.6272321428571429,0.19940476190476195,0.6049107142857143,0.5208333333333334,0.5066964285714286,0.5446428571428572,0.4888392857142857,0.5327380952380952,0.453125,0.6577380952380952,0.12723214285714285,0.15773809523809523,0.546875,0.5625,0.6450892857142857,0.5148809523809524,0.12723214285714285,0.1517857142857143
