head_top_x,head_top_y,upper_neck_x,upper_neck_y,right_shoulder_x,right_shoulder_y,right_elbow_x,right_elbow_y,right_wrist_x,right_wrist_y,thorax_x,thorax_y,left_shoulder_x,left_shoulder_y,left_elbow_x,left_elbow_y,left_wrist_x,left_wrist_y,pelvis_x,pelvis_y,right_hip_x,right_hip_y,right_knee_x,right_knee_y,right_ankle_x,right_ankle_y,left_hip_x,left_hip_y,left_knee_x,left_knee_y,left_ankle_x,left_ankle_y
0.5959821428571429,0.3541666666666667,0.46205357142857145,0.3839285714285714,0.4486607142857143,0.37202380952380953,0.5022321428571429,0.4672619047619047,0.6183035714285714,0.4791666666666667,0.46205357142857145,0.37202380952380953,0.44419642857142855,0.37202380952380953,0.49330357142857145,0.4613095238095238,0.5915178571428571,0.4613095238095238,0.25669642857142855,0.5148809523809524,0.2611607142857143,0.5089285714285715,0.17633928571428573,0.7053571428571428,0.04241071428571429,0.7767857142857143,0.21205357142857142,0.4851190476190476,0.15848214285714285,0.7113095238095238,0.04241071428571429,0.7827380952380952
