head_top_x,head_top_y,upper_neck_x,upper_neck_y,right_shoulder_x,right_shoulder_y,right_elbow_x,right_elbow_y,right_wrist_x,right_wrist_y,thorax_x,thorax_y,left_shoulder_x,left_shoulder_y,left_elbow_x,left_elbow_y,left_wrist_x,left_wrist_y,pelvis_x,pelvis_y,right_hip_x,right_hip_y,right_knee_x,right_knee_y,right_ankle_x,right_ankle_y,left_hip_x,left_hip_y,left_knee_x,left_knee_y,left_ankle_x,left_ankle_y
0.2700892857142857,-0.002232142857142857,0.27455357142857145,0.18154761904761907,0.27455357142857145,0.1875,0.296875,0.34821428571428575,0.43526785714285715,0.33035714285714285,0.2700892857142857,0.19940476190476195,0.234375,0.19345238095238093,0.31473214285714285,0.33035714285714285,0.453125,0.3125,0.47098214285714285,0.3898809523809524,0.4799107142857143,0.37202380952380953,0.5915178571428571,0.5625,0.5959821428571429,0.7648809523809524,0.4575892857142857,0.41964285714285715,0.5959821428571429,0.5565476190476191,0.5959821428571429,0.7470238095238094
