head_top_x,head_top_y,upper_neck_x,upper_neck_y,right_shoulder_x,right_shoulder_y,right_elbow_x,right_elbow_y,right_wrist_x,right_wrist_y,thorax_x,thorax_y,left_shoulder_x,left_shoulder_y,left_elbow_x,left_elbow_y,left_wrist_x,left_wrist_y,pelvis_x,pelvis_y,right_hip_x,right_hip_y,right_knee_x,right_knee_y,right_ankle_x,right_ankle_y,left_hip_x,left_hip_y,left_knee_x,left_knee_y,left_ankle_x,left_ankle_y
0.34598214285714285,0.5684523809523809,0.35044642857142855,0.4672619047619047,0.34151785714285715,0.4672619047619047,0.41294642857142855,0.4136904761904762,0.40848214285714285,0.4255952380952381,0.359375,0.4613095238095238,0.328125,0.4851190476190476,0.34151785714285715,0.5565476190476191,0.39955357142857145,0.43154761904761907,0.49330357142857145,0.3005952380952381,0.4888392857142857,0.29464285714285715,0.609375,0.4375,0.6183035714285714,0.4375,0.49330357142857145,0.29464285714285715,0.6272321428571429,0.4672619047619047,0.6049107142857143,0.43154761904761907
