head_top_x,head_top_y,upper_neck_x,upper_neck_y,right_shoulder_x,right_shoulder_y,right_elbow_x,right_elbow_y,right_wrist_x,right_wrist_y,thorax_x,thorax_y,left_shoulder_x,left_shoulder_y,left_elbow_x,left_elbow_y,left_wrist_x,left_wrist_y,pelvis_x,pelvis_y,right_hip_x,right_hip_y,right_knee_x,right_knee_y,right_ankle_x,right_ankle_y,left_hip_x,left_hip_y,left_knee_x,left_knee_y,left_ankle_x,left_ankle_y
0.7433035714285714,0.4851190476190476,0.44419642857142855,0.4255952380952381,0.4486607142857143,0.33035714285714285,0.4799107142857143,0.4136904761904762,0.4575892857142857,0.3363095238095238,0.44419642857142855,0.4255952380952381,0.43526785714285715,0.33035714285714285,0.4888392857142857,0.43154761904761907,0.453125,0.3125,0.484375,0.4672619047619047,0.49330357142857145,0.45535714285714285,0.49330357142857145,0.4375,0.484375,0.44345238095238093,0.484375,0.4672619047619047,0.5022321428571429,0.44345238095238093,0.4799107142857143,0.43154761904761907
