head_top_x,head_top_y,upper_neck_x,upper_neck_y,right_shoulder_x,right_shoulder_y,right_elbow_x,right_elbow_y,right_wrist_x,right_wrist_y,thorax_x,thorax_y,left_shoulder_x,left_shoulder_y,left_elbow_x,left_elbow_y,left_wrist_x,left_wrist_y,pelvis_x,pelvis_y,right_hip_x,right_hip_y,right_knee_x,right_knee_y,right_ankle_x,right_ankle_y,left_hip_x,left_hip_y,left_knee_x,left_knee_y,left_ankle_x,left_ankle_y
0.6316964285714286,0.11011904761904763,0.5424107142857143,0.2886904761904762,0.5200892857142857,0.21726190476190474,0.421875,0.4255952380952381,0.4263392857142857,0.4375,0.5379464285714286,0.29464285714285715,0.578125,0.29464285714285715,0.5915178571428571,0.4613095238095238,0.6004464285714286,0.49702380952380953,0.46651785714285715,0.3839285714285714,0.41294642857142855,0.3422619047619047,0.16294642857142858,0.5744047619047619,0.4575892857142857,0.8065476190476191,0.515625,0.5505952380952381,0.47544642857142855,0.8125,0.4799107142857143,0.8005952380952381
