head_top_x,head_top_y,upper_neck_x,upper_neck_y,right_shoulder_x,right_shoulder_y,right_elbow_x,right_elbow_y,right_wrist_x,right_wrist_y,thorax_x,thorax_y,left_shoulder_x,left_shoulder_y,left_elbow_x,left_elbow_y,left_wrist_x,left_wrist_y,pelvis_x,pelvis_y,right_hip_x,right_hip_y,right_knee_x,right_knee_y,right_ankle_x,right_ankle_y,left_hip_x,left_hip_y,left_knee_x,left_knee_y,left_ankle_x,left_ankle_y
0.23883928571428573,0.19940476190476195,0.34598214285714285,0.2886904761904762,0.3236607142857143,0.3422619047619047,0.453125,0.3898809523809524,0.4575892857142857,0.4255952380952381,0.3638392857142857,0.29464285714285715,0.38169642857142855,0.30654761904761907,0.6227678571428571,0.4851190476190476,0.5245535714285714,0.40178571428571425,0.5022321428571429,0.4255952380952381,0.484375,0.4136904761904762,0.4174107142857143,0.4791666666666667,0.8683035714285714,0.6458333333333334,0.5245535714285714,0.43154761904761907,0.453125,0.4791666666666667,0.8772321428571429,0.6517857142857143
