head_top_x,head_top_y,upper_neck_x,upper_neck_y,right_shoulder_x,right_shoulder_y,right_elbow_x,right_elbow_y,right_wrist_x,right_wrist_y,thorax_x,thorax_y,left_shoulder_x,left_shoulder_y,left_elbow_x,left_elbow_y,left_wrist_x,left_wrist_y,pelvis_x,pelvis_y,right_hip_x,right_hip_y,right_knee_x,right_knee_y,right_ankle_x,right_ankle_y,left_hip_x,left_hip_y,left_knee_x,left_knee_y,left_ankle_x,left_ankle_y
0.4508333333333333,0.1677777777777778,0.4891666666666667,0.3611111111111111,0.4475,0.3988888888888889,0.43916666666666665,0.3033333333333333,0.4425,0.2188888888888889,0.48583333333333334,0.3566666666666667,0.5208333333333334,0.3211111111111111,0.4891666666666667,0.23888888888888885,0.4608333333333333,0.20555555555555557,0.4325,0.4633333333333333,0.4375,0.4788888888888889,0.3725,0.41888888888888887,0.4708333333333333,0.22111111111111112,0.43583333333333335,0.4811111111111111,0.44583333333333336,0.3811111111111111,0.4508333333333333,0.19666666666666668
