head_top_x,head_top_y,upper_neck_x,upper_neck_y,right_shoulder_x,right_shoulder_y,right_elbow_x,right_elbow_y,right_wrist_x,right_wrist_y,thorax_x,thorax_y,left_shoulder_x,left_shoulder_y,left_elbow_x,left_elbow_y,left_wrist_x,left_wrist_y,pelvis_x,pelvis_y,right_hip_x,right_hip_y,right_knee_x,right_knee_y,right_ankle_x,right_ankle_y,left_hip_x,left_hip_y,left_knee_x,left_knee_y,left_ankle_x,left_ankle_y
0.35583333333333333,0.2722222222222222,0.3908333333333333,0.5522222222222223,0.35583333333333333,0.2522222222222222,0.3125,0.45222222222222225,0.4125,0.3544444444444444,0.38416666666666666,0.5188888888888888,0.1675,0.3055555555555556,0.060833333333333336,0.34111111111111114,0.4658333333333333,0.4566666666666667,0.4625,0.47444444444444445,0.4691666666666667,0.4811111111111111,0.3575,0.2922222222222222,0.47583333333333333,0.4077777777777778,0.4475,0.46555555555555556,0.3575,0.29444444444444445,0.4775,0.4077777777777778
