head_top_x,head_top_y,upper_neck_x,upper_neck_y,right_shoulder_x,right_shoulder_y,right_elbow_x,right_elbow_y,right_wrist_x,right_wrist_y,thorax_x,thorax_y,left_shoulder_x,left_shoulder_y,left_elbow_x,left_elbow_y,left_wrist_x,left_wrist_y,pelvis_x,pelvis_y,right_hip_x,right_hip_y,right_knee_x,right_knee_y,right_ankle_x,right_ankle_y,left_hip_x,left_hip_y,left_knee_x,left_knee_y,left_ankle_x,left_ankle_y
0.5225,0.4788888888888889,0.5191666666666667,0.4077777777777778,0.4791666666666667,0.3788888888888889,0.5908333333333333,0.5744444444444444,0.6408333333333334,0.49,0.6091666666666666,0.3988888888888889,0.4741666666666667,0.41,0.5391666666666667,0.4255555555555555,0.4608333333333333,0.33888888888888885,0.5491666666666667,0.4477777777777778,0.5308333333333334,0.49,0.4891666666666667,0.45444444444444443,0.4708333333333333,0.4388888888888889,0.5258333333333334,0.44111111111111106,0.5208333333333334,0.4588888888888889,0.48583333333333334,0.44555555555555554
