head_top_x,head_top_y,upper_neck_x,upper_neck_y,right_shoulder_x,right_shoulder_y,right_elbow_x,right_elbow_y,right_wrist_x,right_wrist_y,thorax_x,thorax_y,left_shoulder_x,left_shoulder_y,left_elbow_x,left_elbow_y,left_wrist_x,left_wrist_y,pelvis_x,pelvis_y,right_hip_x,right_hip_y,right_knee_x,right_knee_y,right_ankle_x,right_ankle_y,left_hip_x,left_hip_y,left_knee_x,left_knee_y,left_ankle_x,left_ankle_y
0.8191666666666667,0.47444444444444445,0.8008333333333333,0.3855555555555556,0.8241666666666667,0.4033333333333333,0.7208333333333333,0.3833333333333333,0.6641666666666667,0.43,0.8058333333333333,0.3988888888888889,0.8341666666666666,0.44111111111111106,0.8158333333333333,0.49444444444444446,0.7141666666666666,0.4611111111111111,0.6991666666666667,0.4566666666666667,0.6875,0.4344444444444444,0.4575,0.35888888888888887,0.4608333333333333,0.35888888888888887,0.7208333333333333,0.4877777777777778,0.5875,0.4277777777777778,0.4525,0.36333333333333334
