head_top_x,head_top_y,upper_neck_x,upper_neck_y,right_shoulder_x,right_shoulder_y,right_elbow_x,right_elbow_y,right_wrist_x,right_wrist_y,thorax_x,thorax_y,left_shoulder_x,left_shoulder_y,left_elbow_x,left_elbow_y,left_wrist_x,left_wrist_y,pelvis_x,pelvis_y,right_hip_x,right_hip_y,right_knee_x,right_knee_y,right_ankle_x,right_ankle_y,left_hip_x,left_hip_y,left_knee_x,left_knee_y,left_ankle_x,left_ankle_y
0.4741666666666667,0.42111111111111116,0.5558333333333333,0.5388888888888889,0.46416666666666667,0.4477777777777778,0.46416666666666667,0.39666666666666667,0.5758333333333333,0.6188888888888888,0.4775,0.4677777777777778,0.4658333333333333,0.39222222222222225,0.6125,0.4788888888888889,0.5958333333333333,0.5944444444444444,0.4675,0.41,0.4425,0.4166666666666667,0.5591666666666667,0.49666666666666665,0.5708333333333333,0.5122222222222222,0.4875,0.3855555555555556,0.5725,0.5055555555555555,0.4625,0.3655555555555556
