head_top_x,head_top_y,upper_neck_x,upper_neck_y,right_shoulder_x,right_shoulder_y,right_elbow_x,right_elbow_y,right_wrist_x,right_wrist_y,thorax_x,thorax_y,left_shoulder_x,left_shoulder_y,left_elbow_x,left_elbow_y,left_wrist_x,left_wrist_y,pelvis_x,pelvis_y,right_hip_x,right_hip_y,right_knee_x,right_knee_y,right_ankle_x,right_ankle_y,left_hip_x,left_hip_y,left_knee_x,left_knee_y,left_ankle_x,left_ankle_y
0.5075,-0.0008333333333333334,0.5158333333333334,0.19000000000000003,0.5158333333333334,0.16555555555555557,0.4975,0.23666666666666666,0.4725,0.2677777777777777,0.5141666666666667,0.18111111111111108,0.5225,0.2011111111111111,0.5341666666666667,0.28777777777777774,0.5291666666666667,0.40111111111111114,0.49916666666666665,0.34777777777777774,0.4891666666666667,0.33,0.3908333333333333,0.33666666666666667,0.4091666666666667,0.4477777777777778,0.5025,0.3544444444444444,0.5108333333333334,0.47444444444444445,0.5991666666666666,0.47
