head_top_x,head_top_y,upper_neck_x,upper_neck_y,right_shoulder_x,right_shoulder_y,right_elbow_x,right_elbow_y,right_wrist_x,right_wrist_y,thorax_x,thorax_y,left_shoulder_x,left_shoulder_y,left_elbow_x,left_elbow_y,left_wrist_x,left_wrist_y,pelvis_x,pelvis_y,right_hip_x,right_hip_y,right_knee_x,right_knee_y,right_ankle_x,right_ankle_y,left_hip_x,left_hip_y,left_knee_x,left_knee_y,left_ankle_x,left_ankle_y
0.5591666666666667,0.3566666666666667,0.5291666666666667,0.45,0.5075,0.44555555555555554,0.5025,0.47,0.5675,0.47,0.5191666666666667,0.36777777777777776,0.4925,0.5233333333333333,0.5291666666666667,0.4366666666666667,0.5775,0.47444444444444445,0.5925,0.4255555555555555,0.5141666666666667,0.4477777777777778,0.4825,0.47444444444444445,0.5358333333333334,0.47444444444444445,0.5075,0.5166666666666666,0.4791666666666667,0.4366666666666667,0.5025,0.4877777777777778
