head_top_x,head_top_y,upper_neck_x,upper_neck_y,right_shoulder_x,right_shoulder_y,right_elbow_x,right_elbow_y,right_wrist_x,right_wrist_y,thorax_x,thorax_y,left_shoulder_x,left_shoulder_y,left_elbow_x,left_elbow_y,left_wrist_x,left_wrist_y,pelvis_x,pelvis_y,right_hip_x,right_hip_y,right_knee_x,right_knee_y,right_ankle_x,right_ankle_y,left_hip_x,left_hip_y,left_knee_x,left_knee_y,left_ankle_x,left_ankle_y
0.5008333333333334,0.24333333333333332,0.5158333333333334,0.39666666666666667,0.5225,0.33,0.4375,0.39222222222222225,0.4241666666666667,0.49,0.5675,0.37666666666666665,0.5491666666666667,0.37666666666666665,0.5091666666666667,0.3744444444444444,0.5091666666666667,0.27666666666666667,0.5508333333333333,0.2722222222222222,0.4841666666666667,0.33666666666666667,0.46416666666666667,0.3877777777777778,0.49916666666666665,0.2722222222222222,0.5275,0.3522222222222222,0.49583333333333335,0.39222222222222225,0.4891666666666667,0.2611111111111111
