head_top_x,head_top_y,upper_neck_x,upper_neck_y,right_shoulder_x,right_shoulder_y,right_elbow_x,right_elbow_y,right_wrist_x,right_wrist_y,thorax_x,thorax_y,left_shoulder_x,left_shoulder_y,left_elbow_x,left_elbow_y,left_wrist_x,left_wrist_y,pelvis_x,pelvis_y,right_hip_x,right_hip_y,right_knee_x,right_knee_y,right_ankle_x,right_ankle_y,left_hip_x,left_hip_y,left_knee_x,left_knee_y,left_ankle_x,left_ankle_y
0.21916666666666668,0.29000000000000004,0.07416666666666667,0.17888888888888888,0.5391666666666667,0.42111111111111116,0.5691666666666667,0.5233333333333333,0.5108333333333334,0.34777777777777774,0.5825,0.41,0.6208333333333333,0.3833333333333333,0.6191666666666666,0.49,0.5208333333333334,0.3433333333333333,0.4975,0.5477777777777778,0.49416666666666664,0.5655555555555556,0.21416666666666667,0.31,0.0525,0.20555555555555557,0.49083333333333334,0.42111111111111116,0.20083333333333334,0.3033333333333333,0.0675,0.22111111111111112
