head_top_x,head_top_y,upper_neck_x,upper_neck_y,right_shoulder_x,right_shoulder_y,right_elbow_x,right_elbow_y,right_wrist_x,right_wrist_y,thorax_x,thorax_y,left_shoulder_x,left_shoulder_y,left_elbow_x,left_elbow_y,left_wrist_x,left_wrist_y,pelvis_x,pelvis_y,right_hip_x,right_hip_y,right_knee_x,right_knee_y,right_ankle_x,right_ankle_y,left_hip_x,left_hip_y,left_knee_x,left_knee_y,left_ankle_x,left_ankle_y
0.4741666666666667,0.4677777777777778,0.5025,0.1322222222222222,0.5558333333333333,0.23444444444444446,0.5058333333333334,0.36777777777777776,0.4825,0.47,0.5058333333333334,-0.0008333333333333334,0.49416666666666664,0.37666666666666665,0.49916666666666665,0.37222222222222223,0.5025,0.06333333333333331,0.5141666666666667,0.31,0.49083333333333334,0.3988888888888889,0.49916666666666665,0.21666666666666665,0.5158333333333334,0.1677777777777778,0.5458333333333333,0.21666666666666665,0.5075,0.19000000000000003,0.5041666666666667,0.19444444444444442
