head_top_x,head_top_y,upper_neck_x,upper_neck_y,right_shoulder_x,right_shoulder_y,right_elbow_x,right_elbow_y,right_wrist_x,right_wrist_y,thorax_x,thorax_y,left_shoulder_x,left_shoulder_y,left_elbow_x,left_elbow_y,left_wrist_x,left_wrist_y,pelvis_x,pelvis_y,right_hip_x,right_hip_y,right_knee_x,right_knee_y,right_ankle_x,right_ankle_y,left_hip_x,left_hip_y,left_knee_x,left_knee_y,left_ankle_x,left_ankle_y
0.5358333333333334,0.44111111111111106,0.5341666666666667,0.3744444444444444,0.4975,0.3988888888888889,0.5458333333333333,0.5855555555555556,0.8691666666666666,0.6322222222222221,0.07916666666666666,0.5122222222222222,0.5975,0.45,0.5975,0.5011111111111112,0.5475,0.43222222222222223,0.0775,0.5055555555555555,0.06416666666666666,0.4788888888888889,0.4791666666666667,0.41444444444444445,0.5075,0.3788888888888889,0.5541666666666667,0.4077777777777778,0.5108333333333334,0.41,0.4975,0.37000000000000005
