head_top_x,head_top_y,upper_neck_x,upper_neck_y,right_shoulder_x,right_shoulder_y,right_elbow_x,right_elbow_y,right_wrist_x,right_wrist_y,thorax_x,thorax_y,left_shoulder_x,left_shoulder_y,left_elbow_x,left_elbow_y,left_wrist_x,left_wrist_y,pelvis_x,pelvis_y,right_hip_x,right_hip_y,right_knee_x,right_knee_y,right_ankle_x,right_ankle_y,left_hip_x,left_hip_y,left_knee_x,left_knee_y,left_ankle_x,left_ankle_y
0.4741666666666667,0.4077777777777778,0.5175,0.4077777777777778,0.3958333333333333,0.47222222222222227,0.4575,0.5166666666666666,0.47583333333333333,0.3566666666666667,0.42083333333333334,0.4166666666666667,0.49583333333333335,0.5144444444444445,0.5425,0.44555555555555554,0.6141666666666666,0.45,0.4575,0.5077777777777778,0.4075,0.4877777777777778,0.4791666666666667,0.47,0.4725,0.41888888888888887,0.4475,0.3788888888888889,0.5391666666666667,0.4588888888888889,0.4825,0.44333333333333336
