head_top_x,head_top_y,upper_neck_x,upper_neck_y,right_shoulder_x,right_shoulder_y,right_elbow_x,right_elbow_y,right_wrist_x,right_wrist_y,thorax_x,thorax_y,left_shoulder_x,left_shoulder_y,left_elbow_x,left_elbow_y,left_wrist_x,left_wrist_y,pelvis_x,pelvis_y,right_hip_x,right_hip_y,right_knee_x,right_knee_y,right_ankle_x,right_ankle_y,left_hip_x,left_hip_y,left_knee_x,left_knee_y,left_ankle_x,left_ankle_y
0.5125,0.39444444444444443,0.3025,0.6166666666666667,0.4241666666666667,0.3788888888888889,0.5191666666666667,0.5744444444444444,0.5541666666666667,0.43,0.4558333333333333,0.5277777777777778,0.5325,0.5744444444444444,0.48583333333333334,0.5988888888888889,0.43083333333333335,0.5677777777777777,0.41583333333333333,0.6211111111111111,0.4141666666666667,0.61,0.5075,0.3611111111111111,0.5258333333333334,0.4055555555555555,0.4075,0.6322222222222221,0.4925,0.37222222222222223,0.5258333333333334,0.41444444444444445
