head_top_x,head_top_y,upper_neck_x,upper_neck_y,right_shoulder_x,right_shoulder_y,right_elbow_x,right_elbow_y,right_wrist_x,right_wrist_y,thorax_x,thorax_y,left_shoulder_x,left_shoulder_y,left_elbow_x,left_elbow_y,left_wrist_x,left_wrist_y,pelvis_x,pelvis_y,right_hip_x,right_hip_y,right_knee_x,right_knee_y,right_ankle_x,right_ankle_y,left_hip_x,left_hip_y,left_knee_x,left_knee_y,left_ankle_x,left_ankle_y
0.7141666666666666,0.2011111111111111,0.49916666666666665,0.2833333333333334,0.49083333333333334,0.26333333333333336,0.4741666666666667,0.5122222222222222,0.4558333333333333,0.5255555555555556,0.6975,0.20999999999999996,0.5141666666666667,0.2722222222222222,0.42583333333333334,0.5322222222222223,0.49916666666666665,0.3611111111111111,0.5075,0.47222222222222227,0.45916666666666667,0.46555555555555556,0.49916666666666665,0.28555555555555556,0.4725,0.2588888888888889,0.5008333333333334,0.45,0.7108333333333333,0.20555555555555557,0.5041666666666667,0.26555555555555554
