head_top_x,head_top_y,upper_neck_x,upper_neck_y,right_shoulder_x,right_shoulder_y,right_elbow_x,right_elbow_y,right_wrist_x,right_wrist_y,thorax_x,thorax_y,left_shoulder_x,left_shoulder_y,left_elbow_x,left_elbow_y,left_wrist_x,left_wrist_y,pelvis_x,pelvis_y,right_hip_x,right_hip_y,right_knee_x,right_knee_y,right_ankle_x,right_ankle_y,left_hip_x,left_hip_y,left_knee_x,left_knee_y,left_ankle_x,left_ankle_y
0.09916666666666667,0.25666666666666665,0.0775,0.25,0.5775,0.33888888888888885,0.5008333333333334,0.3833333333333333,0.4841666666666667,0.5188888888888888,0.08083333333333333,0.25,0.5058333333333334,-0.0008333333333333334,0.5241666666666667,0.4055555555555555,0.5358333333333334,0.42333333333333334,0.0975,0.2544444444444445,0.4508333333333333,0.4366666666666667,0.5058333333333334,0.3055555555555556,0.49916666666666665,0.3544444444444444,0.11083333333333334,0.2788888888888889,0.3975,0.08777777777777777,0.4975,0.3322222222222222
