head_top_x,head_top_y,upper_neck_x,upper_neck_y,right_shoulder_x,right_shoulder_y,right_elbow_x,right_elbow_y,right_wrist_x,right_wrist_y,thorax_x,thorax_y,left_shoulder_x,left_shoulder_y,left_elbow_x,left_elbow_y,left_wrist_x,left_wrist_y,pelvis_x,pelvis_y,right_hip_x,right_hip_y,right_knee_x,right_knee_y,right_ankle_x,right_ankle_y,left_hip_x,left_hip_y,left_knee_x,left_knee_y,left_ankle_x,left_ankle_y
0.4125,0.5855555555555556,0.49416666666666664,0.45444444444444443,0.49916666666666665,0.4566666666666667,0.42916666666666664,0.4855555555555556,0.4725,0.5455555555555556,0.49583333333333335,0.4633333333333333,0.5108333333333334,0.47,0.5541666666666667,0.3655555555555556,0.3908333333333333,0.44333333333333336,0.41083333333333333,0.4477777777777778,0.48083333333333333,0.5055555555555555,0.49416666666666664,0.3233333333333333,0.5258333333333334,0.25,0.44083333333333335,0.5322222222222223,0.5358333333333334,0.37666666666666665,0.5825,0.28777777777777774
