head_top_x,head_top_y,upper_neck_x,upper_neck_y,right_shoulder_x,right_shoulder_y,right_elbow_x,right_elbow_y,right_wrist_x,right_wrist_y,thorax_x,thorax_y,left_shoulder_x,left_shoulder_y,left_elbow_x,left_elbow_y,left_wrist_x,left_wrist_y,pelvis_x,pelvis_y,right_hip_x,right_hip_y,right_knee_x,right_knee_y,right_ankle_x,right_ankle_y,left_hip_x,left_hip_y,left_knee_x,left_knee_y,left_ankle_x,left_ankle_y
0.5041666666666667,0.34777777777777774,0.4891666666666667,0.5299999999999999,0.49083333333333334,0.5144444444444445,0.49416666666666664,0.5099999999999999,0.5108333333333334,0.3988888888888889,0.4975,0.5033333333333333,0.5125,0.47,0.5075,0.4766666666666666,0.5191666666666667,0.37666666666666665,0.4775,0.5855555555555556,0.47583333333333333,0.5744444444444444,0.4575,0.5477777777777778,0.4525,0.7388888888888889,0.4791666666666667,0.6055555555555556,0.4625,0.5522222222222223,0.4375,0.7477777777777778
