head_top_x,head_top_y,upper_neck_x,upper_neck_y,right_shoulder_x,right_shoulder_y,right_elbow_x,right_elbow_y,right_wrist_x,right_wrist_y,thorax_x,thorax_y,left_shoulder_x,left_shoulder_y,left_elbow_x,left_elbow_y,left_wrist_x,left_wrist_y,pelvis_x,pelvis_y,right_hip_x,right_hip_y,right_knee_x,right_knee_y,right_ankle_x,right_ankle_y,left_hip_x,left_hip_y,left_knee_x,left_knee_y,left_ankle_x,left_ankle_y
0.6008333333333333,0.19666666666666668,0.5075,0.25,0.5141666666666667,0.20777777777777776,0.5675,0.37000000000000005,0.6008333333333333,0.2611111111111111,0.5075,0.24111111111111114,0.4875,0.29000000000000004,0.5008333333333334,0.40111111111111114,0.5541666666666667,0.2811111111111111,0.5675,0.2811111111111111,0.5325,0.2522222222222222,0.49583333333333335,0.3011111111111111,0.5225,0.41,0.5391666666666667,0.3233333333333333,0.4925,0.31,0.4891666666666667,0.45222222222222225
