head_top_x,head_top_y,upper_neck_x,upper_neck_y,right_shoulder_x,right_shoulder_y,right_elbow_x,right_elbow_y,right_wrist_x,right_wrist_y,thorax_x,thorax_y,left_shoulder_x,left_shoulder_y,left_elbow_x,left_elbow_y,left_wrist_x,left_wrist_y,pelvis_x,pelvis_y,right_hip_x,right_hip_y,right_knee_x,right_knee_y,right_ankle_x,right_ankle_y,left_hip_x,left_hip_y,left_knee_x,left_knee_y,left_ankle_x,left_ankle_y
0.7291666666666666,0.34555555555555556,0.6008333333333333,0.32555555555555554,0.6058333333333333,0.3211111111111111,0.5808333333333333,0.39444444444444443,0.5875,0.5366666666666666,0.6008333333333333,0.32555555555555554,0.5975,0.31,0.5858333333333333,0.3611111111111111,0.6175,0.4677777777777778,0.48583333333333334,0.3566666666666667,0.48583333333333334,0.3566666666666667,0.4025,0.3855555555555556,0.32083333333333336,0.3988888888888889,0.4841666666666667,0.3522222222222222,0.4141666666666667,0.39222222222222225,0.3358333333333333,0.4033333333333333
