head_top_x,head_top_y,upper_neck_x,upper_neck_y,right_shoulder_x,right_shoulder_y,right_elbow_x,right_elbow_y,right_wrist_x,right_wrist_y,thorax_x,thorax_y,left_shoulder_x,left_shoulder_y,left_elbow_x,left_elbow_y,left_wrist_x,left_wrist_y,pelvis_x,pelvis_y,right_hip_x,right_hip_y,right_knee_x,right_knee_y,right_ankle_x,right_ankle_y,left_hip_x,left_hip_y,left_knee_x,left_knee_y,left_ankle_x,left_ankle_y
0.2708333333333333,0.31,0.3975,0.30777777777777776,0.38916666666666666,0.3544444444444444,0.3908333333333333,0.4077777777777778,0.38416666666666666,0.5033333333333333,0.4025,0.30777777777777776,0.39916666666666667,0.2677777777777777,0.4658333333333333,0.17888888888888888,0.7108333333333333,0.43,0.5108333333333334,0.3322222222222222,0.5108333333333334,0.3433333333333333,0.6341666666666667,0.39444444444444443,0.6991666666666667,0.42111111111111116,0.5108333333333334,0.3233333333333333,0.6341666666666667,0.3988888888888889,0.7175,0.43222222222222223
