head_top_x,head_top_y,upper_neck_x,upper_neck_y,right_shoulder_x,right_shoulder_y,right_elbow_x,right_elbow_y,right_wrist_x,right_wrist_y,thorax_x,thorax_y,left_shoulder_x,left_shoulder_y,left_elbow_x,left_elbow_y,left_wrist_x,left_wrist_y,pelvis_x,pelvis_y,right_hip_x,right_hip_y,right_knee_x,right_knee_y,right_ankle_x,right_ankle_y,left_hip_x,left_hip_y,left_knee_x,left_knee_y,left_ankle_x,left_ankle_y
0.6241666666666666,0.45444444444444443,0.5225,0.4277777777777778,0.5058333333333334,0.45,0.4608333333333333,0.3611111111111111,0.42916666666666664,0.26333333333333336,0.5175,0.4477777777777778,0.5441666666666667,0.44111111111111106,0.46416666666666667,0.37000000000000005,0.42916666666666664,0.27,0.48083333333333333,0.3877777777777778,0.44083333333333335,0.3611111111111111,0.41583333333333333,0.35000000000000003,0.43083333333333335,0.3011111111111111,0.49416666666666664,0.37222222222222223,0.44583333333333336,0.35888888888888887,0.42583333333333334,0.2722222222222222
