head_top_x,head_top_y,upper_neck_x,upper_neck_y,right_shoulder_x,right_shoulder_y,right_elbow_x,right_elbow_y,right_wrist_x,right_wrist_y,thorax_x,thorax_y,left_shoulder_x,left_shoulder_y,left_elbow_x,left_elbow_y,left_wrist_x,left_wrist_y,pelvis_x,pelvis_y,right_hip_x,right_hip_y,right_knee_x,right_knee_y,right_ankle_x,right_ankle_y,left_hip_x,left_hip_y,left_knee_x,left_knee_y,left_ankle_x,left_ankle_y
0.5791666666666667,0.43,0.5725,0.45222222222222225,0.42083333333333334,0.37666666666666665,0.42916666666666664,0.3788888888888889,0.4125,0.4255555555555555,0.4175,0.27666666666666667,0.44416666666666665,0.3055555555555556,0.4525,0.3877777777777778,0.6625,0.47,0.08083333333333333,0.5211111111111112,0.0825,0.5099999999999999,0.48583333333333334,0.3811111111111111,0.6175,0.45,0.0375,0.5322222222222223,0.5591666666666667,0.41444444444444445,0.44583333333333336,0.3811111111111111
