head_top_x,head_top_y,upper_neck_x,upper_neck_y,right_shoulder_x,right_shoulder_y,right_elbow_x,right_elbow_y,right_wrist_x,right_wrist_y,thorax_x,thorax_y,left_shoulder_x,left_shoulder_y,left_elbow_x,left_elbow_y,left_wrist_x,left_wrist_y,pelvis_x,pelvis_y,right_hip_x,right_hip_y,right_knee_x,right_knee_y,right_ankle_x,right_ankle_y,left_hip_x,left_hip_y,left_knee_x,left_knee_y,left_ankle_x,left_ankle_y
0.7508333333333334,0.44333333333333336,0.5325,0.4633333333333333,0.5675,0.3788888888888889,0.9275,0.15888888888888889,0.4225,0.5211111111111112,0.13083333333333333,0.5344444444444445,0.9825,1.0,0.5791666666666667,0.4811111111111111,0.6491666666666667,0.4677777777777778,0.7675,0.45222222222222225,0.7658333333333334,0.4477777777777778,0.6041666666666666,0.47444444444444445,0.5091666666666667,0.4633333333333333,0.7858333333333334,0.44555555555555554,0.6391666666666667,0.4611111111111111,0.5208333333333334,0.45444444444444443
