head_top_x,head_top_y,upper_neck_x,upper_neck_y,right_shoulder_x,right_shoulder_y,right_elbow_x,right_elbow_y,right_wrist_x,right_wrist_y,thorax_x,thorax_y,left_shoulder_x,left_shoulder_y,left_elbow_x,left_elbow_y,left_wrist_x,left_wrist_y,pelvis_x,pelvis_y,right_hip_x,right_hip_y,right_knee_x,right_knee_y,right_ankle_x,right_ankle_y,left_hip_x,left_hip_y,left_knee_x,left_knee_y,left_ankle_x,left_ankle_y
0.5508333333333333,0.18333333333333335,0.5041666666666667,0.07444444444444447,0.43916666666666665,0.11444444444444446,0.4191666666666667,0.2477777777777778,0.4558333333333333,0.1922222222222222,0.5025,0.10555555555555556,0.5641666666666667,0.10999999999999999,0.6041666666666666,0.21666666666666665,0.5841666666666666,0.12777777777777777,0.49416666666666664,0.3233333333333333,0.4625,0.3277777777777778,0.4558333333333333,0.3988888888888889,0.4775,0.4033333333333333,0.5308333333333334,0.31222222222222223,0.5591666666666667,0.44555555555555554,0.5691666666666667,0.6033333333333334
