head_top_x,head_top_y,upper_neck_x,upper_neck_y,right_shoulder_x,right_shoulder_y,right_elbow_x,right_elbow_y,right_wrist_x,right_wrist_y,thorax_x,thorax_y,left_shoulder_x,left_shoulder_y,left_elbow_x,left_elbow_y,left_wrist_x,left_wrist_y,pelvis_x,pelvis_y,right_hip_x,right_hip_y,right_knee_x,right_knee_y,right_ankle_x,right_ankle_y,left_hip_x,left_hip_y,left_knee_x,left_knee_y,left_ankle_x,left_ankle_y
0.6358333333333334,0.4611111111111111,0.5091666666666667,0.44111111111111106,0.5458333333333333,0.4477777777777778,0.6091666666666666,0.40111111111111114,0.31416666666666665,0.4388888888888889,0.5075,0.4477777777777778,0.4741666666666667,0.45,0.3925,0.43,0.3258333333333333,0.42111111111111116,0.5341666666666667,0.45222222222222225,0.4058333333333333,0.42333333333333334,0.4058333333333333,0.3744444444444444,0.2975,0.38999999999999996,0.2475,0.45,0.4175,0.42333333333333334,0.3308333333333333,0.41888888888888887
