head_top_x,head_top_y,upper_neck_x,upper_neck_y,right_shoulder_x,right_shoulder_y,right_elbow_x,right_elbow_y,right_wrist_x,right_wrist_y,thorax_x,thorax_y,left_shoulder_x,left_shoulder_y,left_elbow_x,left_elbow_y,left_wrist_x,left_wrist_y,pelvis_x,pelvis_y,right_hip_x,right_hip_y,right_knee_x,right_knee_y,right_ankle_x,right_ankle_y,left_hip_x,left_hip_y,left_knee_x,left_knee_y,left_ankle_x,left_ankle_y
0.49583333333333335,0.4122222222222222,0.4525,0.3655555555555556,0.42083333333333334,0.3744444444444444,0.43083333333333335,0.3833333333333333,0.6075,0.44555555555555554,0.5858333333333333,0.3522222222222222,0.45916666666666667,0.45222222222222225,0.5375,0.37666666666666665,0.6508333333333334,0.47222222222222227,0.3258333333333333,0.21666666666666665,0.3575,0.21444444444444444,0.4675,0.39444444444444443,0.4175,0.37666666666666665,0.37916666666666665,0.3855555555555556,0.5591666666666667,0.41444444444444445,0.44583333333333336,0.3877777777777778
