head_top_x,head_top_y,upper_neck_x,upper_neck_y,right_shoulder_x,right_shoulder_y,right_elbow_x,right_elbow_y,right_wrist_x,right_wrist_y,thorax_x,thorax_y,left_shoulder_x,left_shoulder_y,left_elbow_x,left_elbow_y,left_wrist_x,left_wrist_y,pelvis_x,pelvis_y,right_hip_x,right_hip_y,right_knee_x,right_knee_y,right_ankle_x,right_ankle_y,left_hip_x,left_hip_y,left_knee_x,left_knee_y,left_ankle_x,left_ankle_y
0.4975,0.16555555555555557,0.49083333333333334,0.34777777777777774,0.4675,0.30777777777777776,0.4175,0.2588888888888889,0.4658333333333333,0.3433333333333333,0.49083333333333334,0.3566666666666667,0.5325,0.3566666666666667,0.5525,0.40111111111111114,0.5458333333333333,0.5122222222222222,0.5008333333333334,0.26555555555555554,0.4891666666666667,0.21444444444444444,0.4708333333333333,0.4255555555555555,0.4975,0.1922222222222222,0.5391666666666667,0.3855555555555556,0.5375,0.3611111111111111,0.5258333333333334,0.21222222222222223
