head_top_x,head_top_y,upper_neck_x,upper_neck_y,right_shoulder_x,right_shoulder_y,right_elbow_x,right_elbow_y,right_wrist_x,right_wrist_y,thorax_x,thorax_y,left_shoulder_x,left_shoulder_y,left_elbow_x,left_elbow_y,left_wrist_x,left_wrist_y,pelvis_x,pelvis_y,right_hip_x,right_hip_y,right_knee_x,right_knee_y,right_ankle_x,right_ankle_y,left_hip_x,left_hip_y,left_knee_x,left_knee_y,left_ankle_x,left_ankle_y
0.4575,0.32555555555555554,0.4875,0.37000000000000005,0.5008333333333334,0.3811111111111111,0.5425,0.4788888888888889,0.5925,0.3055555555555556,0.4925,0.3655555555555556,0.5008333333333334,0.35888888888888887,0.5541666666666667,0.4677777777777778,0.5991666666666666,0.5766666666666667,0.4975,0.39444444444444443,0.48583333333333334,0.40111111111111114,0.5041666666666667,0.5833333333333334,0.5158333333333334,0.7455555555555556,0.5125,0.3877777777777778,0.4975,0.15888888888888889,0.5075,0.21444444444444444
