head_top_x,head_top_y,upper_neck_x,upper_neck_y,right_shoulder_x,right_shoulder_y,right_elbow_x,right_elbow_y,right_wrist_x,right_wrist_y,thorax_x,thorax_y,left_shoulder_x,left_shoulder_y,left_elbow_x,left_elbow_y,left_wrist_x,left_wrist_y,pelvis_x,pelvis_y,right_hip_x,right_hip_y,right_knee_x,right_knee_y,right_ankle_x,right_ankle_y,left_hip_x,left_hip_y,left_knee_x,left_knee_y,left_ankle_x,left_ankle_y
0.4325,0.4344444444444444,0.4975,0.3433333333333333,0.46416666666666667,0.3877777777777778,0.5791666666666667,0.47222222222222227,0.6075,0.5388888888888889,0.4825,0.3811111111111111,0.4891666666666667,0.36777777777777776,0.5641666666666667,0.46555555555555556,0.6208333333333333,0.5366666666666666,0.5758333333333333,0.5277777777777778,0.46416666666666667,0.4077777777777778,0.4691666666666667,0.44333333333333336,0.4575,0.4033333333333333,0.5791666666666667,0.6188888888888888,0.5291666666666667,0.4388888888888889,0.1975,0.39444444444444443
