head_top_x,head_top_y,upper_neck_x,upper_neck_y,right_shoulder_x,right_shoulder_y,right_elbow_x,right_elbow_y,right_wrist_x,right_wrist_y,thorax_x,thorax_y,left_shoulder_x,left_shoulder_y,left_elbow_x,left_elbow_y,left_wrist_x,left_wrist_y,pelvis_x,pelvis_y,right_hip_x,right_hip_y,right_knee_x,right_knee_y,right_ankle_x,right_ankle_y,left_hip_x,left_hip_y,left_knee_x,left_knee_y,left_ankle_x,left_ankle_y
0.4725,0.10333333333333335,0.5008333333333334,0.2833333333333334,0.5008333333333334,0.2988888888888889,0.49416666666666664,0.3877777777777778,0.5208333333333334,0.49,0.4975,0.3055555555555556,0.49083333333333334,0.31,0.5008333333333334,0.39222222222222225,0.5241666666666667,0.49666666666666665,0.42083333333333334,0.6033333333333334,0.4225,0.6277777777777778,0.3958333333333333,0.5011111111111112,0.2975,0.6388888888888888,0.4508333333333333,0.5633333333333334,0.3975,0.5011111111111112,0.32083333333333336,0.6077777777777778
