head_top_x,head_top_y,upper_neck_x,upper_neck_y,right_shoulder_x,right_shoulder_y,right_elbow_x,right_elbow_y,right_wrist_x,right_wrist_y,thorax_x,thorax_y,left_shoulder_x,left_shoulder_y,left_elbow_x,left_elbow_y,left_wrist_x,left_wrist_y,pelvis_x,pelvis_y,right_hip_x,right_hip_y,right_knee_x,right_knee_y,right_ankle_x,right_ankle_y,left_hip_x,left_hip_y,left_knee_x,left_knee_y,left_ankle_x,left_ankle_y
0.44416666666666665,0.1611111111111111,0.4675,0.3033333333333333,0.4275,0.31222222222222223,0.4608333333333333,0.36333333333333334,0.4925,0.37000000000000005,0.4691666666666667,0.2988888888888889,0.5058333333333334,0.2922222222222222,0.5908333333333333,0.32555555555555554,0.6558333333333334,0.3811111111111111,0.5158333333333334,0.44555555555555554,0.4925,0.46555555555555556,0.5391666666666667,0.4277777777777778,0.6408333333333334,0.4611111111111111,0.5475,0.42111111111111116,0.5991666666666666,0.4122222222222222,0.6491666666666667,0.4588888888888889
