head_top_x,head_top_y,upper_neck_x,upper_neck_y,right_shoulder_x,right_shoulder_y,right_elbow_x,right_elbow_y,right_wrist_x,right_wrist_y,thorax_x,thorax_y,left_shoulder_x,left_shoulder_y,left_elbow_x,left_elbow_y,left_wrist_x,left_wrist_y,pelvis_x,pelvis_y,right_hip_x,right_hip_y,right_knee_x,right_knee_y,right_ankle_x,right_ankle_y,left_hip_x,left_hip_y,left_knee_x,left_knee_y,left_ankle_x,left_ankle_y
0.4425,0.4988888888888889,0.4825,0.21444444444444444,0.49916666666666665,0.4611111111111111,0.4708333333333333,0.4166666666666667,0.5208333333333334,0.19000000000000003,0.4225,0.5055555555555555,0.5008333333333334,0.23444444444444446,0.5208333333333334,0.44555555555555554,0.5308333333333334,0.5011111111111112,0.45916666666666667,0.47444444444444445,0.46416666666666667,0.47444444444444445,0.47583333333333333,0.3544444444444444,0.49916666666666665,0.2233333333333333,0.4675,0.46555555555555556,0.49916666666666665,0.31,0.4925,0.24111111111111114
