head_top_x,head_top_y,upper_neck_x,upper_neck_y,right_shoulder_x,right_shoulder_y,right_elbow_x,right_elbow_y,right_wrist_x,right_wrist_y,thorax_x,thorax_y,left_shoulder_x,left_shoulder_y,left_elbow_x,left_elbow_y,left_wrist_x,left_wrist_y,pelvis_x,pelvis_y,right_hip_x,right_hip_y,right_knee_x,right_knee_y,right_ankle_x,right_ankle_y,left_hip_x,left_hip_y,left_knee_x,left_knee_y,left_ankle_x,left_ankle_y
0.4508333333333333,0.5188888888888888,0.4825,0.35000000000000003,0.4741666666666667,0.41888888888888887,0.5691666666666667,0.4055555555555555,0.5575,0.4366666666666667,0.48083333333333333,0.3744444444444444,0.4975,0.3277777777777778,0.4658333333333333,0.4388888888888889,0.4508333333333333,0.5522222222222223,0.49416666666666664,0.5011111111111112,0.45416666666666666,0.5233333333333333,0.4558333333333333,0.4988888888888889,0.4475,0.5677777777777777,0.5141666666666667,0.4588888888888889,0.4658333333333333,0.4811111111111111,0.44083333333333335,0.5677777777777777
