head_top_x,head_top_y,upper_neck_x,upper_neck_y,right_shoulder_x,right_shoulder_y,right_elbow_x,right_elbow_y,right_wrist_x,right_wrist_y,thorax_x,thorax_y,left_shoulder_x,left_shoulder_y,left_elbow_x,left_elbow_y,left_wrist_x,left_wrist_y,pelvis_x,pelvis_y,right_hip_x,right_hip_y,right_knee_x,right_knee_y,right_ankle_x,right_ankle_y,left_hip_x,left_hip_y,left_knee_x,left_knee_y,left_ankle_x,left_ankle_y
0.7191666666666666,0.41,0.6425,0.33666666666666667,0.6308333333333334,0.2788888888888889,0.6208333333333333,0.17444444444444449,0.6225,0.061111111111111116,0.6325,0.32555555555555554,0.6358333333333334,0.35888888888888887,0.6358333333333334,0.4344444444444444,0.6208333333333333,0.5433333333333333,0.4875,0.35000000000000003,0.4825,0.33666666666666667,0.3591666666666667,0.37222222222222223,0.2791666666666667,0.39222222222222225,0.4891666666666667,0.3566666666666667,0.36583333333333334,0.39444444444444443,0.2841666666666667,0.40111111111111114
