head_top_x,head_top_y,upper_neck_x,upper_neck_y,right_shoulder_x,right_shoulder_y,right_elbow_x,right_elbow_y,right_wrist_x,right_wrist_y,thorax_x,thorax_y,left_shoulder_x,left_shoulder_y,left_elbow_x,left_elbow_y,left_wrist_x,left_wrist_y,pelvis_x,pelvis_y,right_hip_x,right_hip_y,right_knee_x,right_knee_y,right_ankle_x,right_ankle_y,left_hip_x,left_hip_y,left_knee_x,left_knee_y,left_ankle_x,left_ankle_y
0.5258333333333334,0.39444444444444443,0.4975,0.3211111111111111,0.4975,0.2833333333333334,0.5008333333333334,0.2988888888888889,0.48583333333333334,0.4611111111111111,0.5791666666666667,0.4877777777777778,0.5025,0.2722222222222222,0.5058333333333334,0.27444444444444444,0.48583333333333334,0.4566666666666667,0.10083333333333333,0.3566666666666667,0.09416666666666666,0.34555555555555556,0.48583333333333334,0.17888888888888888,0.49583333333333335,0.11666666666666665,0.1125,0.3566666666666667,0.49583333333333335,0.1988888888888889,0.5008333333333334,0.06777777777777778
