head_top_x,head_top_y,upper_neck_x,upper_neck_y,right_shoulder_x,right_shoulder_y,right_elbow_x,right_elbow_y,right_wrist_x,right_wrist_y,thorax_x,thorax_y,left_shoulder_x,left_shoulder_y,left_elbow_x,left_elbow_y,left_wrist_x,left_wrist_y,pelvis_x,pelvis_y,right_hip_x,right_hip_y,right_knee_x,right_knee_y,right_ankle_x,right_ankle_y,left_hip_x,left_hip_y,left_knee_x,left_knee_y,left_ankle_x,left_ankle_y
0.4725,0.15222222222222223,0.5041666666666667,0.3011111111111111,0.49916666666666665,0.32555555555555554,0.4925,0.45444444444444443,0.4725,0.5877777777777777,0.49916666666666665,0.2811111111111111,0.5091666666666667,0.27,0.4975,0.17,0.4708333333333333,0.601111111111111,0.4891666666666667,0.49444444444444446,0.4875,0.5033333333333333,0.46416666666666667,0.5499999999999999,0.0625,0.4788888888888889,0.49416666666666664,0.5077777777777778,0.47583333333333333,0.4811111111111111,0.4975,0.08333333333333333
