head_top_x,head_top_y,upper_neck_x,upper_neck_y,right_shoulder_x,right_shoulder_y,right_elbow_x,right_elbow_y,right_wrist_x,right_wrist_y,thorax_x,thorax_y,left_shoulder_x,left_shoulder_y,left_elbow_x,left_elbow_y,left_wrist_x,left_wrist_y,pelvis_x,pelvis_y,right_hip_x,right_hip_y,right_knee_x,right_knee_y,right_ankle_x,right_ankle_y,left_hip_x,left_hip_y,left_knee_x,left_knee_y,left_ankle_x,left_ankle_y
0.4875,0.3544444444444444,0.2625,0.4811111111111111,0.5691666666666667,0.17444444444444449,0.4625,0.4255555555555555,0.4608333333333333,0.4788888888888889,0.5475,0.6255555555555555,0.5541666666666667,0.17666666666666667,0.5225,0.35888888888888887,0.5508333333333333,0.15,0.44916666666666666,0.5322222222222223,0.49416666666666664,0.5411111111111112,0.48083333333333333,0.33666666666666667,0.5225,0.1677777777777778,0.4575,0.45444444444444443,0.5041666666666667,0.3233333333333333,0.5108333333333334,0.17666666666666667
