head_top_x,head_top_y,upper_neck_x,upper_neck_y,right_shoulder_x,right_shoulder_y,right_elbow_x,right_elbow_y,right_wrist_x,right_wrist_y,thorax_x,thorax_y,left_shoulder_x,left_shoulder_y,left_elbow_x,left_elbow_y,left_wrist_x,left_wrist_y,pelvis_x,pelvis_y,right_hip_x,right_hip_y,right_knee_x,right_knee_y,right_ankle_x,right_ankle_y,left_hip_x,left_hip_y,left_knee_x,left_knee_y,left_ankle_x,left_ankle_y
0.5741666666666667,0.3211111111111111,0.5575,0.35888888888888887,0.5425,0.33888888888888885,0.4325,0.3833333333333333,0.3325,0.31666666666666665,0.5575,0.3544444444444444,0.5625,0.36333333333333334,0.4375,0.4166666666666667,0.3258333333333333,0.3233333333333333,0.4775,0.4566666666666667,0.4708333333333333,0.4477777777777778,0.43583333333333335,0.4055555555555555,0.5408333333333334,0.33888888888888885,0.4775,0.47222222222222227,0.45916666666666667,0.4055555555555555,0.5391666666666667,0.34555555555555556
