head_top_x,head_top_y,upper_neck_x,upper_neck_y,right_shoulder_x,right_shoulder_y,right_elbow_x,right_elbow_y,right_wrist_x,right_wrist_y,thorax_x,thorax_y,left_shoulder_x,left_shoulder_y,left_elbow_x,left_elbow_y,left_wrist_x,left_wrist_y,pelvis_x,pelvis_y,right_hip_x,right_hip_y,right_knee_x,right_knee_y,right_ankle_x,right_ankle_y,left_hip_x,left_hip_y,left_knee_x,left_knee_y,left_ankle_x,left_ankle_y
0.4841666666666667,0.3566666666666667,0.5025,0.24555555555555553,0.4975,0.26333333333333336,0.4891666666666667,0.39222222222222225,0.4825,0.3811111111111111,0.4791666666666667,0.3655555555555556,0.5141666666666667,0.30777777777777776,0.5008333333333334,0.32555555555555554,0.49583333333333335,0.34111111111111114,0.46416666666666667,0.2833333333333334,0.4925,0.45,0.49416666666666664,0.3522222222222222,0.49916666666666665,0.30777777777777776,0.4675,0.31666666666666665,0.5075,0.34111111111111114,0.49583333333333335,0.28555555555555556
