head_top_x,head_top_y,upper_neck_x,upper_neck_y,right_shoulder_x,right_shoulder_y,right_elbow_x,right_elbow_y,right_wrist_x,right_wrist_y,thorax_x,thorax_y,left_shoulder_x,left_shoulder_y,left_elbow_x,left_elbow_y,left_wrist_x,left_wrist_y,pelvis_x,pelvis_y,right_hip_x,right_hip_y,right_knee_x,right_knee_y,right_ankle_x,right_ankle_y,left_hip_x,left_hip_y,left_knee_x,left_knee_y,left_ankle_x,left_ankle_y
0.4525,0.4055555555555555,0.42916666666666664,0.4788888888888889,0.43083333333333335,0.4988888888888889,0.42916666666666664,0.49666666666666665,0.42916666666666664,0.33,0.5141666666666667,0.3788888888888889,0.4725,0.39444444444444443,0.5225,0.32555555555555554,0.4708333333333333,0.26333333333333336,0.44083333333333335,0.47444444444444445,0.45416666666666666,0.45222222222222225,0.4525,0.39444444444444443,0.43916666666666665,0.29444444444444445,0.43416666666666665,0.5522222222222223,0.5141666666666667,0.3277777777777778,0.4691666666666667,0.4055555555555555
