head_top_x,head_top_y,upper_neck_x,upper_neck_y,right_shoulder_x,right_shoulder_y,right_elbow_x,right_elbow_y,right_wrist_x,right_wrist_y,thorax_x,thorax_y,left_shoulder_x,left_shoulder_y,left_elbow_x,left_elbow_y,left_wrist_x,left_wrist_y,pelvis_x,pelvis_y,right_hip_x,right_hip_y,right_knee_x,right_knee_y,right_ankle_x,right_ankle_y,left_hip_x,left_hip_y,left_knee_x,left_knee_y,left_ankle_x,left_ankle_y
0.4275,0.47,0.5058333333333334,0.31666666666666665,0.5425,0.32555555555555554,0.5125,0.30777777777777776,0.43083333333333335,0.4566666666666667,0.5375,0.3566666666666667,0.45416666666666666,0.4077777777777778,0.5025,0.31222222222222223,0.44083333333333335,0.42111111111111116,0.4525,0.4366666666666667,0.6275,0.40111111111111114,0.49916666666666665,0.33,0.44083333333333335,0.44555555555555554,0.5475,0.39444444444444443,0.49083333333333334,0.34777777777777774,0.6141666666666666,0.45444444444444443
