head_top_x,head_top_y,upper_neck_x,upper_neck_y,right_shoulder_x,right_shoulder_y,right_elbow_x,right_elbow_y,right_wrist_x,right_wrist_y,thorax_x,thorax_y,left_shoulder_x,left_shoulder_y,left_elbow_x,left_elbow_y,left_wrist_x,left_wrist_y,pelvis_x,pelvis_y,right_hip_x,right_hip_y,right_knee_x,right_knee_y,right_ankle_x,right_ankle_y,left_hip_x,left_hip_y,left_knee_x,left_knee_y,left_ankle_x,left_ankle_y
0.5175,0.29000000000000004,0.5158333333333334,0.3855555555555556,0.4625,0.39666666666666667,0.6091666666666666,0.1366666666666667,0.5408333333333334,0.3566666666666667,0.11083333333333334,0.39666666666666667,0.5075,0.4788888888888889,0.5075,0.43222222222222223,0.5308333333333334,0.33666666666666667,0.49583333333333335,0.4877777777777778,0.4975,0.47444444444444445,0.4558333333333333,0.4477777777777778,0.5275,0.41,0.49583333333333335,0.4855555555555556,0.5025,0.4477777777777778,0.43083333333333335,0.41444444444444445
