head_top_x,head_top_y,upper_neck_x,upper_neck_y,right_shoulder_x,right_shoulder_y,right_elbow_x,right_elbow_y,right_wrist_x,right_wrist_y,thorax_x,thorax_y,left_shoulder_x,left_shoulder_y,left_elbow_x,left_elbow_y,left_wrist_x,left_wrist_y,pelvis_x,pelvis_y,right_hip_x,right_hip_y,right_knee_x,right_knee_y,right_ankle_x,right_ankle_y,left_hip_x,left_hip_y,left_knee_x,left_knee_y,left_ankle_x,left_ankle_y
0.4508333333333333,0.42333333333333334,0.45916666666666667,0.4055555555555555,0.5391666666666667,0.23444444444444446,0.49083333333333334,0.3788888888888889,0.4925,0.20999999999999996,0.49916666666666665,0.26333333333333336,0.49583333333333335,0.3855555555555556,0.5041666666666667,0.31666666666666665,0.43916666666666665,0.46555555555555556,0.44583333333333336,0.4166666666666667,0.5741666666666667,0.3277777777777778,0.4975,0.2522222222222222,0.4625,0.44111111111111106,0.4725,0.1366666666666667,0.4975,0.24333333333333332,0.4708333333333333,0.4255555555555555
