head_top_x,head_top_y,upper_neck_x,upper_neck_y,right_shoulder_x,right_shoulder_y,right_elbow_x,right_elbow_y,right_wrist_x,right_wrist_y,thorax_x,thorax_y,left_shoulder_x,left_shoulder_y,left_elbow_x,left_elbow_y,left_wrist_x,left_wrist_y,pelvis_x,pelvis_y,right_hip_x,right_hip_y,right_knee_x,right_knee_y,right_ankle_x,right_ankle_y,left_hip_x,left_hip_y,left_knee_x,left_knee_y,left_ankle_x,left_ankle_y
0.5491666666666667,0.26555555555555554,0.5025,0.3011111111111111,0.5025,0.24111111111111114,0.5541666666666667,0.4077777777777778,0.5141666666666667,0.3011111111111111,0.07583333333333334,0.6211111111111111,0.5441666666666667,0.42333333333333334,0.5358333333333334,0.15222222222222223,0.5425,0.2544444444444445,0.0925,0.6166666666666667,0.5025,0.2722222222222222,0.5025,0.40111111111111114,0.5141666666666667,0.4344444444444444,0.1075,0.6211111111111111,0.5508333333333333,0.39666666666666667,0.5208333333333334,0.3277777777777778
