head_top_x,head_top_y,upper_neck_x,upper_neck_y,right_shoulder_x,right_shoulder_y,right_elbow_x,right_elbow_y,right_wrist_x,right_wrist_y,thorax_x,thorax_y,left_shoulder_x,left_shoulder_y,left_elbow_x,left_elbow_y,left_wrist_x,left_wrist_y,pelvis_x,pelvis_y,right_hip_x,right_hip_y,right_knee_x,right_knee_y,right_ankle_x,right_ankle_y,left_hip_x,left_hip_y,left_knee_x,left_knee_y,left_ankle_x,left_ankle_y
0.5091666666666667,0.02111111111111112,0.5108333333333334,0.22777777777777777,0.5091666666666667,0.2255555555555556,0.5525,0.33888888888888885,0.5825,0.47,0.5108333333333334,0.22999999999999998,0.5175,0.23444444444444446,0.5525,0.34777777777777774,0.5808333333333333,0.4677777777777778,0.5158333333333334,0.3744444444444444,0.5175,0.37000000000000005,0.5341666666666667,0.5122222222222222,0.5525,0.61,0.5141666666666667,0.37666666666666665,0.5275,0.5344444444444445,0.5775,0.7077777777777778
