head_top_x,head_top_y,upper_neck_x,upper_neck_y,right_shoulder_x,right_shoulder_y,right_elbow_x,right_elbow_y,right_wrist_x,right_wrist_y,thorax_x,thorax_y,left_shoulder_x,left_shoulder_y,left_elbow_x,left_elbow_y,left_wrist_x,left_wrist_y,pelvis_x,pelvis_y,right_hip_x,right_hip_y,right_knee_x,right_knee_y,right_ankle_x,right_ankle_y,left_hip_x,left_hip_y,left_knee_x,left_knee_y,left_ankle_x,left_ankle_y
0.4241666666666667,0.35888888888888887,0.4791666666666667,0.34777777777777774,0.6258333333333334,0.4588888888888889,0.6275,0.45,0.6275,0.44333333333333336,0.4891666666666667,0.4122222222222222,0.37416666666666665,0.5233333333333333,0.43416666666666665,0.57,0.6225,0.4366666666666667,0.3825,0.5033333333333333,0.3641666666666667,0.4877777777777778,0.5041666666666667,0.39444444444444443,0.43083333333333335,0.38999999999999996,0.41083333333333333,0.5233333333333333,0.44083333333333335,0.3855555555555556,0.43583333333333335,0.38999999999999996
