head_top_x,head_top_y,upper_neck_x,upper_neck_y,right_shoulder_x,right_shoulder_y,right_elbow_x,right_elbow_y,right_wrist_x,right_wrist_y,thorax_x,thorax_y,left_shoulder_x,left_shoulder_y,left_elbow_x,left_elbow_y,left_wrist_x,left_wrist_y,pelvis_x,pelvis_y,right_hip_x,right_hip_y,right_knee_x,right_knee_y,right_ankle_x,right_ankle_y,left_hip_x,left_hip_y,left_knee_x,left_knee_y,left_ankle_x,left_ankle_y
0.6741666666666667,0.3833333333333333,0.5808333333333333,0.34777777777777774,0.5941666666666666,0.35888888888888887,0.5925,0.4055555555555555,0.32416666666666666,0.4677777777777778,0.5841666666666666,0.36333333333333334,0.5958333333333333,0.33888888888888885,0.6025,0.33,0.3375,0.47444444444444445,0.4975,0.3655555555555556,0.49416666666666664,0.35888888888888887,0.4325,0.40111111111111114,0.36583333333333334,0.46555555555555556,0.4891666666666667,0.36777777777777776,0.45916666666666667,0.6055555555555556,0.3441666666666667,0.5411111111111112
