head_top_x,head_top_y,upper_neck_x,upper_neck_y,right_shoulder_x,right_shoulder_y,right_elbow_x,right_elbow_y,right_wrist_x,right_wrist_y,thorax_x,thorax_y,left_shoulder_x,left_shoulder_y,left_elbow_x,left_elbow_y,left_wrist_x,left_wrist_y,pelvis_x,pelvis_y,right_hip_x,right_hip_y,right_knee_x,right_knee_y,right_ankle_x,right_ankle_y,left_hip_x,left_hip_y,left_knee_x,left_knee_y,left_ankle_x,left_ankle_y
0.45416666666666666,0.33666666666666667,0.44083333333333335,0.36777777777777776,0.43583333333333335,0.4055555555555555,0.43916666666666665,0.31,0.6108333333333333,0.47444444444444445,0.4275,0.3233333333333333,0.46416666666666667,0.3988888888888889,0.5525,0.43222222222222223,0.6408333333333334,0.49,0.4241666666666667,0.37000000000000005,0.45416666666666666,0.35000000000000003,0.49583333333333335,0.4477777777777778,0.5991666666666666,0.6988888888888889,0.5991666666666666,0.6122222222222221,0.4775,0.43222222222222223,0.5975,0.71
