head_top_x,head_top_y,upper_neck_x,upper_neck_y,right_shoulder_x,right_shoulder_y,right_elbow_x,right_elbow_y,right_wrist_x,right_wrist_y,thorax_x,thorax_y,left_shoulder_x,left_shoulder_y,left_elbow_x,left_elbow_y,left_wrist_x,left_wrist_y,pelvis_x,pelvis_y,right_hip_x,right_hip_y,right_knee_x,right_knee_y,right_ankle_x,right_ankle_y,left_hip_x,left_hip_y,left_knee_x,left_knee_y,left_ankle_x,left_ankle_y
0.5091666666666667,0.33,0.44083333333333335,0.3544444444444444,0.5175,0.35888888888888887,0.5975,0.39222222222222225,0.4025,0.4877777777777778,0.4925,0.24111111111111114,0.4658333333333333,0.3544444444444444,0.4141666666666667,0.3877777777777778,0.6875,0.15444444444444447,0.5058333333333334,0.36777777777777776,0.5108333333333334,0.3655555555555556,0.5241666666666667,0.21666666666666665,0.4575,0.20333333333333337,0.5075,0.37000000000000005,0.5358333333333334,0.2188888888888889,0.49916666666666665,0.19666666666666668
