head_top_x,head_top_y,upper_neck_x,upper_neck_y,right_shoulder_x,right_shoulder_y,right_elbow_x,right_elbow_y,right_wrist_x,right_wrist_y,thorax_x,thorax_y,left_shoulder_x,left_shoulder_y,left_elbow_x,left_elbow_y,left_wrist_x,left_wrist_y,pelvis_x,pelvis_y,right_hip_x,right_hip_y,right_knee_x,right_knee_y,right_ankle_x,right_ankle_y,left_hip_x,left_hip_y,left_knee_x,left_knee_y,left_ankle_x,left_ankle_y
0.4025,0.5677777777777777,0.4525,0.4077777777777778,0.5008333333333334,0.5344444444444445,0.5158333333333334,0.4855555555555556,0.42583333333333334,0.4677777777777778,0.44916666666666666,0.5255555555555556,0.4775,0.49666666666666665,0.48583333333333334,0.49222222222222217,0.4325,0.47222222222222227,0.44583333333333336,0.4166666666666667,0.48583333333333334,0.4633333333333333,0.4975,0.4611111111111111,0.5575,0.3277777777777778,0.5558333333333333,0.31,0.5175,0.4588888888888889,0.5591666666666667,0.31444444444444447
