head_top_x,head_top_y,upper_neck_x,upper_neck_y,right_shoulder_x,right_shoulder_y,right_elbow_x,right_elbow_y,right_wrist_x,right_wrist_y,thorax_x,thorax_y,left_shoulder_x,left_shoulder_y,left_elbow_x,left_elbow_y,left_wrist_x,left_wrist_y,pelvis_x,pelvis_y,right_hip_x,right_hip_y,right_knee_x,right_knee_y,right_ankle_x,right_ankle_y,left_hip_x,left_hip_y,left_knee_x,left_knee_y,left_ankle_x,left_ankle_y
0.6358333333333334,0.5211111111111112,0.5358333333333334,0.41,0.5208333333333334,0.4122222222222222,0.45916666666666667,0.37666666666666665,0.41583333333333333,0.31888888888888894,0.5391666666666667,0.4055555555555555,0.5525,0.4055555555555555,0.6125,0.45444444444444443,0.6091666666666666,0.5633333333333334,0.3025,0.35888888888888887,0.31416666666666665,0.33888888888888885,0.060833333333333336,0.4588888888888889,0.06583333333333333,0.4766666666666666,0.29083333333333333,0.3655555555555556,0.1725,0.45222222222222225,0.17416666666666666,0.4877777777777778
