head_top_x,head_top_y,upper_neck_x,upper_neck_y,right_shoulder_x,right_shoulder_y,right_elbow_x,right_elbow_y,right_wrist_x,right_wrist_y,thorax_x,thorax_y,left_shoulder_x,left_shoulder_y,left_elbow_x,left_elbow_y,left_wrist_x,left_wrist_y,pelvis_x,pelvis_y,right_hip_x,right_hip_y,right_knee_x,right_knee_y,right_ankle_x,right_ankle_y,left_hip_x,left_hip_y,left_knee_x,left_knee_y,left_ankle_x,left_ankle_y
0.3325,0.3322222222222222,0.44583333333333336,0.4122222222222222,0.4175,0.4277777777777778,0.3908333333333333,0.5033333333333333,0.43583333333333335,0.5677777777777777,0.43916666666666665,0.42111111111111116,0.45416666666666666,0.3855555555555556,0.5625,0.45,0.5808333333333333,0.29444444444444445,0.5308333333333334,0.45,0.5091666666666667,0.49444444444444446,0.5741666666666667,0.3344444444444445,0.6075,0.2788888888888889,0.5475,0.44111111111111106,0.5808333333333333,0.33888888888888885,0.6025,0.26555555555555554
