head_top_x,head_top_y,upper_neck_x,upper_neck_y,right_shoulder_x,right_shoulder_y,right_elbow_x,right_elbow_y,right_wrist_x,right_wrist_y,thorax_x,thorax_y,left_shoulder_x,left_shoulder_y,left_elbow_x,left_elbow_y,left_wrist_x,left_wrist_y,pelvis_x,pelvis_y,right_hip_x,right_hip_y,right_knee_x,right_knee_y,right_ankle_x,right_ankle_y,left_hip_x,left_hip_y,left_knee_x,left_knee_y,left_ankle_x,left_ankle_y
0.4841666666666667,0.48333333333333334,0.4708333333333333,0.6055555555555556,0.5508333333333333,0.38999999999999996,0.49083333333333334,0.5055555555555555,0.5558333333333333,0.37666666666666665,0.4925,0.2811111111111111,0.5141666666666667,0.5344444444444445,0.5375,0.3788888888888889,0.5625,0.3277777777777778,0.5108333333333334,0.5455555555555556,0.5058333333333334,0.5344444444444445,0.47583333333333333,0.46555555555555556,0.4375,0.3855555555555556,0.5358333333333334,0.5566666666666666,0.5375,0.39444444444444443,0.5175,0.38999999999999996
