head_top_x,head_top_y,upper_neck_x,upper_neck_y,right_shoulder_x,right_shoulder_y,right_elbow_x,right_elbow_y,right_wrist_x,right_wrist_y,thorax_x,thorax_y,left_shoulder_x,left_shoulder_y,left_elbow_x,left_elbow_y,left_wrist_x,left_wrist_y,pelvis_x,pelvis_y,right_hip_x,right_hip_y,right_knee_x,right_knee_y,right_ankle_x,right_ankle_y,left_hip_x,left_hip_y,left_knee_x,left_knee_y,left_ankle_x,left_ankle_y
0.4075,0.41,0.4575,0.34111111111111114,0.5291666666666667,0.3788888888888889,0.5991666666666666,0.41444444444444445,0.6641666666666667,0.5055555555555555,0.4775,0.34111111111111114,0.4741666666666667,0.3011111111111111,0.3958333333333333,0.4055555555555555,0.3541666666666667,0.49222222222222217,0.44916666666666666,0.5322222222222223,0.45916666666666667,0.5122222222222222,0.5525,0.3833333333333333,0.6141666666666666,0.41888888888888887,0.44083333333333335,0.5277777777777778,0.5175,0.3211111111111111,0.3625,0.4811111111111111
