head_top_x,head_top_y,upper_neck_x,upper_neck_y,right_shoulder_x,right_shoulder_y,right_elbow_x,right_elbow_y,right_wrist_x,right_wrist_y,thorax_x,thorax_y,left_shoulder_x,left_shoulder_y,left_elbow_x,left_elbow_y,left_wrist_x,left_wrist_y,pelvis_x,pelvis_y,right_hip_x,right_hip_y,right_knee_x,right_knee_y,right_ankle_x,right_ankle_y,left_hip_x,left_hip_y,left_knee_x,left_knee_y,left_ankle_x,left_ankle_y
0.7291666666666666,0.37222222222222223,0.6075,0.3433333333333333,0.6091666666666666,0.34777777777777774,0.5841666666666666,0.4366666666666667,0.5925,0.5411111111111112,0.6091666666666666,0.34777777777777774,0.6091666666666666,0.3344444444444445,0.5875,0.4077777777777778,0.6125,0.4766666666666666,0.4775,0.37666666666666665,0.4725,0.37222222222222223,0.3958333333333333,0.3833333333333333,0.3325,0.3744444444444444,0.4791666666666667,0.3744444444444444,0.4225,0.4055555555555555,0.35583333333333333,0.3877777777777778
