head_top_x,head_top_y,upper_neck_x,upper_neck_y,right_shoulder_x,right_shoulder_y,right_elbow_x,right_elbow_y,right_wrist_x,right_wrist_y,thorax_x,thorax_y,left_shoulder_x,left_shoulder_y,left_elbow_x,left_elbow_y,left_wrist_x,left_wrist_y,pelvis_x,pelvis_y,right_hip_x,right_hip_y,right_knee_x,right_knee_y,right_ankle_x,right_ankle_y,left_hip_x,left_hip_y,left_knee_x,left_knee_y,left_ankle_x,left_ankle_y
0.5808333333333333,0.37000000000000005,0.5008333333333334,0.2677777777777777,0.44583333333333336,0.29444444444444445,0.47583333333333333,0.45222222222222225,0.4725,0.3611111111111111,0.49416666666666664,0.2788888888888889,0.5308333333333334,0.2811111111111111,0.5458333333333333,0.41,0.5458333333333333,0.5433333333333333,0.4925,0.31,0.4575,0.31,0.4841666666666667,0.43222222222222223,0.5441666666666667,0.5366666666666666,0.5341666666666667,0.2988888888888889,0.5408333333333334,0.3877777777777778,0.5708333333333333,0.5966666666666667
