head_top_x,head_top_y,upper_neck_x,upper_neck_y,right_shoulder_x,right_shoulder_y,right_elbow_x,right_elbow_y,right_wrist_x,right_wrist_y,thorax_x,thorax_y,left_shoulder_x,left_shoulder_y,left_elbow_x,left_elbow_y,left_wrist_x,left_wrist_y,pelvis_x,pelvis_y,right_hip_x,right_hip_y,right_knee_x,right_knee_y,right_ankle_x,right_ankle_y,left_hip_x,left_hip_y,left_knee_x,left_knee_y,left_ankle_x,left_ankle_y
0.5091666666666667,0.2522222222222222,0.5041666666666667,0.19444444444444442,0.5175,0.31444444444444447,0.4875,0.3877777777777778,0.4891666666666667,0.4855555555555556,0.5108333333333334,0.2477777777777778,0.5108333333333334,0.22777777777777777,0.5558333333333333,0.3433333333333333,0.5125,0.2988888888888889,0.10416666666666667,0.12777777777777777,0.1075,0.11666666666666665,0.4875,0.31888888888888894,0.4975,0.2611111111111111,0.0875,0.09888888888888887,0.5041666666666667,0.26555555555555554,0.49416666666666664,0.27
