head_top_x,head_top_y,upper_neck_x,upper_neck_y,right_shoulder_x,right_shoulder_y,right_elbow_x,right_elbow_y,right_wrist_x,right_wrist_y,thorax_x,thorax_y,left_shoulder_x,left_shoulder_y,left_elbow_x,left_elbow_y,left_wrist_x,left_wrist_y,pelvis_x,pelvis_y,right_hip_x,right_hip_y,right_knee_x,right_knee_y,right_ankle_x,right_ankle_y,left_hip_x,left_hip_y,left_knee_x,left_knee_y,left_ankle_x,left_ankle_y
0.43083333333333335,0.39666666666666667,0.4841666666666667,0.40111111111111114,0.4741666666666667,0.4122222222222222,0.42916666666666664,0.3833333333333333,0.43083333333333335,0.29000000000000004,0.4775,0.4122222222222222,0.5325,0.3611111111111111,0.48083333333333333,0.4077777777777778,0.5391666666666667,0.37222222222222223,0.5141666666666667,0.4122222222222222,0.5025,0.41,0.43083333333333335,0.4033333333333333,0.4041666666666667,0.5299999999999999,0.5241666666666667,0.41888888888888887,0.4608333333333333,0.41444444444444445,0.44416666666666665,0.5499999999999999
