head_top_x,head_top_y,upper_neck_x,upper_neck_y,right_shoulder_x,right_shoulder_y,right_elbow_x,right_elbow_y,right_wrist_x,right_wrist_y,thorax_x,thorax_y,left_shoulder_x,left_shoulder_y,left_elbow_x,left_elbow_y,left_wrist_x,left_wrist_y,pelvis_x,pelvis_y,right_hip_x,right_hip_y,right_knee_x,right_knee_y,right_ankle_x,right_ankle_y,left_hip_x,left_hip_y,left_knee_x,left_knee_y,left_ankle_x,left_ankle_y
0.5725,0.4077777777777778,0.3908333333333333,0.42111111111111116,0.5825,0.37222222222222223,0.5708333333333333,0.3788888888888889,0.5991666666666666,0.3544444444444444,0.5425,0.41444444444444445,0.6058333333333333,0.34555555555555556,0.5041666666666667,0.39666666666666667,0.5775,0.3655555555555556,0.5275,0.3744444444444444,0.4375,0.45,0.4608333333333333,0.4344444444444444,0.3775,0.48333333333333334,0.4058333333333333,0.44555555555555554,0.4625,0.4255555555555555,0.38083333333333336,0.4566666666666667
