head_top_x,head_top_y,upper_neck_x,upper_neck_y,right_shoulder_x,right_shoulder_y,right_elbow_x,right_elbow_y,right_wrist_x,right_wrist_y,thorax_x,thorax_y,left_shoulder_x,left_shoulder_y,left_elbow_x,left_elbow_y,left_wrist_x,left_wrist_y,pelvis_x,pelvis_y,right_hip_x,right_hip_y,right_knee_x,right_knee_y,right_ankle_x,right_ankle_y,left_hip_x,left_hip_y,left_knee_x,left_knee_y,left_ankle_x,left_ankle_y
0.3408333333333333,0.44111111111111106,0.5391666666666667,0.37666666666666665,0.4041666666666667,0.43222222222222223,0.4058333333333333,0.4766666666666666,0.30916666666666665,0.46555555555555556,0.5358333333333334,0.39444444444444443,0.5658333333333333,0.33888888888888885,0.5658333333333333,0.44555555555555554,0.5608333333333333,0.2922222222222222,0.4191666666666667,0.47,0.5025,0.40111111111111114,0.4191666666666667,0.4677777777777778,0.5458333333333333,0.4077777777777778,0.5458333333333333,0.37222222222222223,0.44416666666666665,0.4677777777777778,0.3641666666666667,0.4611111111111111
