head_top_x,head_top_y,upper_neck_x,upper_neck_y,right_shoulder_x,right_shoulder_y,right_elbow_x,right_elbow_y,right_wrist_x,right_wrist_y,thorax_x,thorax_y,left_shoulder_x,left_shoulder_y,left_elbow_x,left_elbow_y,left_wrist_x,left_wrist_y,pelvis_x,pelvis_y,right_hip_x,right_hip_y,right_knee_x,right_knee_y,right_ankle_x,right_ankle_y,left_hip_x,left_hip_y,left_knee_x,left_knee_y,left_ankle_x,left_ankle_y
0.5691666666666667,0.2833333333333334,0.5308333333333334,0.4633333333333333,0.5425,0.46555555555555556,0.6325,0.5788888888888889,0.7191666666666666,0.65,0.5341666666666667,0.45,0.5375,0.42111111111111116,0.5441666666666667,0.3744444444444444,0.5491666666666667,0.3233333333333333,0.5408333333333334,0.47,0.5541666666666667,0.5211111111111112,0.31083333333333335,0.49666666666666665,0.2725,0.4877777777777778,0.5458333333333333,0.4366666666666667,0.3225,0.49,0.2675,0.5166666666666666
