head_top_x,head_top_y,upper_neck_x,upper_neck_y,right_shoulder_x,right_shoulder_y,right_elbow_x,right_elbow_y,right_wrist_x,right_wrist_y,thorax_x,thorax_y,left_shoulder_x,left_shoulder_y,left_elbow_x,left_elbow_y,left_wrist_x,left_wrist_y,pelvis_x,pelvis_y,right_hip_x,right_hip_y,right_knee_x,right_knee_y,right_ankle_x,right_ankle_y,left_hip_x,left_hip_y,left_knee_x,left_knee_y,left_ankle_x,left_ankle_y
0.5341666666666667,0.27666666666666667,0.4708333333333333,0.4277777777777778,0.44916666666666666,0.3988888888888889,0.4041666666666667,0.44555555555555554,0.5041666666666667,0.35888888888888887,0.4791666666666667,0.4255555555555555,0.5075,0.45,0.5291666666666667,0.4477777777777778,0.5508333333333333,0.3611111111111111,0.43916666666666665,0.37666666666666665,0.4325,0.37000000000000005,0.42583333333333334,0.39444444444444443,0.39416666666666667,0.47,0.43916666666666665,0.3788888888888889,0.4375,0.3877777777777778,0.42083333333333334,0.40111111111111114
