head_top_x,head_top_y,upper_neck_x,upper_neck_y,right_shoulder_x,right_shoulder_y,right_elbow_x,right_elbow_y,right_wrist_x,right_wrist_y,thorax_x,thorax_y,left_shoulder_x,left_shoulder_y,left_elbow_x,left_elbow_y,left_wrist_x,left_wrist_y,pelvis_x,pelvis_y,right_hip_x,right_hip_y,right_knee_x,right_knee_y,right_ankle_x,right_ankle_y,left_hip_x,left_hip_y,left_knee_x,left_knee_y,left_ankle_x,left_ankle_y
0.5591666666666667,0.39666666666666667,0.6108333333333333,0.24555555555555553,0.5675,0.27,0.5991666666666666,0.4166666666666667,0.6558333333333334,0.47222222222222227,0.49916666666666665,0.3833333333333333,0.5058333333333334,0.3855555555555556,0.6208333333333333,0.4633333333333333,0.6375,0.45444444444444443,0.45916666666666667,0.37666666666666665,0.44083333333333335,0.37222222222222223,0.49916666666666665,0.37000000000000005,0.4475,0.21222222222222223,0.4658333333333333,0.37666666666666665,0.49916666666666665,0.3611111111111111,0.4891666666666667,0.20777777777777776
