head_top_x,head_top_y,upper_neck_x,upper_neck_y,right_shoulder_x,right_shoulder_y,right_elbow_x,right_elbow_y,right_wrist_x,right_wrist_y,thorax_x,thorax_y,left_shoulder_x,left_shoulder_y,left_elbow_x,left_elbow_y,left_wrist_x,left_wrist_y,pelvis_x,pelvis_y,right_hip_x,right_hip_y,right_knee_x,right_knee_y,right_ankle_x,right_ankle_y,left_hip_x,left_hip_y,left_knee_x,left_knee_y,left_ankle_x,left_ankle_y
0.5025,0.3566666666666667,0.5658333333333333,0.38999999999999996,0.6291666666666667,0.4633333333333333,0.5008333333333334,0.3788888888888889,0.5558333333333333,0.4277777777777778,0.4875,0.3655555555555556,0.010833333333333334,0.37666666666666665,0.5241666666666667,0.33888888888888885,0.5641666666666667,0.4166666666666667,0.5191666666666667,0.4344444444444444,0.4775,0.4633333333333333,0.41083333333333333,0.5322222222222223,0.3975,0.5299999999999999,0.5458333333333333,0.43222222222222223,0.5041666666666667,0.3522222222222222,0.4008333333333333,0.5211111111111112
