head_top_x,head_top_y,upper_neck_x,upper_neck_y,right_shoulder_x,right_shoulder_y,right_elbow_x,right_elbow_y,right_wrist_x,right_wrist_y,thorax_x,thorax_y,left_shoulder_x,left_shoulder_y,left_elbow_x,left_elbow_y,left_wrist_x,left_wrist_y,pelvis_x,pelvis_y,right_hip_x,right_hip_y,right_knee_x,right_knee_y,right_ankle_x,right_ankle_y,left_hip_x,left_hip_y,left_knee_x,left_knee_y,left_ankle_x,left_ankle_y
0.49416666666666664,0.19666666666666668,0.36916666666666664,0.48333333333333334,0.32916666666666666,0.5144444444444445,0.6325,0.5966666666666667,0.5158333333333334,0.43222222222222223,0.5741666666666667,0.5344444444444445,0.5425,0.5522222222222223,0.6158333333333333,0.5833333333333334,0.5125,0.3611111111111111,0.3441666666666667,0.5166666666666666,0.3325,0.5077777777777778,0.4375,0.33666666666666667,0.49583333333333335,0.27444444444444444,0.35583333333333333,0.5166666666666666,0.4925,0.5277777777777778,0.48083333333333333,0.2833333333333334
