head_top_x,head_top_y,upper_neck_x,upper_neck_y,right_shoulder_x,right_shoulder_y,right_elbow_x,right_elbow_y,right_wrist_x,right_wrist_y,thorax_x,thorax_y,left_shoulder_x,left_shoulder_y,left_elbow_x,left_elbow_y,left_wrist_x,left_wrist_y,pelvis_x,pelvis_y,right_hip_x,right_hip_y,right_knee_x,right_knee_y,right_ankle_x,right_ankle_y,left_hip_x,left_hip_y,left_knee_x,left_knee_y,left_ankle_x,left_ankle_y
0.7391666666666666,0.32555555555555554,0.6191666666666666,0.3011111111111111,0.6058333333333333,0.25666666666666665,0.5175,0.22999999999999998,0.44916666666666666,0.2588888888888889,0.6158333333333333,0.3011111111111111,0.6291666666666667,0.34111111111111114,0.6175,0.42111111111111116,0.6091666666666666,0.5277777777777778,0.4625,0.33,0.4508333333333333,0.3033333333333333,0.3775,0.34555555555555556,0.32416666666666666,0.3544444444444444,0.4725,0.35888888888888887,0.35583333333333333,0.35888888888888887,0.3441666666666667,0.3522222222222222
