head_top_x,head_top_y,upper_neck_x,upper_neck_y,right_shoulder_x,right_shoulder_y,right_elbow_x,right_elbow_y,right_wrist_x,right_wrist_y,thorax_x,thorax_y,left_shoulder_x,left_shoulder_y,left_elbow_x,left_elbow_y,left_wrist_x,left_wrist_y,pelvis_x,pelvis_y,right_hip_x,right_hip_y,right_knee_x,right_knee_y,right_ankle_x,right_ankle_y,left_hip_x,left_hip_y,left_knee_x,left_knee_y,left_ankle_x,left_ankle_y
0.4041666666666667,0.5233333333333333,0.43916666666666665,0.3811111111111111,0.42083333333333334,0.4166666666666667,0.4041666666666667,0.4388888888888889,0.3641666666666667,0.49666666666666665,0.4375,0.39444444444444443,0.44583333333333336,0.3877777777777778,0.4575,0.44333333333333336,0.3975,0.5522222222222223,0.5041666666666667,0.2988888888888889,0.5141666666666667,0.29444444444444445,0.5225,0.29666666666666663,0.6141666666666666,0.4344444444444444,0.5058333333333334,0.2988888888888889,0.5108333333333334,0.29444444444444445,0.5875,0.4277777777777778
