head_top_x,head_top_y,upper_neck_x,upper_neck_y,right_shoulder_x,right_shoulder_y,right_elbow_x,right_elbow_y,right_wrist_x,right_wrist_y,thorax_x,thorax_y,left_shoulder_x,left_shoulder_y,left_elbow_x,left_elbow_y,left_wrist_x,left_wrist_y,pelvis_x,pelvis_y,right_hip_x,right_hip_y,right_knee_x,right_knee_y,right_ankle_x,right_ankle_y,left_hip_x,left_hip_y,left_knee_x,left_knee_y,left_ankle_x,left_ankle_y
0.5958333333333333,0.3055555555555556,0.5008333333333334,0.36777777777777776,0.5025,0.3433333333333333,0.42083333333333334,0.3833333333333333,0.4175,0.5099999999999999,0.5041666666666667,0.3655555555555556,0.5091666666666667,0.3744444444444444,0.4175,0.41,0.4191666666666667,0.5499999999999999,0.5058333333333334,0.3611111111111111,0.5041666666666667,0.3566666666666667,0.5341666666666667,0.4588888888888889,0.41083333333333333,0.5522222222222223,0.5175,0.3744444444444444,0.5358333333333334,0.4633333333333333,0.46416666666666667,0.4677777777777778
