head_top_x,head_top_y,upper_neck_x,upper_neck_y,right_shoulder_x,right_shoulder_y,right_elbow_x,right_elbow_y,right_wrist_x,right_wrist_y,thorax_x,thorax_y,left_shoulder_x,left_shoulder_y,left_elbow_x,left_elbow_y,left_wrist_x,left_wrist_y,pelvis_x,pelvis_y,right_hip_x,right_hip_y,right_knee_x,right_knee_y,right_ankle_x,right_ankle_y,left_hip_x,left_hip_y,left_knee_x,left_knee_y,left_ankle_x,left_ankle_y
0.3575,0.3744444444444444,0.4525,0.4122222222222222,0.4041666666666667,0.4277777777777778,0.4008333333333333,0.47444444444444445,0.41083333333333333,0.5433333333333333,0.44083333333333335,0.41,0.4741666666666667,0.4033333333333333,0.5641666666666667,0.43222222222222223,0.5641666666666667,0.5477777777777778,0.5291666666666667,0.39444444444444443,0.5091666666666667,0.38999999999999996,0.5691666666666667,0.39444444444444443,0.5391666666666667,0.4388888888888889,0.5458333333333333,0.39666666666666667,0.6191666666666666,0.40111111111111114,0.5941666666666666,0.5322222222222223
