head_top_x,head_top_y,upper_neck_x,upper_neck_y,right_shoulder_x,right_shoulder_y,right_elbow_x,right_elbow_y,right_wrist_x,right_wrist_y,thorax_x,thorax_y,left_shoulder_x,left_shoulder_y,left_elbow_x,left_elbow_y,left_wrist_x,left_wrist_y,pelvis_x,pelvis_y,right_hip_x,right_hip_y,right_knee_x,right_knee_y,right_ankle_x,right_ankle_y,left_hip_x,left_hip_y,left_knee_x,left_knee_y,left_ankle_x,left_ankle_y
0.5241666666666667,0.37222222222222223,0.49583333333333335,0.24333333333333332,0.4791666666666667,0.24333333333333332,0.4091666666666667,0.23888888888888885,0.3325,0.2588888888888889,0.4975,0.26555555555555554,0.5075,0.3433333333333333,0.5691666666666667,0.20555555555555557,0.6308333333333334,0.18555555555555556,0.4791666666666667,0.2833333333333334,0.35583333333333333,0.26555555555555554,0.4125,0.24111111111111114,0.24583333333333332,0.3033333333333333,0.5258333333333334,0.23222222222222225,0.5158333333333334,0.35000000000000003,0.5791666666666667,0.8433333333333333
