head_top_x,head_top_y,upper_neck_x,upper_neck_y,right_shoulder_x,right_shoulder_y,right_elbow_x,right_elbow_y,right_wrist_x,right_wrist_y,thorax_x,thorax_y,left_shoulder_x,left_shoulder_y,left_elbow_x,left_elbow_y,left_wrist_x,left_wrist_y,pelvis_x,pelvis_y,right_hip_x,right_hip_y,right_knee_x,right_knee_y,right_ankle_x,right_ankle_y,left_hip_x,left_hip_y,left_knee_x,left_knee_y,left_ankle_x,left_ankle_y
0.4225,0.27444444444444444,0.4658333333333333,0.43,0.43083333333333335,0.4077777777777778,0.39416666666666667,0.42333333333333334,0.4508333333333333,0.32555555555555554,0.4691666666666667,0.4277777777777778,0.49416666666666664,0.45444444444444443,0.5591666666666667,0.44555555555555554,0.4725,0.3211111111111111,0.5141666666666667,0.4677777777777778,0.5025,0.4611111111111111,0.6025,0.3877777777777778,0.6008333333333333,0.5233333333333333,0.5258333333333334,0.4788888888888889,0.5708333333333333,0.4277777777777778,0.6075,0.5211111111111112
