head_top_x,head_top_y,upper_neck_x,upper_neck_y,right_shoulder_x,right_shoulder_y,right_elbow_x,right_elbow_y,right_wrist_x,right_wrist_y,thorax_x,thorax_y,left_shoulder_x,left_shoulder_y,left_elbow_x,left_elbow_y,left_wrist_x,left_wrist_y,pelvis_x,pelvis_y,right_hip_x,right_hip_y,right_knee_x,right_knee_y,right_ankle_x,right_ankle_y,left_hip_x,left_hip_y,left_knee_x,left_knee_y,left_ankle_x,left_ankle_y
0.38916666666666666,0.10999999999999999,0.5091666666666667,0.18333333333333335,0.49583333333333335,0.20333333333333337,0.48083333333333333,0.35888888888888887,0.4508333333333333,0.46555555555555556,0.5008333333333334,0.19000000000000003,0.5125,0.1988888888888889,0.5141666666666667,0.3233333333333333,0.5291666666666667,0.4588888888888889,0.4841666666666667,0.0411111111111111,0.39916666666666667,0.12555555555555556,0.4891666666666667,0.5522222222222223,0.5141666666666667,0.5366666666666666,0.5075,0.038888888888888896,0.5508333333333333,0.5566666666666666,0.8375,0.19000000000000003
