head_top_x,head_top_y,upper_neck_x,upper_neck_y,right_shoulder_x,right_shoulder_y,right_elbow_x,right_elbow_y,right_wrist_x,right_wrist_y,thorax_x,thorax_y,left_shoulder_x,left_shoulder_y,left_elbow_x,left_elbow_y,left_wrist_x,left_wrist_y,pelvis_x,pelvis_y,right_hip_x,right_hip_y,right_knee_x,right_knee_y,right_ankle_x,right_ankle_y,left_hip_x,left_hip_y,left_knee_x,left_knee_y,left_ankle_x,left_ankle_y
0.6191666666666666,0.39222222222222225,0.6408333333333334,0.41,0.2775,0.4877777777777778,0.42083333333333334,0.39444444444444443,0.38916666666666666,0.27666666666666667,0.4525,0.45,0.4841666666666667,0.3744444444444444,0.43083333333333335,0.3855555555555556,0.6758333333333333,0.4566666666666667,0.43583333333333335,0.31888888888888894,0.42583333333333334,0.3233333333333333,0.5891666666666666,0.3855555555555556,0.6291666666666667,0.5233333333333333,0.4425,0.30777777777777776,0.5908333333333333,0.3855555555555556,0.6225,0.5455555555555556
