head_top_x,head_top_y,upper_neck_x,upper_neck_y,right_shoulder_x,right_shoulder_y,right_elbow_x,right_elbow_y,right_wrist_x,right_wrist_y,thorax_x,thorax_y,left_shoulder_x,left_shoulder_y,left_elbow_x,left_elbow_y,left_wrist_x,left_wrist_y,pelvis_x,pelvis_y,right_hip_x,right_hip_y,right_knee_x,right_knee_y,right_ankle_x,right_ankle_y,left_hip_x,left_hip_y,left_knee_x,left_knee_y,left_ankle_x,left_ankle_y
0.4875,0.23888888888888885,0.5808333333333333,0.3833333333333333,0.49916666666666665,0.3611111111111111,0.5925,0.3877777777777778,0.6208333333333333,0.41888888888888887,0.5108333333333334,0.3988888888888889,0.6341666666666667,0.4277777777777778,0.5608333333333333,0.3744444444444444,0.6091666666666666,0.4077777777777778,0.4975,0.3433333333333333,0.4925,0.33888888888888885,0.4891666666666667,0.2188888888888889,0.43416666666666665,0.20999999999999996,0.49916666666666665,0.34555555555555556,0.5208333333333334,0.21444444444444444,0.4191666666666667,0.38999999999999996
