head_top_x,head_top_y,upper_neck_x,upper_neck_y,right_shoulder_x,right_shoulder_y,right_elbow_x,right_elbow_y,right_wrist_x,right_wrist_y,thorax_x,thorax_y,left_shoulder_x,left_shoulder_y,left_elbow_x,left_elbow_y,left_wrist_x,left_wrist_y,pelvis_x,pelvis_y,right_hip_x,right_hip_y,right_knee_x,right_knee_y,right_ankle_x,right_ankle_y,left_hip_x,left_hip_y,left_knee_x,left_knee_y,left_ankle_x,left_ankle_y
0.3825,0.5188888888888888,0.5108333333333334,0.3788888888888889,0.5041666666666667,0.39444444444444443,0.42916666666666664,0.47444444444444445,0.3725,0.5144444444444445,0.5108333333333334,0.37666666666666665,0.5858333333333333,0.3877777777777778,0.5041666666666667,0.2922222222222222,0.6358333333333334,0.4766666666666666,0.4741666666666667,0.4166666666666667,0.42583333333333334,0.4166666666666667,0.5158333333333334,0.2788888888888889,0.4125,0.4166666666666667,0.5091666666666667,0.44555555555555554,0.5075,0.2811111111111111,0.41083333333333333,0.4077777777777778
