head_top_x,head_top_y,upper_neck_x,upper_neck_y,right_shoulder_x,right_shoulder_y,right_elbow_x,right_elbow_y,right_wrist_x,right_wrist_y,thorax_x,thorax_y,left_shoulder_x,left_shoulder_y,left_elbow_x,left_elbow_y,left_wrist_x,left_wrist_y,pelvis_x,pelvis_y,right_hip_x,right_hip_y,right_knee_x,right_knee_y,right_ankle_x,right_ankle_y,left_hip_x,left_hip_y,left_knee_x,left_knee_y,left_ankle_x,left_ankle_y
0.5275,0.1411111111111111,0.5108333333333334,0.21222222222222223,0.5108333333333334,0.26555555555555554,0.48583333333333334,0.2611111111111111,0.4475,0.0922222222222222,0.5158333333333334,0.2233333333333333,0.5075,0.26555555555555554,0.5775,0.13,0.6075,0.09666666666666668,0.49583333333333335,0.43,0.5091666666666667,0.4277777777777778,0.49416666666666664,0.6566666666666667,0.5208333333333334,0.87,0.4791666666666667,0.4255555555555555,0.4691666666666667,0.6344444444444445,0.49416666666666664,0.8588888888888889
