head_top_x,head_top_y,upper_neck_x,upper_neck_y,right_shoulder_x,right_shoulder_y,right_elbow_x,right_elbow_y,right_wrist_x,right_wrist_y,thorax_x,thorax_y,left_shoulder_x,left_shoulder_y,left_elbow_x,left_elbow_y,left_wrist_x,left_wrist_y,pelvis_x,pelvis_y,right_hip_x,right_hip_y,right_knee_x,right_knee_y,right_ankle_x,right_ankle_y,left_hip_x,left_hip_y,left_knee_x,left_knee_y,left_ankle_x,left_ankle_y
0.4691666666666667,0.18111111111111108,0.43416666666666665,0.23888888888888885,0.4091666666666667,0.2611111111111111,0.4275,0.4122222222222222,0.5225,0.39444444444444443,0.44583333333333336,0.2188888888888889,0.49083333333333334,0.18111111111111108,0.49916666666666665,0.4811111111111111,0.5458333333333333,0.3833333333333333,0.1175,0.49444444444444446,0.0825,0.48333333333333334,0.4775,0.37666666666666665,0.5291666666666667,0.37666666666666665,0.42083333333333334,0.29666666666666663,0.4658333333333333,0.3744444444444444,0.5375,0.3877777777777778
