head_top_x,head_top_y,upper_neck_x,upper_neck_y,right_shoulder_x,right_shoulder_y,right_elbow_x,right_elbow_y,right_wrist_x,right_wrist_y,thorax_x,thorax_y,left_shoulder_x,left_shoulder_y,left_elbow_x,left_elbow_y,left_wrist_x,left_wrist_y,pelvis_x,pelvis_y,right_hip_x,right_hip_y,right_knee_x,right_knee_y,right_ankle_x,right_ankle_y,left_hip_x,left_hip_y,left_knee_x,left_knee_y,left_ankle_x,left_ankle_y
0.5875,0.4388888888888889,0.5641666666666667,0.47444444444444445,0.5825,0.49222222222222217,0.49416666666666664,0.4788888888888889,0.5125,0.3833333333333333,0.5791666666666667,0.3011111111111111,0.5225,0.33,0.49583333333333335,0.42333333333333334,0.5025,0.34555555555555556,0.4841666666666667,0.5255555555555556,0.5025,0.5255555555555556,0.3308333333333333,0.5877777777777777,0.3491666666666667,0.6055555555555556,0.45416666666666666,0.5299999999999999,0.3275,0.5766666666666667,0.33416666666666667,0.5788888888888889
