head_top_x,head_top_y,upper_neck_x,upper_neck_y,right_shoulder_x,right_shoulder_y,right_elbow_x,right_elbow_y,right_wrist_x,right_wrist_y,thorax_x,thorax_y,left_shoulder_x,left_shoulder_y,left_elbow_x,left_elbow_y,left_wrist_x,left_wrist_y,pelvis_x,pelvis_y,right_hip_x,right_hip_y,right_knee_x,right_knee_y,right_ankle_x,right_ankle_y,left_hip_x,left_hip_y,left_knee_x,left_knee_y,left_ankle_x,left_ankle_y
0.3475,0.4477777777777778,0.4425,0.34777777777777774,0.5058333333333334,0.3544444444444444,0.5875,0.3522222222222222,0.6458333333333334,0.39222222222222225,0.4475,0.35888888888888887,0.41583333333333333,0.3544444444444444,0.42583333333333334,0.40111111111111114,0.41583333333333333,0.5322222222222223,0.5175,0.3855555555555556,0.5241666666666667,0.36777777777777776,0.5725,0.42111111111111116,0.6375,0.4077777777777778,0.5158333333333334,0.40111111111111114,0.5591666666666667,0.39222222222222225,0.5991666666666666,0.42111111111111116
