head_top_x,head_top_y,upper_neck_x,upper_neck_y,right_shoulder_x,right_shoulder_y,right_elbow_x,right_elbow_y,right_wrist_x,right_wrist_y,thorax_x,thorax_y,left_shoulder_x,left_shoulder_y,left_elbow_x,left_elbow_y,left_wrist_x,left_wrist_y,pelvis_x,pelvis_y,right_hip_x,right_hip_y,right_knee_x,right_knee_y,right_ankle_x,right_ankle_y,left_hip_x,left_hip_y,left_knee_x,left_knee_y,left_ankle_x,left_ankle_y
0.5041666666666667,0.40111111111111114,0.5025,0.2588888888888889,0.4691666666666667,0.23444444444444446,0.4125,0.2188888888888889,0.35083333333333333,0.2188888888888889,0.49416666666666664,0.2833333333333334,0.5075,0.3322222222222222,0.5875,0.34555555555555556,0.35083333333333333,0.4766666666666666,0.5041666666666667,0.19666666666666668,0.5041666666666667,0.1722222222222222,0.4825,0.20555555555555557,0.4975,0.17,0.5191666666666667,0.23444444444444446,0.5225,0.21222222222222223,0.5108333333333334,0.16555555555555557
