head_top_x,head_top_y,upper_neck_x,upper_neck_y,right_shoulder_x,right_shoulder_y,right_elbow_x,right_elbow_y,right_wrist_x,right_wrist_y,thorax_x,thorax_y,left_shoulder_x,left_shoulder_y,left_elbow_x,left_elbow_y,left_wrist_x,left_wrist_y,pelvis_x,pelvis_y,right_hip_x,right_hip_y,right_knee_x,right_knee_y,right_ankle_x,right_ankle_y,left_hip_x,left_hip_y,left_knee_x,left_knee_y,left_ankle_x,left_ankle_y
0.6791666666666667,0.47444444444444445,0.5858333333333333,0.5122222222222222,0.5858333333333333,0.5211111111111112,0.5391666666666667,0.47444444444444445,0.4741666666666667,0.4277777777777778,0.5891666666666666,0.5322222222222223,0.5825,0.5433333333333333,0.6625,0.6966666666666667,0.7958333333333333,0.77,0.5358333333333334,0.44555555555555554,0.4875,0.46555555555555556,0.5125,0.46555555555555556,0.4658333333333333,0.4033333333333333,0.4841666666666667,0.41,0.48583333333333334,0.45444444444444443,0.47583333333333333,0.43222222222222223
