head_top_x,head_top_y,upper_neck_x,upper_neck_y,right_shoulder_x,right_shoulder_y,right_elbow_x,right_elbow_y,right_wrist_x,right_wrist_y,thorax_x,thorax_y,left_shoulder_x,left_shoulder_y,left_elbow_x,left_elbow_y,left_wrist_x,left_wrist_y,pelvis_x,pelvis_y,right_hip_x,right_hip_y,right_knee_x,right_knee_y,right_ankle_x,right_ankle_y,left_hip_x,left_hip_y,left_knee_x,left_knee_y,left_ankle_x,left_ankle_y
0.6575,0.4677777777777778,0.5341666666666667,0.44111111111111106,0.5308333333333334,0.44333333333333336,0.43916666666666665,0.44333333333333336,0.36083333333333334,0.45444444444444443,0.5358333333333334,0.45444444444444443,0.5175,0.44333333333333336,0.4375,0.44333333333333336,0.36583333333333334,0.45,0.0875,0.45222222222222225,0.08583333333333333,0.4255555555555555,0.18916666666666668,0.45222222222222225,0.23916666666666667,0.4566666666666667,0.035833333333333335,0.44333333333333336,0.22916666666666666,0.4677777777777778,0.37583333333333335,0.4366666666666667
