head_top_x,head_top_y,upper_neck_x,upper_neck_y,right_shoulder_x,right_shoulder_y,right_elbow_x,right_elbow_y,right_wrist_x,right_wrist_y,thorax_x,thorax_y,left_shoulder_x,left_shoulder_y,left_elbow_x,left_elbow_y,left_wrist_x,left_wrist_y,pelvis_x,pelvis_y,right_hip_x,right_hip_y,right_knee_x,right_knee_y,right_ankle_x,right_ankle_y,left_hip_x,left_hip_y,left_knee_x,left_knee_y,left_ankle_x,left_ankle_y
0.42583333333333334,0.43222222222222223,0.5241666666666667,0.4055555555555555,0.5141666666666667,0.5188888888888888,0.5225,0.5011111111111112,0.5325,0.5588888888888889,0.5191666666666667,0.4588888888888889,0.5525,0.43,0.5658333333333333,0.4255555555555555,0.5808333333333333,0.5344444444444445,0.47583333333333333,0.37000000000000005,0.4975,0.44333333333333336,0.5625,0.5566666666666666,0.49916666666666665,0.36333333333333334,0.5708333333333333,0.4588888888888889,0.43416666666666665,0.4611111111111111,0.5208333333333334,0.3855555555555556
