head_top_x,head_top_y,upper_neck_x,upper_neck_y,right_shoulder_x,right_shoulder_y,right_elbow_x,right_elbow_y,right_wrist_x,right_wrist_y,thorax_x,thorax_y,left_shoulder_x,left_shoulder_y,left_elbow_x,left_elbow_y,left_wrist_x,left_wrist_y,pelvis_x,pelvis_y,right_hip_x,right_hip_y,right_knee_x,right_knee_y,right_ankle_x,right_ankle_y,left_hip_x,left_hip_y,left_knee_x,left_knee_y,left_ankle_x,left_ankle_y
0.5275,0.18777777777777774,0.5225,0.3788888888888889,0.4791666666666667,0.30777777777777776,0.39416666666666667,0.35888888888888887,0.49583333333333335,0.33888888888888885,0.5258333333333334,0.3433333333333333,0.5625,0.34777777777777774,0.6191666666666666,0.42333333333333334,0.5475,0.3744444444444444,0.5125,0.45,0.4825,0.44333333333333336,0.4325,0.4677777777777778,0.4325,0.5922222222222223,0.5441666666666667,0.4633333333333333,0.4975,0.5077777777777778,0.49583333333333335,0.6144444444444445
