head_top_x,head_top_y,upper_neck_x,upper_neck_y,right_shoulder_x,right_shoulder_y,right_elbow_x,right_elbow_y,right_wrist_x,right_wrist_y,thorax_x,thorax_y,left_shoulder_x,left_shoulder_y,left_elbow_x,left_elbow_y,left_wrist_x,left_wrist_y,pelvis_x,pelvis_y,right_hip_x,right_hip_y,right_knee_x,right_knee_y,right_ankle_x,right_ankle_y,left_hip_x,left_hip_y,left_knee_x,left_knee_y,left_ankle_x,left_ankle_y
0.5841666666666666,0.1677777777777778,0.5525,0.33888888888888885,0.5191666666666667,0.2988888888888889,0.4691666666666667,0.34111111111111114,0.39416666666666667,0.39222222222222225,0.5525,0.3233333333333333,0.5875,0.34777777777777774,0.5508333333333333,0.41444444444444445,0.49583333333333335,0.48333333333333334,0.4708333333333333,0.4255555555555555,0.4608333333333333,0.39444444444444443,0.38416666666666666,0.3811111111111111,0.37416666666666665,0.39666666666666667,0.49083333333333334,0.4588888888888889,0.3591666666666667,0.4388888888888889,0.3641666666666667,0.3988888888888889
