head_top_x,head_top_y,upper_neck_x,upper_neck_y,right_shoulder_x,right_shoulder_y,right_elbow_x,right_elbow_y,right_wrist_x,right_wrist_y,thorax_x,thorax_y,left_shoulder_x,left_shoulder_y,left_elbow_x,left_elbow_y,left_wrist_x,left_wrist_y,pelvis_x,pelvis_y,right_hip_x,right_hip_y,right_knee_x,right_knee_y,right_ankle_x,right_ankle_y,left_hip_x,left_hip_y,left_knee_x,left_knee_y,left_ankle_x,left_ankle_y
0.3525,0.0788888888888889,0.44083333333333335,0.21444444444444444,0.4191666666666667,0.20333333333333337,0.41583333333333333,0.2833333333333334,0.37416666666666665,0.3566666666666667,0.43583333333333335,0.20555555555555557,0.45416666666666666,0.20555555555555557,0.4841666666666667,0.3566666666666667,0.4425,0.4766666666666666,0.5008333333333334,0.31444444444444447,0.4708333333333333,0.31444444444444447,0.4125,0.36777777777777776,0.47583333333333333,0.5433333333333333,0.5291666666666667,0.31444444444444447,0.4525,0.4277777777777778,0.5141666666666667,0.5033333333333333
