head_top_x,head_top_y,upper_neck_x,upper_neck_y,right_shoulder_x,right_shoulder_y,right_elbow_x,right_elbow_y,right_wrist_x,right_wrist_y,thorax_x,thorax_y,left_shoulder_x,left_shoulder_y,left_elbow_x,left_elbow_y,left_wrist_x,left_wrist_y,pelvis_x,pelvis_y,right_hip_x,right_hip_y,right_knee_x,right_knee_y,right_ankle_x,right_ankle_y,left_hip_x,left_hip_y,left_knee_x,left_knee_y,left_ankle_x,left_ankle_y
0.6091666666666666,0.5344444444444445,0.5108333333333334,0.33888888888888885,0.5791666666666667,0.5188888888888888,0.5558333333333333,0.6433333333333334,0.6075,0.5633333333333334,0.5125,0.4277777777777778,0.5891666666666666,0.4677777777777778,0.5025,0.6477777777777778,0.6025,0.5588888888888889,0.5941666666666666,0.4077777777777778,0.5025,0.10777777777777779,0.43583333333333335,0.3611111111111111,0.49083333333333334,0.3744444444444444,0.5825,0.3877777777777778,0.5575,0.43222222222222223,0.5275,0.41
