head_top_x,head_top_y,upper_neck_x,upper_neck_y,right_shoulder_x,right_shoulder_y,right_elbow_x,right_elbow_y,right_wrist_x,right_wrist_y,thorax_x,thorax_y,left_shoulder_x,left_shoulder_y,left_elbow_x,left_elbow_y,left_wrist_x,left_wrist_y,pelvis_x,pelvis_y,right_hip_x,right_hip_y,right_knee_x,right_knee_y,right_ankle_x,right_ankle_y,left_hip_x,left_hip_y,left_knee_x,left_knee_y,left_ankle_x,left_ankle_y
0.4925,0.17888888888888888,0.5175,0.3744444444444444,0.5058333333333334,0.39666666666666667,0.49083333333333334,0.40111111111111114,0.5008333333333334,0.29666666666666663,0.5091666666666667,0.4033333333333333,0.5208333333333334,0.4033333333333333,0.49916666666666665,0.47222222222222227,0.5225,0.3277777777777778,0.4925,0.48333333333333334,0.4841666666666667,0.4766666666666666,0.4508333333333333,0.4633333333333333,0.43416666666666665,0.4633333333333333,0.4891666666666667,0.49444444444444446,0.4775,0.4788888888888889,0.4191666666666667,0.44111111111111106
