head_top_x,head_top_y,upper_neck_x,upper_neck_y,right_shoulder_x,right_shoulder_y,right_elbow_x,right_elbow_y,right_wrist_x,right_wrist_y,thorax_x,thorax_y,left_shoulder_x,left_shoulder_y,left_elbow_x,left_elbow_y,left_wrist_x,left_wrist_y,pelvis_x,pelvis_y,right_hip_x,right_hip_y,right_knee_x,right_knee_y,right_ankle_x,right_ankle_y,left_hip_x,left_hip_y,left_knee_x,left_knee_y,left_ankle_x,left_ankle_y
0.6058333333333333,0.02999999999999999,0.5275,0.18777777777777774,0.5091666666666667,0.25,0.4975,0.3744444444444444,0.4675,0.5011111111111112,0.5091666666666667,0.24555555555555553,0.5075,0.24111111111111114,0.5141666666666667,0.36333333333333334,0.5125,0.4877777777777778,0.4691666666666667,0.5255555555555556,0.4725,0.5211111111111112,0.48583333333333334,0.6366666666666667,0.5058333333333334,0.8122222222222222,0.49083333333333334,0.5211111111111112,0.5108333333333334,0.61,0.5525,0.7944444444444444
