head_top_x,head_top_y,upper_neck_x,upper_neck_y,right_shoulder_x,right_shoulder_y,right_elbow_x,right_elbow_y,right_wrist_x,right_wrist_y,thorax_x,thorax_y,left_shoulder_x,left_shoulder_y,left_elbow_x,left_elbow_y,left_wrist_x,left_wrist_y,pelvis_x,pelvis_y,right_hip_x,right_hip_y,right_knee_x,right_knee_y,right_ankle_x,right_ankle_y,left_hip_x,left_hip_y,left_knee_x,left_knee_y,left_ankle_x,left_ankle_y
0.4875,0.26333333333333336,0.49083333333333334,0.3833333333333333,0.4875,0.4566666666666667,0.4508333333333333,0.32555555555555554,0.5441666666666667,0.33666666666666667,0.49083333333333334,0.4344444444444444,0.5058333333333334,0.2833333333333334,0.5625,0.4277777777777778,0.6458333333333334,0.4677777777777778,0.5158333333333334,0.44333333333333336,0.5041666666666667,0.4477777777777778,0.5708333333333333,0.4166666666666667,0.6425,0.4877777777777778,0.5191666666666667,0.44111111111111106,0.5875,0.4277777777777778,0.6525,0.5033333333333333
