head_top_x,head_top_y,upper_neck_x,upper_neck_y,right_shoulder_x,right_shoulder_y,right_elbow_x,right_elbow_y,right_wrist_x,right_wrist_y,thorax_x,thorax_y,left_shoulder_x,left_shoulder_y,left_elbow_x,left_elbow_y,left_wrist_x,left_wrist_y,pelvis_x,pelvis_y,right_hip_x,right_hip_y,right_knee_x,right_knee_y,right_ankle_x,right_ankle_y,left_hip_x,left_hip_y,left_knee_x,left_knee_y,left_ankle_x,left_ankle_y
0.5608333333333333,0.3611111111111111,0.43916666666666665,0.5411111111111112,0.5691666666666667,0.3988888888888889,0.5125,0.45444444444444443,0.5541666666666667,0.39222222222222225,0.5625,0.2811111111111111,0.5758333333333333,0.4166666666666667,0.5791666666666667,0.37666666666666665,0.5525,0.39222222222222225,0.5458333333333333,0.37666666666666665,0.4891666666666667,0.44555555555555554,0.47583333333333333,0.3611111111111111,0.5108333333333334,0.4055555555555555,0.5125,0.42333333333333334,0.49083333333333334,0.43222222222222223,0.4841666666666667,0.4344444444444444
