head_top_x,head_top_y,upper_neck_x,upper_neck_y,right_shoulder_x,right_shoulder_y,right_elbow_x,right_elbow_y,right_wrist_x,right_wrist_y,thorax_x,thorax_y,left_shoulder_x,left_shoulder_y,left_elbow_x,left_elbow_y,left_wrist_x,left_wrist_y,pelvis_x,pelvis_y,right_hip_x,right_hip_y,right_knee_x,right_knee_y,right_ankle_x,right_ankle_y,left_hip_x,left_hip_y,left_knee_x,left_knee_y,left_ankle_x,left_ankle_y
0.5108333333333334,0.4255555555555555,0.5975,0.4166666666666667,0.48083333333333333,0.4988888888888889,0.4425,0.5544444444444445,0.4125,0.48333333333333334,0.5075,0.5922222222222223,0.5358333333333334,0.4277777777777778,0.5025,0.45,0.5925,0.4788888888888889,0.5658333333333333,0.4766666666666666,0.5791666666666667,0.4811111111111111,0.4375,0.3833333333333333,0.43583333333333335,0.4611111111111111,0.5591666666666667,0.4677777777777778,0.5175,0.42111111111111116,0.4608333333333333,0.39666666666666667
