head_top_x,head_top_y,upper_neck_x,upper_neck_y,right_shoulder_x,right_shoulder_y,right_elbow_x,right_elbow_y,right_wrist_x,right_wrist_y,thorax_x,thorax_y,left_shoulder_x,left_shoulder_y,left_elbow_x,left_elbow_y,left_wrist_x,left_wrist_y,pelvis_x,pelvis_y,right_hip_x,right_hip_y,right_knee_x,right_knee_y,right_ankle_x,right_ankle_y,left_hip_x,left_hip_y,left_knee_x,left_knee_y,left_ankle_x,left_ankle_y
0.4841666666666667,0.11666666666666665,0.5625,0.11222222222222222,0.5391666666666667,0.07666666666666666,0.5108333333333334,0.15666666666666665,0.4891666666666667,0.35000000000000003,0.5908333333333333,0.15444444444444447,0.6708333333333333,0.1211111111111111,0.6325,0.28555555555555556,0.5008333333333334,0.32555555555555554,0.35583333333333333,0.3788888888888889,0.42583333333333334,0.3833333333333333,0.43416666666666665,0.6344444444444445,0.46416666666666667,0.8944444444444444,0.41583333333333333,0.37222222222222223,0.46416666666666667,0.5944444444444444,0.49583333333333335,0.8788888888888889
