head_top_x,head_top_y,upper_neck_x,upper_neck_y,right_shoulder_x,right_shoulder_y,right_elbow_x,right_elbow_y,right_wrist_x,right_wrist_y,thorax_x,thorax_y,left_shoulder_x,left_shoulder_y,left_elbow_x,left_elbow_y,left_wrist_x,left_wrist_y,pelvis_x,pelvis_y,right_hip_x,right_hip_y,right_knee_x,right_knee_y,right_ankle_x,right_ankle_y,left_hip_x,left_hip_y,left_knee_x,left_knee_y,left_ankle_x,left_ankle_y
0.4575,0.41444444444444445,0.6025,0.45222222222222225,0.6725,0.48333333333333334,0.5058333333333334,0.28555555555555556,0.41583333333333333,0.5255555555555556,0.6391666666666667,0.39444444444444443,0.5925,0.2788888888888889,0.5025,0.3211111111111111,0.4058333333333333,0.4855555555555556,0.5558333333333333,0.3277777777777778,0.5241666666666667,0.2988888888888889,0.46416666666666667,0.2477777777777778,0.3325,0.20555555555555557,0.5408333333333334,0.32555555555555554,0.8225,0.4366666666666667,0.3458333333333333,0.20333333333333337
