head_top_x,head_top_y,upper_neck_x,upper_neck_y,right_shoulder_x,right_shoulder_y,right_elbow_x,right_elbow_y,right_wrist_x,right_wrist_y,thorax_x,thorax_y,left_shoulder_x,left_shoulder_y,left_elbow_x,left_elbow_y,left_wrist_x,left_wrist_y,pelvis_x,pelvis_y,right_hip_x,right_hip_y,right_knee_x,right_knee_y,right_ankle_x,right_ankle_y,left_hip_x,left_hip_y,left_knee_x,left_knee_y,left_ankle_x,left_ankle_y
0.4891666666666667,0.2477777777777778,0.5125,0.4255555555555555,0.4791666666666667,0.4388888888888889,0.4608333333333333,0.5166666666666666,0.38083333333333336,0.5788888888888889,0.5125,0.40111111111111114,0.5508333333333333,0.3544444444444444,0.6125,0.4611111111111111,0.5258333333333334,0.5033333333333333,0.5591666666666667,0.4988888888888889,0.5391666666666667,0.5277777777777778,0.4925,0.4788888888888889,0.5025,0.4166666666666667,0.5991666666666666,0.5033333333333333,0.6425,0.47222222222222227,0.5041666666666667,0.3033333333333333
