head_top_x,head_top_y,upper_neck_x,upper_neck_y,right_shoulder_x,right_shoulder_y,right_elbow_x,right_elbow_y,right_wrist_x,right_wrist_y,thorax_x,thorax_y,left_shoulder_x,left_shoulder_y,left_elbow_x,left_elbow_y,left_wrist_x,left_wrist_y,pelvis_x,pelvis_y,right_hip_x,right_hip_y,right_knee_x,right_knee_y,right_ankle_x,right_ankle_y,left_hip_x,left_hip_y,left_knee_x,left_knee_y,left_ankle_x,left_ankle_y
0.4525,0.03222222222222223,0.5175,0.1922222222222222,0.5158333333333334,0.18777777777777774,0.48083333333333333,0.28555555555555556,0.6325,0.4277777777777778,0.5125,0.18555555555555556,0.5125,0.18555555555555556,0.47583333333333333,0.28555555555555556,0.43583333333333335,0.21222222222222223,0.5008333333333334,0.36333333333333334,0.4975,0.3544444444444444,0.5241666666666667,0.41888888888888887,0.6208333333333333,0.4344444444444444,0.5041666666666667,0.35888888888888887,0.5041666666666667,0.39222222222222225,0.4041666666666667,0.4033333333333333
