head_top_x,head_top_y,upper_neck_x,upper_neck_y,right_shoulder_x,right_shoulder_y,right_elbow_x,right_elbow_y,right_wrist_x,right_wrist_y,thorax_x,thorax_y,left_shoulder_x,left_shoulder_y,left_elbow_x,left_elbow_y,left_wrist_x,left_wrist_y,pelvis_x,pelvis_y,right_hip_x,right_hip_y,right_knee_x,right_knee_y,right_ankle_x,right_ankle_y,left_hip_x,left_hip_y,left_knee_x,left_knee_y,left_ankle_x,left_ankle_y
0.4508333333333333,0.17666666666666667,0.5125,0.27,0.5175,0.2788888888888889,0.48083333333333333,0.3744444444444444,0.3725,0.44111111111111106,0.5091666666666667,0.2988888888888889,0.4975,0.3544444444444444,0.5958333333333333,0.37666666666666665,0.6191666666666666,0.47444444444444445,0.4891666666666667,0.4255555555555555,0.45916666666666667,0.43,0.4558333333333333,0.3988888888888889,0.44583333333333336,0.8855555555555555,0.5475,0.44111111111111106,0.4925,0.3877777777777778,0.4575,0.8366666666666666
