head_top_x,head_top_y,upper_neck_x,upper_neck_y,right_shoulder_x,right_shoulder_y,right_elbow_x,right_elbow_y,right_wrist_x,right_wrist_y,thorax_x,thorax_y,left_shoulder_x,left_shoulder_y,left_elbow_x,left_elbow_y,left_wrist_x,left_wrist_y,pelvis_x,pelvis_y,right_hip_x,right_hip_y,right_knee_x,right_knee_y,right_ankle_x,right_ankle_y,left_hip_x,left_hip_y,left_knee_x,left_knee_y,left_ankle_x,left_ankle_y
0.5275,0.2811111111111111,0.5325,0.4477777777777778,0.5041666666666667,0.4344444444444444,0.4975,0.5366666666666666,0.46416666666666667,0.4122222222222222,0.5191666666666667,0.4277777777777778,0.5458333333333333,0.44111111111111106,0.5391666666666667,0.5499999999999999,0.4725,0.42111111111111116,0.1675,0.20777777777777776,0.22583333333333333,0.18777777777777774,0.5558333333333333,0.61,0.6125,0.7477777777777778,0.15583333333333332,0.21222222222222223,0.5691666666666667,0.6144444444444445,0.6575,0.7611111111111111
