head_top_x,head_top_y,upper_neck_x,upper_neck_y,right_shoulder_x,right_shoulder_y,right_elbow_x,right_elbow_y,right_wrist_x,right_wrist_y,thorax_x,thorax_y,left_shoulder_x,left_shoulder_y,left_elbow_x,left_elbow_y,left_wrist_x,left_wrist_y,pelvis_x,pelvis_y,right_hip_x,right_hip_y,right_knee_x,right_knee_y,right_ankle_x,right_ankle_y,left_hip_x,left_hip_y,left_knee_x,left_knee_y,left_ankle_x,left_ankle_y
0.5041666666666667,0.44555555555555554,0.5325,0.4033333333333333,0.5458333333333333,0.45,0.5791666666666667,0.4588888888888889,0.44916666666666666,0.3544444444444444,0.5741666666666667,0.45,0.9858333333333333,1.0,0.5708333333333333,0.4588888888888889,0.43416666666666665,0.31888888888888894,0.24916666666666668,0.2522222222222222,0.44583333333333336,0.5277777777777778,0.4841666666666667,0.47222222222222227,0.5725,0.45,0.4875,0.4055555555555555,0.4875,0.47,0.5591666666666667,0.47222222222222227
