head_top_x,head_top_y,upper_neck_x,upper_neck_y,right_shoulder_x,right_shoulder_y,right_elbow_x,right_elbow_y,right_wrist_x,right_wrist_y,thorax_x,thorax_y,left_shoulder_x,left_shoulder_y,left_elbow_x,left_elbow_y,left_wrist_x,left_wrist_y,pelvis_x,pelvis_y,right_hip_x,right_hip_y,right_knee_x,right_knee_y,right_ankle_x,right_ankle_y,left_hip_x,left_hip_y,left_knee_x,left_knee_y,left_ankle_x,left_ankle_y
0.7508333333333334,0.31222222222222223,0.6308333333333334,0.3544444444444444,0.6408333333333334,0.37000000000000005,0.6425,0.45444444444444443,0.6575,0.5299999999999999,0.6325,0.35888888888888887,0.6225,0.34555555555555556,0.6258333333333334,0.41,0.2875,0.5722222222222223,0.4775,0.4033333333333333,0.48083333333333333,0.4055555555555555,0.4141666666666667,0.39444444444444443,0.30583333333333335,0.3988888888888889,0.47583333333333333,0.4033333333333333,0.4141666666666667,0.3988888888888889,0.32083333333333336,0.39222222222222225
