head_top_x,head_top_y,upper_neck_x,upper_neck_y,right_shoulder_x,right_shoulder_y,right_elbow_x,right_elbow_y,right_wrist_x,right_wrist_y,thorax_x,thorax_y,left_shoulder_x,left_shoulder_y,left_elbow_x,left_elbow_y,left_wrist_x,left_wrist_y,pelvis_x,pelvis_y,right_hip_x,right_hip_y,right_knee_x,right_knee_y,right_ankle_x,right_ankle_y,left_hip_x,left_hip_y,left_knee_x,left_knee_y,left_ankle_x,left_ankle_y
0.5608333333333333,0.23222222222222225,0.5108333333333334,0.35000000000000003,0.5075,0.3833333333333333,0.4891666666666667,0.34111111111111114,0.4275,0.44111111111111106,0.49416666666666664,0.3988888888888889,0.5475,0.4033333333333333,0.5075,0.3233333333333333,0.5608333333333333,0.43,0.5558333333333333,0.4255555555555555,0.45916666666666667,0.31888888888888894,0.4191666666666667,0.2588888888888889,0.4558333333333333,0.44555555555555554,0.4475,0.4255555555555555,0.44083333333333335,0.45222222222222225,0.4425,0.4633333333333333
