head_top_x,head_top_y,upper_neck_x,upper_neck_y,right_shoulder_x,right_shoulder_y,right_elbow_x,right_elbow_y,right_wrist_x,right_wrist_y,thorax_x,thorax_y,left_shoulder_x,left_shoulder_y,left_elbow_x,left_elbow_y,left_wrist_x,left_wrist_y,pelvis_x,pelvis_y,right_hip_x,right_hip_y,right_knee_x,right_knee_y,right_ankle_x,right_ankle_y,left_hip_x,left_hip_y,left_knee_x,left_knee_y,left_ankle_x,left_ankle_y
0.36583333333333334,0.4877777777777778,0.44416666666666665,0.41,0.4891666666666667,0.47222222222222227,0.5241666666666667,0.4988888888888889,0.4975,0.5677777777777777,0.4191666666666667,0.47222222222222227,0.42083333333333334,0.41444444444444445,0.46416666666666667,0.43,0.4008333333333333,0.43222222222222223,0.48083333333333333,0.44555555555555554,0.5058333333333334,0.45444444444444443,0.5108333333333334,0.39222222222222225,0.5908333333333333,0.37222222222222223,0.4708333333333333,0.4588888888888889,0.4691666666666667,0.4033333333333333,0.5791666666666667,0.37222222222222223
