head_top_x,head_top_y,upper_neck_x,upper_neck_y,right_shoulder_x,right_shoulder_y,right_elbow_x,right_elbow_y,right_wrist_x,right_wrist_y,thorax_x,thorax_y,left_shoulder_x,left_shoulder_y,left_elbow_x,left_elbow_y,left_wrist_x,left_wrist_y,pelvis_x,pelvis_y,right_hip_x,right_hip_y,right_knee_x,right_knee_y,right_ankle_x,right_ankle_y,left_hip_x,left_hip_y,left_knee_x,left_knee_y,left_ankle_x,left_ankle_y
0.5058333333333334,0.49666666666666665,0.48583333333333334,0.6144444444444445,0.43416666666666665,0.39666666666666667,0.49416666666666664,0.4855555555555556,0.4008333333333333,0.39444444444444443,0.4575,0.4477777777777778,0.4058333333333333,0.4033333333333333,0.49916666666666665,0.4811111111111111,0.5508333333333333,0.32555555555555554,0.4675,0.5566666666666666,0.4691666666666667,0.4877777777777778,0.48583333333333334,0.47222222222222227,0.5391666666666667,0.3744444444444444,0.5441666666666667,0.2588888888888889,0.5341666666666667,0.39666666666666667,0.5325,0.39222222222222225
