head_top_x,head_top_y,upper_neck_x,upper_neck_y,right_shoulder_x,right_shoulder_y,right_elbow_x,right_elbow_y,right_wrist_x,right_wrist_y,thorax_x,thorax_y,left_shoulder_x,left_shoulder_y,left_elbow_x,left_elbow_y,left_wrist_x,left_wrist_y,pelvis_x,pelvis_y,right_hip_x,right_hip_y,right_knee_x,right_knee_y,right_ankle_x,right_ankle_y,left_hip_x,left_hip_y,left_knee_x,left_knee_y,left_ankle_x,left_ankle_y
0.5675,0.34111111111111114,0.4925,0.4788888888888889,0.47583333333333333,0.45222222222222225,0.44916666666666666,0.4611111111111111,0.4091666666666667,0.4477777777777778,0.5225,0.4611111111111111,0.5675,0.4766666666666666,0.5358333333333334,0.4033333333333333,0.5425,0.33888888888888885,0.5125,0.47444444444444445,0.5091666666666667,0.4677777777777778,0.5508333333333333,0.47222222222222227,0.4708333333333333,0.3988888888888889,0.5658333333333333,0.46555555555555556,0.9591666666666666,0.45444444444444443,0.6025,0.3277777777777778
