head_top_x,head_top_y,upper_neck_x,upper_neck_y,right_shoulder_x,right_shoulder_y,right_elbow_x,right_elbow_y,right_wrist_x,right_wrist_y,thorax_x,thorax_y,left_shoulder_x,left_shoulder_y,left_elbow_x,left_elbow_y,left_wrist_x,left_wrist_y,pelvis_x,pelvis_y,right_hip_x,right_hip_y,right_knee_x,right_knee_y,right_ankle_x,right_ankle_y,left_hip_x,left_hip_y,left_knee_x,left_knee_y,left_ankle_x,left_ankle_y
0.5341666666666667,0.47444444444444445,0.6441666666666667,0.39222222222222225,0.5458333333333333,0.007777777777777772,0.5925,0.025555555555555554,0.5641666666666667,0.05444444444444444,0.6041666666666666,0.034444444444444465,0.43083333333333335,0.3544444444444444,0.6508333333333334,0.3988888888888889,0.42916666666666664,0.33,0.5091666666666667,0.4388888888888889,0.48583333333333334,0.44111111111111106,0.5258333333333334,0.45222222222222225,0.6558333333333334,0.3833333333333333,0.5358333333333334,0.45222222222222225,0.5375,0.4588888888888889,0.6541666666666667,0.3855555555555556
