head_top_x,head_top_y,upper_neck_x,upper_neck_y,right_shoulder_x,right_shoulder_y,right_elbow_x,right_elbow_y,right_wrist_x,right_wrist_y,thorax_x,thorax_y,left_shoulder_x,left_shoulder_y,left_elbow_x,left_elbow_y,left_wrist_x,left_wrist_y,pelvis_x,pelvis_y,right_hip_x,right_hip_y,right_knee_x,right_knee_y,right_ankle_x,right_ankle_y,left_hip_x,left_hip_y,left_knee_x,left_knee_y,left_ankle_x,left_ankle_y
0.6475,0.45,0.5641666666666667,0.42111111111111116,0.5325,0.41888888888888887,0.6125,0.31444444444444447,0.6208333333333333,0.47444444444444445,0.5691666666666667,0.4166666666666667,0.48583333333333334,0.4055555555555555,0.6225,0.31444444444444447,0.6241666666666666,0.4988888888888889,0.4875,0.4055555555555555,0.49416666666666664,0.39666666666666667,0.42583333333333334,0.45222222222222225,0.6175,0.47444444444444445,0.4875,0.4077777777777778,0.6075,0.32555555555555554,0.6041666666666666,0.4388888888888889
