head_top_x,head_top_y,upper_neck_x,upper_neck_y,right_shoulder_x,right_shoulder_y,right_elbow_x,right_elbow_y,right_wrist_x,right_wrist_y,thorax_x,thorax_y,left_shoulder_x,left_shoulder_y,left_elbow_x,left_elbow_y,left_wrist_x,left_wrist_y,pelvis_x,pelvis_y,right_hip_x,right_hip_y,right_knee_x,right_knee_y,right_ankle_x,right_ankle_y,left_hip_x,left_hip_y,left_knee_x,left_knee_y,left_ankle_x,left_ankle_y
0.4775,0.5144444444444445,0.49083333333333334,0.3344444444444445,0.4425,0.34777777777777774,0.35583333333333333,0.3566666666666667,0.2791666666666667,0.35888888888888887,0.4891666666666667,0.3433333333333333,0.5341666666666667,0.33,0.6108333333333333,0.32555555555555554,0.6841666666666667,0.31888888888888894,0.5141666666666667,0.41,0.49416666666666664,0.38999999999999996,0.5691666666666667,0.4344444444444444,0.5625,0.41,0.5291666666666667,0.3833333333333333,0.6008333333333333,0.36777777777777776,0.5958333333333333,0.35888888888888887
