head_top_x,head_top_y,upper_neck_x,upper_neck_y,right_shoulder_x,right_shoulder_y,right_elbow_x,right_elbow_y,right_wrist_x,right_wrist_y,thorax_x,thorax_y,left_shoulder_x,left_shoulder_y,left_elbow_x,left_elbow_y,left_wrist_x,left_wrist_y,pelvis_x,pelvis_y,right_hip_x,right_hip_y,right_knee_x,right_knee_y,right_ankle_x,right_ankle_y,left_hip_x,left_hip_y,left_knee_x,left_knee_y,left_ankle_x,left_ankle_y
0.4725,0.35888888888888887,0.49416666666666664,0.42333333333333334,0.4875,0.39666666666666667,0.4508333333333333,0.4255555555555555,0.5308333333333334,0.3877777777777778,0.4191666666666667,0.37000000000000005,0.4608333333333333,0.43,0.4275,0.4477777777777778,0.5358333333333334,0.38999999999999996,0.3975,0.4766666666666666,0.37916666666666665,0.4566666666666667,0.44416666666666665,0.45222222222222225,0.5241666666666667,0.41888888888888887,0.4058333333333333,0.4677777777777778,0.42583333333333334,0.45444444444444443,0.3491666666666667,0.6877777777777778
