head_top_x,head_top_y,upper_neck_x,upper_neck_y,right_shoulder_x,right_shoulder_y,right_elbow_x,right_elbow_y,right_wrist_x,right_wrist_y,thorax_x,thorax_y,left_shoulder_x,left_shoulder_y,left_elbow_x,left_elbow_y,left_wrist_x,left_wrist_y,pelvis_x,pelvis_y,right_hip_x,right_hip_y,right_knee_x,right_knee_y,right_ankle_x,right_ankle_y,left_hip_x,left_hip_y,left_knee_x,left_knee_y,left_ankle_x,left_ankle_y
0.4575,0.23666666666666666,0.4625,0.41,0.4425,0.40111111111111114,0.5508333333333333,0.4477777777777778,0.6225,0.4255555555555555,0.4575,0.41444444444444445,0.4691666666666667,0.4033333333333333,0.5541666666666667,0.43,0.6375,0.41444444444444445,0.31416666666666665,0.6388888888888888,0.2791666666666667,0.5922222222222223,0.15583333333333332,0.7611111111111111,0.1925,0.8877777777777779,0.3258333333333333,0.6677777777777778,0.18083333333333335,0.7344444444444443,0.21416666666666667,0.8566666666666666
