head_top_x,head_top_y,upper_neck_x,upper_neck_y,right_shoulder_x,right_shoulder_y,right_elbow_x,right_elbow_y,right_wrist_x,right_wrist_y,thorax_x,thorax_y,left_shoulder_x,left_shoulder_y,left_elbow_x,left_elbow_y,left_wrist_x,left_wrist_y,pelvis_x,pelvis_y,right_hip_x,right_hip_y,right_knee_x,right_knee_y,right_ankle_x,right_ankle_y,left_hip_x,left_hip_y,left_knee_x,left_knee_y,left_ankle_x,left_ankle_y
0.4891666666666667,0.23666666666666666,0.4975,0.18333333333333335,0.4658333333333333,0.4633333333333333,0.4325,0.4166666666666667,0.45916666666666667,0.2611111111111111,0.9275,-0.0008333333333333334,0.9858333333333333,1.0,0.5325,0.34111111111111114,0.4691666666666667,0.5166666666666666,0.46416666666666667,0.3788888888888889,0.4508333333333333,0.3433333333333333,0.4625,0.3566666666666667,0.49583333333333335,0.25,0.4708333333333333,0.43,0.49416666666666664,0.36333333333333334,0.49416666666666664,0.26333333333333336
