head_top_x,head_top_y,upper_neck_x,upper_neck_y,right_shoulder_x,right_shoulder_y,right_elbow_x,right_elbow_y,right_wrist_x,right_wrist_y,thorax_x,thorax_y,left_shoulder_x,left_shoulder_y,left_elbow_x,left_elbow_y,left_wrist_x,left_wrist_y,pelvis_x,pelvis_y,right_hip_x,right_hip_y,right_knee_x,right_knee_y,right_ankle_x,right_ankle_y,left_hip_x,left_hip_y,left_knee_x,left_knee_y,left_ankle_x,left_ankle_y
0.4191666666666667,0.33666666666666667,0.5308333333333334,0.42111111111111116,0.5241666666666667,0.44333333333333336,0.49416666666666664,0.5366666666666666,0.5108333333333334,0.6477777777777778,0.5125,0.39222222222222225,0.5241666666666667,0.3811111111111111,0.5791666666666667,0.5211111111111112,0.6408333333333334,0.5944444444444444,0.5075,0.34777777777777774,0.4775,0.3611111111111111,0.5008333333333334,0.39666666666666667,0.4875,0.4344444444444444,0.5191666666666667,0.33888888888888885,0.5641666666666667,0.5166666666666666,0.5658333333333333,0.5211111111111112
