head_top_x,head_top_y,upper_neck_x,upper_neck_y,right_shoulder_x,right_shoulder_y,right_elbow_x,right_elbow_y,right_wrist_x,right_wrist_y,thorax_x,thorax_y,left_shoulder_x,left_shoulder_y,left_elbow_x,left_elbow_y,left_wrist_x,left_wrist_y,pelvis_x,pelvis_y,right_hip_x,right_hip_y,right_knee_x,right_knee_y,right_ankle_x,right_ankle_y,left_hip_x,left_hip_y,left_knee_x,left_knee_y,left_ankle_x,left_ankle_y
0.5008333333333334,0.34777777777777774,0.5025,0.4055555555555555,0.5175,0.4344444444444444,0.5041666666666667,0.3855555555555556,0.42083333333333334,0.4877777777777778,0.5141666666666667,0.4344444444444444,0.5241666666666667,0.4122222222222222,0.5458333333333333,0.4566666666666667,0.5891666666666666,0.45444444444444443,0.5141666666666667,0.45,0.46416666666666667,0.4788888888888889,0.49583333333333335,0.34111111111111114,0.49416666666666664,0.33,0.5375,0.4811111111111111,0.5125,0.27444444444444444,0.47583333333333333,0.34777777777777774
