head_top_x,head_top_y,upper_neck_x,upper_neck_y,right_shoulder_x,right_shoulder_y,right_elbow_x,right_elbow_y,right_wrist_x,right_wrist_y,thorax_x,thorax_y,left_shoulder_x,left_shoulder_y,left_elbow_x,left_elbow_y,left_wrist_x,left_wrist_y,pelvis_x,pelvis_y,right_hip_x,right_hip_y,right_knee_x,right_knee_y,right_ankle_x,right_ankle_y,left_hip_x,left_hip_y,left_knee_x,left_knee_y,left_ankle_x,left_ankle_y
0.5325,0.5855555555555556,0.5275,0.4788888888888889,0.5625,0.5966666666666667,0.49416666666666664,0.45222222222222225,0.42583333333333334,0.48333333333333334,0.5375,0.49,0.5125,0.45222222222222225,0.44583333333333336,0.4766666666666666,0.4041666666666667,0.47222222222222227,0.4741666666666667,0.5677777777777777,0.5058333333333334,0.5722222222222223,0.5541666666666667,0.33888888888888885,0.5741666666666667,0.2611111111111111,0.4475,0.5722222222222223,0.5508333333333333,0.37666666666666665,0.5625,0.26333333333333336
