head_top_x,head_top_y,upper_neck_x,upper_neck_y,right_shoulder_x,right_shoulder_y,right_elbow_x,right_elbow_y,right_wrist_x,right_wrist_y,thorax_x,thorax_y,left_shoulder_x,left_shoulder_y,left_elbow_x,left_elbow_y,left_wrist_x,left_wrist_y,pelvis_x,pelvis_y,right_hip_x,right_hip_y,right_knee_x,right_knee_y,right_ankle_x,right_ankle_y,left_hip_x,left_hip_y,left_knee_x,left_knee_y,left_ankle_x,left_ankle_y
0.6495535714285714,0.0267857142857143,0.6941964285714286,0.19940476190476195,0.765625,0.2589285714285714,0.5915178571428571,0.40178571428571425,0.5736607142857143,0.5029761904761906,0.703125,0.2410714285714286,0.6361607142857143,0.22321428571428573,0.5915178571428571,0.3839285714285714,0.4575892857142857,0.43154761904761907,0.5245535714285714,0.5089285714285715,0.671875,0.6160714285714285,0.5870535714285714,0.8839285714285715,0.6004464285714286,0.9434523809523809,0.515625,0.5029761904761906,0.5825892857142857,0.8720238095238094,0.5870535714285714,0.9315476190476191
