head_top_x,head_top_y,upper_neck_x,upper_neck_y,right_shoulder_x,right_shoulder_y,right_elbow_x,right_elbow_y,right_wrist_x,right_wrist_y,thorax_x,thorax_y,left_shoulder_x,left_shoulder_y,left_elbow_x,left_elbow_y,left_wrist_x,left_wrist_y,pelvis_x,pelvis_y,right_hip_x,right_hip_y,right_knee_x,right_knee_y,right_ankle_x,right_ankle_y,left_hip_x,left_hip_y,left_knee_x,left_knee_y,left_ankle_x,left_ankle_y
0.546875,0.2351190476190476,0.49776785714285715,0.3958333333333333,0.4799107142857143,0.3363095238095238,0.36830357142857145,0.4791666666666667,0.41294642857142855,0.5625,0.5111607142857143,0.3958333333333333,0.5334821428571429,0.4375,0.6183035714285714,0.5148809523809524,0.49776785714285715,0.5208333333333334,0.4888392857142857,0.5148809523809524,0.47544642857142855,0.5029761904761906,0.40401785714285715,0.5267857142857143,0.41294642857142855,0.5744047619047619,0.49776785714285715,0.5208333333333334,0.5602678571428571,0.5208333333333334,0.40848214285714285,0.5684523809523809
