head_top_x,head_top_y,upper_neck_x,upper_neck_y,right_shoulder_x,right_shoulder_y,right_elbow_x,right_elbow_y,right_wrist_x,right_wrist_y,thorax_x,thorax_y,left_shoulder_x,left_shoulder_y,left_elbow_x,left_elbow_y,left_wrist_x,left_wrist_y,pelvis_x,pelvis_y,right_hip_x,right_hip_y,right_knee_x,right_knee_y,right_ankle_x,right_ankle_y,left_hip_x,left_hip_y,left_knee_x,left_knee_y,left_ankle_x,left_ankle_y
0.5245535714285714,0.11607142857142856,0.43973214285714285,0.2589285714285714,0.4174107142857143,0.2589285714285714,0.484375,0.45535714285714285,0.47544642857142855,0.41964285714285715,0.4263392857142857,0.2648809523809524,0.390625,0.2589285714285714,0.5022321428571429,0.4672619047619047,0.4799107142857143,0.4136904761904762,0.49330357142857145,0.4672619047619047,0.484375,0.45535714285714285,0.43080357142857145,0.47321428571428575,0.49776785714285715,0.4672619047619047,0.49776785714285715,0.4672619047619047,0.4799107142857143,0.43154761904761907,0.49330357142857145,0.4494047619047619
