head_top_x,head_top_y,upper_neck_x,upper_neck_y,right_shoulder_x,right_shoulder_y,right_elbow_x,right_elbow_y,right_wrist_x,right_wrist_y,thorax_x,thorax_y,left_shoulder_x,left_shoulder_y,left_elbow_x,left_elbow_y,left_wrist_x,left_wrist_y,pelvis_x,pelvis_y,right_hip_x,right_hip_y,right_knee_x,right_knee_y,right_ankle_x,right_ankle_y,left_hip_x,left_hip_y,left_knee_x,left_knee_y,left_ankle_x,left_ankle_y
0.28348214285714285,0.2827380952380953,0.40401785714285715,0.3422619047619047,0.40848214285714285,0.3363095238095238,0.3950892857142857,0.44345238095238093,0.390625,0.4791666666666667,0.40401785714285715,0.3422619047619047,0.39955357142857145,0.3422619047619047,0.4174107142857143,0.21726190476190474,0.3861607142857143,0.47321428571428575,0.5290178571428571,0.3898809523809524,0.5334821428571429,0.3958333333333333,0.5915178571428571,0.4136904761904762,0.703125,0.47321428571428575,0.515625,0.3898809523809524,0.5870535714285714,0.41964285714285715,0.7075892857142857,0.4791666666666667
