head_top_x,head_top_y,upper_neck_x,upper_neck_y,right_shoulder_x,right_shoulder_y,right_elbow_x,right_elbow_y,right_wrist_x,right_wrist_y,thorax_x,thorax_y,left_shoulder_x,left_shoulder_y,left_elbow_x,left_elbow_y,left_wrist_x,left_wrist_y,pelvis_x,pelvis_y,right_hip_x,right_hip_y,right_knee_x,right_knee_y,right_ankle_x,right_ankle_y,left_hip_x,left_hip_y,left_knee_x,left_knee_y,left_ankle_x,left_ankle_y
0.5647321428571429,0.4255952380952381,0.453125,0.4851190476190476,0.40848214285714285,0.4613095238095238,0.5647321428571429,0.3958333333333333,0.5513392857142857,0.47321428571428575,0.46651785714285715,0.4851190476190476,0.41294642857142855,0.45535714285714285,0.40848214285714285,0.5208333333333334,0.5379464285714286,0.4613095238095238,0.18080357142857142,0.5267857142857143,0.18526785714285715,0.5327380952380952,0.3549107142857143,0.7529761904761906,0.029017857142857144,0.37797619047619047,0.171875,0.5267857142857143,0.34598214285714285,0.7470238095238094,0.029017857142857144,0.3958333333333333
