head_top_x,head_top_y,upper_neck_x,upper_neck_y,right_shoulder_x,right_shoulder_y,right_elbow_x,right_elbow_y,right_wrist_x,right_wrist_y,thorax_x,thorax_y,left_shoulder_x,left_shoulder_y,left_elbow_x,left_elbow_y,left_wrist_x,left_wrist_y,pelvis_x,pelvis_y,right_hip_x,right_hip_y,right_knee_x,right_knee_y,right_ankle_x,right_ankle_y,left_hip_x,left_hip_y,left_knee_x,left_knee_y,left_ankle_x,left_ankle_y
0.3950892857142857,0.11011904761904763,0.39955357142857145,0.2410714285714286,0.40848214285714285,0.2351190476190476,0.46205357142857145,0.29464285714285715,0.453125,0.4672619047619047,0.39955357142857145,0.2410714285714286,0.40848214285714285,0.22916666666666666,0.5066964285714286,0.27678571428571425,0.484375,0.4077380952380953,0.5111607142857143,0.4672619047619047,0.484375,0.47321428571428575,0.7254464285714286,0.6220238095238094,0.9575892857142857,0.6279761904761906,0.5334821428571429,0.4613095238095238,0.7433035714285714,0.6220238095238094,0.953125,0.6160714285714285
