head_top_x,head_top_y,upper_neck_x,upper_neck_y,right_shoulder_x,right_shoulder_y,right_elbow_x,right_elbow_y,right_wrist_x,right_wrist_y,thorax_x,thorax_y,left_shoulder_x,left_shoulder_y,left_elbow_x,left_elbow_y,left_wrist_x,left_wrist_y,pelvis_x,pelvis_y,right_hip_x,right_hip_y,right_knee_x,right_knee_y,right_ankle_x,right_ankle_y,left_hip_x,left_hip_y,left_knee_x,left_knee_y,left_ankle_x,left_ankle_y
0.4799107142857143,0.0505952380952381,0.49330357142857145,0.2351190476190476,0.5066964285714286,0.2410714285714286,0.5870535714285714,0.3839285714285714,0.5959821428571429,0.4910714285714286,0.49776785714285715,0.24702380952380953,0.484375,0.2589285714285714,0.4799107142857143,0.3839285714285714,0.47098214285714285,0.41964285714285715,0.5022321428571429,0.43154761904761907,0.5111607142857143,0.4255952380952381,0.5870535714285714,0.3839285714285714,0.4799107142857143,0.4672619047619047,0.4799107142857143,0.4255952380952381,0.546875,0.3839285714285714,0.47098214285714285,0.4672619047619047
