head_top_x,head_top_y,upper_neck_x,upper_neck_y,right_shoulder_x,right_shoulder_y,right_elbow_x,right_elbow_y,right_wrist_x,right_wrist_y,thorax_x,thorax_y,left_shoulder_x,left_shoulder_y,left_elbow_x,left_elbow_y,left_wrist_x,left_wrist_y,pelvis_x,pelvis_y,right_hip_x,right_hip_y,right_knee_x,right_knee_y,right_ankle_x,right_ankle_y,left_hip_x,left_hip_y,left_knee_x,left_knee_y,left_ankle_x,left_ankle_y
0.4486607142857143,0.6875,0.5602678571428571,0.5505952380952381,0.6183035714285714,0.4791666666666667,0.5424107142857143,0.49702380952380953,0.5825892857142857,0.5327380952380952,0.5602678571428571,0.5446428571428572,0.47098214285714285,0.5744047619047619,0.5915178571428571,0.5684523809523809,0.5959821428571429,0.5565476190476191,0.47544642857142855,0.3898809523809524,0.4799107142857143,0.3898809523809524,0.44419642857142855,0.2351190476190476,0.3325892857142857,0.30654761904761907,0.47544642857142855,0.3898809523809524,0.38169642857142855,0.3363095238095238,0.3325892857142857,0.3125
