head_top_x,head_top_y,upper_neck_x,upper_neck_y,right_shoulder_x,right_shoulder_y,right_elbow_x,right_elbow_y,right_wrist_x,right_wrist_y,thorax_x,thorax_y,left_shoulder_x,left_shoulder_y,left_elbow_x,left_elbow_y,left_wrist_x,left_wrist_y,pelvis_x,pelvis_y,right_hip_x,right_hip_y,right_knee_x,right_knee_y,right_ankle_x,right_ankle_y,left_hip_x,left_hip_y,left_knee_x,left_knee_y,left_ankle_x,left_ankle_y
0.515625,0.04464285714285713,0.484375,0.19345238095238093,0.49776785714285715,0.19940476190476195,0.4888392857142857,0.3244047619047619,0.49776785714285715,0.44345238095238093,0.4888392857142857,0.1875,0.4888392857142857,0.19940476190476195,0.49330357142857145,0.31845238095238093,0.5022321428571429,0.44345238095238093,0.47098214285714285,0.5029761904761906,0.47544642857142855,0.5089285714285715,0.296875,0.41964285714285715,0.49330357142857145,0.4672619047619047,0.4799107142857143,0.5148809523809524,0.5022321428571429,0.4851190476190476,0.484375,0.12797619047619047
