head_top_x,head_top_y,upper_neck_x,upper_neck_y,right_shoulder_x,right_shoulder_y,right_elbow_x,right_elbow_y,right_wrist_x,right_wrist_y,thorax_x,thorax_y,left_shoulder_x,left_shoulder_y,left_elbow_x,left_elbow_y,left_wrist_x,left_wrist_y,pelvis_x,pelvis_y,right_hip_x,right_hip_y,right_knee_x,right_knee_y,right_ankle_x,right_ankle_y,left_hip_x,left_hip_y,left_knee_x,left_knee_y,left_ankle_x,left_ankle_y
0.6763392857142857,0.4672619047619047,0.546875,0.41964285714285715,0.5245535714285714,0.40178571428571425,0.4174107142857143,0.4255952380952381,0.31919642857142855,0.4255952380952381,0.546875,0.43154761904761907,0.5602678571428571,0.3958333333333333,0.6272321428571429,0.4494047619047619,0.31473214285714285,0.41964285714285715,0.37276785714285715,0.4077380952380953,0.3638392857142857,0.41964285714285715,0.28348214285714285,0.3958333333333333,0.3013392857142857,0.44345238095238093,0.3638392857142857,0.3898809523809524,0.28348214285714285,0.40178571428571425,0.3013392857142857,0.43154761904761907
