head_top_x,head_top_y,upper_neck_x,upper_neck_y,right_shoulder_x,right_shoulder_y,right_elbow_x,right_elbow_y,right_wrist_x,right_wrist_y,thorax_x,thorax_y,left_shoulder_x,left_shoulder_y,left_elbow_x,left_elbow_y,left_wrist_x,left_wrist_y,pelvis_x,pelvis_y,right_hip_x,right_hip_y,right_knee_x,right_knee_y,right_ankle_x,right_ankle_y,left_hip_x,left_hip_y,left_knee_x,left_knee_y,left_ankle_x,left_ankle_y
0.43526785714285715,0.40178571428571425,0.46651785714285715,0.3363095238095238,0.421875,0.3363095238095238,0.4799107142857143,0.33035714285714285,0.5424107142857143,0.4613095238095238,0.43973214285714285,0.3422619047619047,0.43526785714285715,0.31845238095238093,0.5602678571428571,0.4851190476190476,0.5245535714285714,0.43154761904761907,0.5513392857142857,0.3422619047619047,0.5825892857142857,0.31845238095238093,0.25669642857142855,0.2886904761904762,0.12723214285714285,0.19345238095238093,0.5334821428571429,0.3541666666666667,0.25669642857142855,0.27678571428571425,0.11830357142857142,0.17559523809523805
