head_top_x,head_top_y,upper_neck_x,upper_neck_y,right_shoulder_x,right_shoulder_y,right_elbow_x,right_elbow_y,right_wrist_x,right_wrist_y,thorax_x,thorax_y,left_shoulder_x,left_shoulder_y,left_elbow_x,left_elbow_y,left_wrist_x,left_wrist_y,pelvis_x,pelvis_y,right_hip_x,right_hip_y,right_knee_x,right_knee_y,right_ankle_x,right_ankle_y,left_hip_x,left_hip_y,left_knee_x,left_knee_y,left_ankle_x,left_ankle_y
0.6361607142857143,0.4791666666666667,0.5424107142857143,0.3898809523809524,0.515625,0.3660714285714286,0.4799107142857143,0.5386904761904762,0.4888392857142857,0.6577380952380952,0.5379464285714286,0.3898809523809524,0.5870535714285714,0.37797619047619047,0.6227678571428571,0.4672619047619047,0.578125,0.45535714285714285,0.47098214285714285,0.3244047619047619,0.46651785714285715,0.3125,0.38169642857142855,0.27678571428571425,0.5959821428571429,0.6220238095238094,0.4799107142857143,0.3005952380952381,0.5959821428571429,0.4375,0.5959821428571429,0.5863095238095238
