head_top_x,head_top_y,upper_neck_x,upper_neck_y,right_shoulder_x,right_shoulder_y,right_elbow_x,right_elbow_y,right_wrist_x,right_wrist_y,thorax_x,thorax_y,left_shoulder_x,left_shoulder_y,left_elbow_x,left_elbow_y,left_wrist_x,left_wrist_y,pelvis_x,pelvis_y,right_hip_x,right_hip_y,right_knee_x,right_knee_y,right_ankle_x,right_ankle_y,left_hip_x,left_hip_y,left_knee_x,left_knee_y,left_ankle_x,left_ankle_y
0.5290178571428571,0.16964285714285712,0.5736607142857143,0.3244047619047619,0.6361607142857143,0.31845238095238093,0.6763392857142857,0.22916666666666666,0.734375,0.19345238095238093,0.5691964285714286,0.33035714285714285,0.5200892857142857,0.3363095238095238,0.4888392857142857,0.4136904761904762,0.47544642857142855,0.2886904761904762,0.49330357142857145,0.4077380952380953,0.4799107142857143,0.4375,0.6183035714285714,0.49702380952380953,0.37276785714285715,0.18154761904761907,0.4799107142857143,0.3958333333333333,0.38169642857142855,0.19940476190476195,0.3638392857142857,0.17559523809523805
