head_top_x,head_top_y,upper_neck_x,upper_neck_y,right_shoulder_x,right_shoulder_y,right_elbow_x,right_elbow_y,right_wrist_x,right_wrist_y,thorax_x,thorax_y,left_shoulder_x,left_shoulder_y,left_elbow_x,left_elbow_y,left_wrist_x,left_wrist_y,pelvis_x,pelvis_y,right_hip_x,right_hip_y,right_knee_x,right_knee_y,right_ankle_x,right_ankle_y,left_hip_x,left_hip_y,left_knee_x,left_knee_y,left_ankle_x,left_ankle_y
0.6941964285714286,0.31845238095238093,0.609375,0.29464285714285715,0.6361607142857143,0.30654761904761907,0.5915178571428571,0.3005952380952381,0.5736607142857143,0.3125,0.609375,0.29464285714285715,0.5915178571428571,0.2886904761904762,0.515625,0.30654761904761907,0.5379464285714286,0.31845238095238093,0.44419642857142855,0.37202380952380953,0.4575892857142857,0.3601190476190476,0.2700892857142857,0.4136904761904762,0.16741071428571427,0.21726190476190474,0.41294642857142855,0.3839285714285714,0.24330357142857142,0.37202380952380953,0.09598214285714286,0.0982142857142857
