head_top_x,head_top_y,upper_neck_x,upper_neck_y,right_shoulder_x,right_shoulder_y,right_elbow_x,right_elbow_y,right_wrist_x,right_wrist_y,thorax_x,thorax_y,left_shoulder_x,left_shoulder_y,left_elbow_x,left_elbow_y,left_wrist_x,left_wrist_y,pelvis_x,pelvis_y,right_hip_x,right_hip_y,right_knee_x,right_knee_y,right_ankle_x,right_ankle_y,left_hip_x,left_hip_y,left_knee_x,left_knee_y,left_ankle_x,left_ankle_y
0.43080357142857145,0.17559523809523805,0.453125,0.3541666666666667,0.46651785714285715,0.3541666666666667,0.6227678571428571,0.4375,0.734375,0.4672619047619047,0.4486607142857143,0.3541666666666667,0.43526785714285715,0.3541666666666667,0.4263392857142857,0.45535714285714285,0.4174107142857143,0.5267857142857143,0.5066964285714286,0.4613095238095238,0.515625,0.4613095238095238,0.6227678571428571,0.44345238095238093,0.7566964285714286,0.4672619047619047,0.49776785714285715,0.4672619047619047,0.6272321428571429,0.4375,0.7611607142857143,0.4791666666666667
