head_top_x,head_top_y,upper_neck_x,upper_neck_y,right_shoulder_x,right_shoulder_y,right_elbow_x,right_elbow_y,right_wrist_x,right_wrist_y,thorax_x,thorax_y,left_shoulder_x,left_shoulder_y,left_elbow_x,left_elbow_y,left_wrist_x,left_wrist_y,pelvis_x,pelvis_y,right_hip_x,right_hip_y,right_knee_x,right_knee_y,right_ankle_x,right_ankle_y,left_hip_x,left_hip_y,left_knee_x,left_knee_y,left_ankle_x,left_ankle_y
0.5022321428571429,0.13988095238095236,0.49330357142857145,0.3839285714285714,0.5290178571428571,0.3541666666666667,0.44419642857142855,0.4077380952380953,0.39955357142857145,0.43154761904761907,0.5066964285714286,0.37797619047619047,0.5245535714285714,0.3660714285714286,0.47544642857142855,0.45535714285714285,0.3861607142857143,0.43154761904761907,0.43973214285714285,0.4791666666666667,0.44419642857142855,0.47321428571428575,0.3861607142857143,0.4851190476190476,0.3638392857142857,0.5029761904761906,0.43973214285714285,0.4851190476190476,0.38169642857142855,0.4910714285714286,0.35044642857142855,0.4910714285714286
