head_top_x,head_top_y,upper_neck_x,upper_neck_y,right_shoulder_x,right_shoulder_y,right_elbow_x,right_elbow_y,right_wrist_x,right_wrist_y,thorax_x,thorax_y,left_shoulder_x,left_shoulder_y,left_elbow_x,left_elbow_y,left_wrist_x,left_wrist_y,pelvis_x,pelvis_y,right_hip_x,right_hip_y,right_knee_x,right_knee_y,right_ankle_x,right_ankle_y,left_hip_x,left_hip_y,left_knee_x,left_knee_y,left_ankle_x,left_ankle_y
0.6808035714285714,0.03273809523809523,0.6138392857142857,0.19345238095238093,0.6227678571428571,0.2113095238095238,0.7299107142857143,0.2351190476190476,0.47098214285714285,0.12797619047619047,0.6138392857142857,0.2113095238095238,0.5200892857142857,0.24702380952380953,0.49776785714285715,0.27678571428571425,0.46651785714285715,0.4375,0.4888392857142857,0.4910714285714286,0.49776785714285715,0.4791666666666667,0.40848214285714285,0.5148809523809524,0.40848214285714285,0.49702380952380953,0.4888392857142857,0.49702380952380953,0.5245535714285714,0.5148809523809524,0.3013392857142857,0.8601190476190476
