head_top_x,head_top_y,upper_neck_x,upper_neck_y,right_shoulder_x,right_shoulder_y,right_elbow_x,right_elbow_y,right_wrist_x,right_wrist_y,thorax_x,thorax_y,left_shoulder_x,left_shoulder_y,left_elbow_x,left_elbow_y,left_wrist_x,left_wrist_y,pelvis_x,pelvis_y,right_hip_x,right_hip_y,right_knee_x,right_knee_y,right_ankle_x,right_ankle_y,left_hip_x,left_hip_y,left_knee_x,left_knee_y,left_ankle_x,left_ankle_y
0.43973214285714285,0.44345238095238093,0.4799107142857143,0.4910714285714286,0.46651785714285715,0.4910714285714286,0.47098214285714285,0.4077380952380953,0.484375,0.2886904761904762,0.484375,0.49702380952380953,0.5066964285714286,0.5029761904761906,0.5915178571428571,0.4791666666666667,0.484375,0.2827380952380953,0.6450892857142857,0.5029761904761906,0.6540178571428571,0.4910714285714286,0.203125,0.6041666666666666,0.734375,0.2589285714285714,0.6316964285714286,0.49702380952380953,0.24776785714285715,0.5684523809523809,0.7299107142857143,0.2708333333333333
