head_top_x,head_top_y,upper_neck_x,upper_neck_y,right_shoulder_x,right_shoulder_y,right_elbow_x,right_elbow_y,right_wrist_x,right_wrist_y,thorax_x,thorax_y,left_shoulder_x,left_shoulder_y,left_elbow_x,left_elbow_y,left_wrist_x,left_wrist_y,pelvis_x,pelvis_y,right_hip_x,right_hip_y,right_knee_x,right_knee_y,right_ankle_x,right_ankle_y,left_hip_x,left_hip_y,left_knee_x,left_knee_y,left_ankle_x,left_ankle_y
0.4486607142857143,0.19940476190476195,0.4575892857142857,0.41964285714285715,0.43526785714285715,0.44345238095238093,0.5111607142857143,0.3958333333333333,0.46651785714285715,0.2827380952380953,0.453125,0.41964285714285715,0.43973214285714285,0.45535714285714285,0.5200892857142857,0.4255952380952381,0.47544642857142855,0.2886904761904762,0.5245535714285714,0.4851190476190476,0.546875,0.4851190476190476,0.453125,0.2648809523809524,0.4799107142857143,0.37797619047619047,0.5379464285714286,0.49702380952380953,0.47098214285714285,0.2589285714285714,0.49330357142857145,0.4255952380952381
