head_top_x,head_top_y,upper_neck_x,upper_neck_y,right_shoulder_x,right_shoulder_y,right_elbow_x,right_elbow_y,right_wrist_x,right_wrist_y,thorax_x,thorax_y,left_shoulder_x,left_shoulder_y,left_elbow_x,left_elbow_y,left_wrist_x,left_wrist_y,pelvis_x,pelvis_y,right_hip_x,right_hip_y,right_knee_x,right_knee_y,right_ankle_x,right_ankle_y,left_hip_x,left_hip_y,left_knee_x,left_knee_y,left_ankle_x,left_ankle_y
0.09151785714285714,0.24702380952380953,0.20758928571428573,0.29464285714285715,0.46651785714285715,0.41964285714285715,0.5022321428571429,0.40178571428571425,0.5870535714285714,0.49702380952380953,0.22098214285714285,0.3005952380952381,0.22544642857142858,0.2886904761904762,0.515625,0.4077380952380953,0.484375,0.2708333333333333,0.4799107142857143,0.3125,0.47544642857142855,0.2886904761904762,0.7433035714285714,0.4672619047619047,0.5825892857142857,0.4851190476190476,0.5022321428571429,0.3601190476190476,0.7522321428571429,0.47321428571428575,0.5558035714285714,0.4672619047619047
