head_top_x,head_top_y,upper_neck_x,upper_neck_y,right_shoulder_x,right_shoulder_y,right_elbow_x,right_elbow_y,right_wrist_x,right_wrist_y,thorax_x,thorax_y,left_shoulder_x,left_shoulder_y,left_elbow_x,left_elbow_y,left_wrist_x,left_wrist_y,pelvis_x,pelvis_y,right_hip_x,right_hip_y,right_knee_x,right_knee_y,right_ankle_x,right_ankle_y,left_hip_x,left_hip_y,left_knee_x,left_knee_y,left_ankle_x,left_ankle_y
0.4888392857142857,-0.002232142857142857,0.49330357142857145,0.11011904761904763,0.453125,0.11607142857142856,0.43526785714285715,0.19940476190476195,0.546875,0.2708333333333333,0.49330357142857145,0.11011904761904763,0.546875,0.0982142857142857,0.6183035714285714,0.2113095238095238,0.5647321428571429,0.2886904761904762,0.49330357142857145,0.31845238095238093,0.4799107142857143,0.3244047619047619,0.484375,0.43154761904761907,0.4888392857142857,0.5744047619047619,0.5111607142857143,0.31845238095238093,0.4888392857142857,0.4613095238095238,0.484375,0.5744047619047619
