head_top_x,head_top_y,upper_neck_x,upper_neck_y,right_shoulder_x,right_shoulder_y,right_elbow_x,right_elbow_y,right_wrist_x,right_wrist_y,thorax_x,thorax_y,left_shoulder_x,left_shoulder_y,left_elbow_x,left_elbow_y,left_wrist_x,left_wrist_y,pelvis_x,pelvis_y,right_hip_x,right_hip_y,right_knee_x,right_knee_y,right_ankle_x,right_ankle_y,left_hip_x,left_hip_y,left_knee_x,left_knee_y,left_ankle_x,left_ankle_y
0.546875,0.2351190476190476,0.5066964285714286,0.4136904761904762,0.5200892857142857,0.4672619047619047,0.5691964285714286,0.2648809523809524,0.46651785714285715,0.3363095238095238,0.5066964285714286,0.4255952380952381,0.49330357142857145,0.45535714285714285,0.5647321428571429,0.27678571428571425,0.5424107142857143,0.27678571428571425,0.3325892857142857,0.44345238095238093,0.34151785714285715,0.43154761904761907,0.38169642857142855,0.41964285714285715,0.47544642857142855,0.3601190476190476,0.30580357142857145,0.44345238095238093,0.265625,0.43154761904761907,0.140625,0.7291666666666666
