head_top_x,head_top_y,upper_neck_x,upper_neck_y,right_shoulder_x,right_shoulder_y,right_elbow_x,right_elbow_y,right_wrist_x,right_wrist_y,thorax_x,thorax_y,left_shoulder_x,left_shoulder_y,left_elbow_x,left_elbow_y,left_wrist_x,left_wrist_y,pelvis_x,pelvis_y,right_hip_x,right_hip_y,right_knee_x,right_knee_y,right_ankle_x,right_ankle_y,left_hip_x,left_hip_y,left_knee_x,left_knee_y,left_ankle_x,left_ankle_y
0.484375,0.16964285714285712,0.5111607142857143,0.33035714285714285,0.5066964285714286,0.34821428571428575,0.5825892857142857,0.3422619047619047,0.34598214285714285,0.4851190476190476,0.5066964285714286,0.3363095238095238,0.49776785714285715,0.3363095238095238,0.4263392857142857,0.4136904761904762,0.34151785714285715,0.4910714285714286,0.5111607142857143,0.22321428571428573,0.515625,0.21726190476190474,0.28794642857142855,0.2886904761904762,0.17633928571428573,0.2113095238095238,0.5022321428571429,0.2113095238095238,0.296875,0.30654761904761907,0.18526785714285715,0.22321428571428573
