head_top_x,head_top_y,upper_neck_x,upper_neck_y,right_shoulder_x,right_shoulder_y,right_elbow_x,right_elbow_y,right_wrist_x,right_wrist_y,thorax_x,thorax_y,left_shoulder_x,left_shoulder_y,left_elbow_x,left_elbow_y,left_wrist_x,left_wrist_y,pelvis_x,pelvis_y,right_hip_x,right_hip_y,right_knee_x,right_knee_y,right_ankle_x,right_ankle_y,left_hip_x,left_hip_y,left_knee_x,left_knee_y,left_ankle_x,left_ankle_y
0.6272321428571429,0.4672619047619047,0.5111607142857143,0.5208333333333334,0.609375,0.5208333333333334,0.49776785714285715,0.6041666666666666,0.6584821428571429,0.4494047619047619,0.5245535714285714,0.5148809523809524,0.47098214285714285,0.5267857142857143,0.49330357142857145,0.5922619047619048,0.6495535714285714,0.44345238095238093,0.44419642857142855,0.4613095238095238,0.43973214285714285,0.4255952380952381,0.328125,0.29464285714285715,0.31473214285714285,0.2708333333333333,0.43080357142857145,0.4613095238095238,0.4486607142857143,0.5029761904761906,0.31473214285714285,0.25297619047619047
