head_top_x,head_top_y,upper_neck_x,upper_neck_y,right_shoulder_x,right_shoulder_y,right_elbow_x,right_elbow_y,right_wrist_x,right_wrist_y,thorax_x,thorax_y,left_shoulder_x,left_shoulder_y,left_elbow_x,left_elbow_y,left_wrist_x,left_wrist_y,pelvis_x,pelvis_y,right_hip_x,right_hip_y,right_knee_x,right_knee_y,right_ankle_x,right_ankle_y,left_hip_x,left_hip_y,left_knee_x,left_knee_y,left_ankle_x,left_ankle_y
0.49330357142857145,0.0029761904761904656,0.484375,0.1875,0.46651785714285715,0.20535714285714288,0.484375,0.3541666666666667,0.5602678571428571,0.37797619047619047,0.484375,0.19940476190476195,0.5200892857142857,0.19940476190476195,0.6183035714285714,0.22916666666666666,0.6941964285714286,0.2351190476190476,0.46651785714285715,0.37797619047619047,0.453125,0.3898809523809524,0.46651785714285715,0.5386904761904762,0.44419642857142855,0.7470238095238094,0.49330357142857145,0.3660714285714286,0.5959821428571429,0.3898809523809524,0.6138392857142857,0.47321428571428575
