head_top_x,head_top_y,upper_neck_x,upper_neck_y,right_shoulder_x,right_shoulder_y,right_elbow_x,right_elbow_y,right_wrist_x,right_wrist_y,thorax_x,thorax_y,left_shoulder_x,left_shoulder_y,left_elbow_x,left_elbow_y,left_wrist_x,left_wrist_y,pelvis_x,pelvis_y,right_hip_x,right_hip_y,right_knee_x,right_knee_y,right_ankle_x,right_ankle_y,left_hip_x,left_hip_y,left_knee_x,left_knee_y,left_ankle_x,left_ankle_y
0.6227678571428571,0.5208333333333334,0.4575892857142857,0.18154761904761907,0.6584821428571429,0.4851190476190476,0.43526785714285715,0.2351190476190476,0.4888392857142857,0.13392857142857142,0.640625,0.5089285714285715,0.6540178571428571,0.49702380952380953,0.43526785714285715,0.5744047619047619,0.49776785714285715,0.12202380952380953,0.47544642857142855,0.3898809523809524,0.46651785714285715,0.37202380952380953,0.47098214285714285,0.6041666666666666,0.47544642857142855,0.8660714285714285,0.47544642857142855,0.3839285714285714,0.6629464285714286,0.47321428571428575,0.5424107142857143,0.9196428571428572
