head_top_x,head_top_y,upper_neck_x,upper_neck_y,right_shoulder_x,right_shoulder_y,right_elbow_x,right_elbow_y,right_wrist_x,right_wrist_y,thorax_x,thorax_y,left_shoulder_x,left_shoulder_y,left_elbow_x,left_elbow_y,left_wrist_x,left_wrist_y,pelvis_x,pelvis_y,right_hip_x,right_hip_y,right_knee_x,right_knee_y,right_ankle_x,right_ankle_y,left_hip_x,left_hip_y,left_knee_x,left_knee_y,left_ankle_x,left_ankle_y
0.5066964285714286,0.2589285714285714,0.5424107142857143,0.41964285714285715,0.4486607142857143,0.3541666666666667,0.453125,0.3005952380952381,0.6049107142857143,0.4136904761904762,0.5245535714285714,0.4077380952380953,0.640625,0.4136904761904762,0.6986607142857143,0.30654761904761907,0.6227678571428571,0.3958333333333333,0.49776785714285715,0.5148809523809524,0.484375,0.5208333333333334,0.43973214285714285,0.5565476190476191,0.19866071428571427,0.19940476190476195,0.5066964285714286,0.5148809523809524,0.16294642857142858,0.27678571428571425,0.18526785714285715,0.2113095238095238
