head_top_x,head_top_y,upper_neck_x,upper_neck_y,right_shoulder_x,right_shoulder_y,right_elbow_x,right_elbow_y,right_wrist_x,right_wrist_y,thorax_x,thorax_y,left_shoulder_x,left_shoulder_y,left_elbow_x,left_elbow_y,left_wrist_x,left_wrist_y,pelvis_x,pelvis_y,right_hip_x,right_hip_y,right_knee_x,right_knee_y,right_ankle_x,right_ankle_y,left_hip_x,left_hip_y,left_knee_x,left_knee_y,left_ankle_x,left_ankle_y
0.6808035714285714,0.5505952380952381,0.609375,0.4255952380952381,0.6316964285714286,0.4255952380952381,0.7209821428571429,0.3541666666666667,0.359375,0.5029761904761906,0.609375,0.4255952380952381,0.5870535714285714,0.43154761904761907,0.6584821428571429,0.29464285714285715,0.3325892857142857,0.49702380952380953,0.41294642857142855,0.4613095238095238,0.44419642857142855,0.4613095238095238,0.34151785714285715,0.24702380952380953,0.33705357142857145,0.4672619047619047,0.44419642857142855,0.44345238095238093,0.36830357142857145,0.22321428571428573,0.31919642857142855,0.4672619047619047
