head_top_x,head_top_y,upper_neck_x,upper_neck_y,right_shoulder_x,right_shoulder_y,right_elbow_x,right_elbow_y,right_wrist_x,right_wrist_y,thorax_x,thorax_y,left_shoulder_x,left_shoulder_y,left_elbow_x,left_elbow_y,left_wrist_x,left_wrist_y,pelvis_x,pelvis_y,right_hip_x,right_hip_y,right_knee_x,right_knee_y,right_ankle_x,right_ankle_y,left_hip_x,left_hip_y,left_knee_x,left_knee_y,left_ankle_x,left_ankle_y
0.6852678571428571,-0.002232142857142857,0.6584821428571429,0.15773809523809523,0.6629464285714286,0.17559523809523805,0.6004464285714286,0.2827380952380953,0.484375,0.30654761904761907,0.6495535714285714,0.17559523809523805,0.5959821428571429,0.1636904761904762,0.6183035714285714,0.2886904761904762,0.4888392857142857,0.3005952380952381,0.5066964285714286,0.44345238095238093,0.5290178571428571,0.43154761904761907,0.38169642857142855,0.5267857142857143,0.09151785714285714,0.04464285714285713,0.47544642857142855,0.4494047619047619,0.36830357142857145,0.5327380952380952,0.078125,0.0505952380952381
