head_top_x,head_top_y,upper_neck_x,upper_neck_y,right_shoulder_x,right_shoulder_y,right_elbow_x,right_elbow_y,right_wrist_x,right_wrist_y,thorax_x,thorax_y,left_shoulder_x,left_shoulder_y,left_elbow_x,left_elbow_y,left_wrist_x,left_wrist_y,pelvis_x,pelvis_y,right_hip_x,right_hip_y,right_knee_x,right_knee_y,right_ankle_x,right_ankle_y,left_hip_x,left_hip_y,left_knee_x,left_knee_y,left_ankle_x,left_ankle_y
0.4575892857142857,0.0625,0.4888392857142857,0.24702380952380953,0.49330357142857145,0.2410714285714286,0.47098214285714285,0.3244047619047619,0.49776785714285715,0.15773809523809523,0.4888392857142857,0.2410714285714286,0.49776785714285715,0.22916666666666666,0.4799107142857143,0.33035714285714285,0.49330357142857145,0.1517857142857143,0.4888392857142857,0.4136904761904762,0.4888392857142857,0.41964285714285715,0.4575892857142857,0.5863095238095238,0.3861607142857143,0.4910714285714286,0.49776785714285715,0.41964285714285715,0.6183035714285714,0.4851190476190476,0.3861607142857143,0.4910714285714286
