head_top_x,head_top_y,upper_neck_x,upper_neck_y,right_shoulder_x,right_shoulder_y,right_elbow_x,right_elbow_y,right_wrist_x,right_wrist_y,thorax_x,thorax_y,left_shoulder_x,left_shoulder_y,left_elbow_x,left_elbow_y,left_wrist_x,left_wrist_y,pelvis_x,pelvis_y,right_hip_x,right_hip_y,right_knee_x,right_knee_y,right_ankle_x,right_ankle_y,left_hip_x,left_hip_y,left_knee_x,left_knee_y,left_ankle_x,left_ankle_y
0.5558035714285714,0.20535714285714288,0.49330357142857145,0.3898809523809524,0.453125,0.3839285714285714,0.4888392857142857,0.22321428571428573,0.49776785714285715,0.2827380952380953,0.4888392857142857,0.40178571428571425,0.5200892857142857,0.4077380952380953,0.6138392857142857,0.4672619047619047,0.4888392857142857,0.2589285714285714,0.43526785714285715,0.5505952380952381,0.3549107142857143,0.5089285714285715,0.3638392857142857,0.4851190476190476,0.16741071428571427,0.4851190476190476,0.4486607142857143,0.5744047619047619,0.359375,0.5029761904761906,0.4486607142857143,0.6636904761904762
