head_top_x,head_top_y,upper_neck_x,upper_neck_y,right_shoulder_x,right_shoulder_y,right_elbow_x,right_elbow_y,right_wrist_x,right_wrist_y,thorax_x,thorax_y,left_shoulder_x,left_shoulder_y,left_elbow_x,left_elbow_y,left_wrist_x,left_wrist_y,pelvis_x,pelvis_y,right_hip_x,right_hip_y,right_knee_x,right_knee_y,right_ankle_x,right_ankle_y,left_hip_x,left_hip_y,left_knee_x,left_knee_y,left_ankle_x,left_ankle_y
0.6183035714285714,0.0982142857142857,0.49776785714285715,0.1636904761904762,0.515625,0.19940476190476195,0.703125,0.2410714285714286,0.796875,0.22321428571428573,0.5022321428571429,0.1875,0.484375,0.19940476190476195,0.4888392857142857,0.37202380952380953,0.484375,0.4672619047619047,0.484375,0.5625,0.49776785714285715,0.5565476190476191,0.41294642857142855,0.5982142857142857,0.796875,0.2113095238095238,0.47098214285714285,0.5744047619047619,0.25223214285714285,0.0505952380952381,0.046875,0.056547619047619034
