head_top_x,head_top_y,upper_neck_x,upper_neck_y,right_shoulder_x,right_shoulder_y,right_elbow_x,right_elbow_y,right_wrist_x,right_wrist_y,thorax_x,thorax_y,left_shoulder_x,left_shoulder_y,left_elbow_x,left_elbow_y,left_wrist_x,left_wrist_y,pelvis_x,pelvis_y,right_hip_x,right_hip_y,right_knee_x,right_knee_y,right_ankle_x,right_ankle_y,left_hip_x,left_hip_y,left_knee_x,left_knee_y,left_ankle_x,left_ankle_y
0.328125,0.14583333333333334,0.5334821428571429,0.1875,0.49330357142857145,0.19940476190476195,0.4263392857142857,0.19345238095238093,0.7209821428571429,0.19345238095238093,0.5066964285714286,0.22321428571428573,0.47098214285714285,0.22321428571428573,0.2924107142857143,0.1875,0.7120535714285714,0.1875,0.5022321428571429,0.5863095238095238,0.5022321428571429,0.5684523809523809,0.6316964285714286,0.4791666666666667,0.6049107142857143,0.6934523809523809,0.40848214285714285,0.6101190476190476,0.6316964285714286,0.47321428571428575,0.6004464285714286,0.6934523809523809
