head_top_x,head_top_y,upper_neck_x,upper_neck_y,right_shoulder_x,right_shoulder_y,right_elbow_x,right_elbow_y,right_wrist_x,right_wrist_y,thorax_x,thorax_y,left_shoulder_x,left_shoulder_y,left_elbow_x,left_elbow_y,left_wrist_x,left_wrist_y,pelvis_x,pelvis_y,right_hip_x,right_hip_y,right_knee_x,right_knee_y,right_ankle_x,right_ankle_y,left_hip_x,left_hip_y,left_knee_x,left_knee_y,left_ankle_x,left_ankle_y
0.11830357142857142,0.19940476190476195,0.3950892857142857,0.5029761904761906,0.41294642857142855,0.4910714285714286,0.40401785714285715,0.4613095238095238,0.4174107142857143,0.43154761904761907,0.3950892857142857,0.5089285714285715,0.40848214285714285,0.4851190476190476,0.37276785714285715,0.49702380952380953,0.3950892857142857,0.45535714285714285,0.390625,0.4672619047619047,0.3950892857142857,0.45535714285714285,0.49776785714285715,0.3005952380952381,0.609375,0.4613095238095238,0.390625,0.4613095238095238,0.49330357142857145,0.29464285714285715,0.5959821428571429,0.44345238095238093
