head_top_x,head_top_y,upper_neck_x,upper_neck_y,right_shoulder_x,right_shoulder_y,right_elbow_x,right_elbow_y,right_wrist_x,right_wrist_y,thorax_x,thorax_y,left_shoulder_x,left_shoulder_y,left_elbow_x,left_elbow_y,left_wrist_x,left_wrist_y,pelvis_x,pelvis_y,right_hip_x,right_hip_y,right_knee_x,right_knee_y,right_ankle_x,right_ankle_y,left_hip_x,left_hip_y,left_knee_x,left_knee_y,left_ankle_x,left_ankle_y
0.6674107142857143,0.3898809523809524,0.5825892857142857,0.40178571428571425,0.6138392857142857,0.3839285714285714,0.5736607142857143,0.37797619047619047,0.37723214285714285,0.4672619047619047,0.5915178571428571,0.40178571428571425,0.5647321428571429,0.3839285714285714,0.484375,0.3958333333333333,0.36830357142857145,0.47321428571428575,0.484375,0.4494047619047619,0.47544642857142855,0.43154761904761907,0.546875,0.6279761904761906,0.31473214285714285,0.5684523809523809,0.46205357142857145,0.43154761904761907,0.578125,0.3898809523809524,0.3638392857142857,0.4791666666666667
