head_top_x,head_top_y,upper_neck_x,upper_neck_y,right_shoulder_x,right_shoulder_y,right_elbow_x,right_elbow_y,right_wrist_x,right_wrist_y,thorax_x,thorax_y,left_shoulder_x,left_shoulder_y,left_elbow_x,left_elbow_y,left_wrist_x,left_wrist_y,pelvis_x,pelvis_y,right_hip_x,right_hip_y,right_knee_x,right_knee_y,right_ankle_x,right_ankle_y,left_hip_x,left_hip_y,left_knee_x,left_knee_y,left_ankle_x,left_ankle_y
0.43080357142857145,0.0505952380952381,0.33705357142857145,0.2113095238095238,0.234375,0.20535714285714288,0.4799107142857143,0.33035714285714285,0.9308035714285714,0.19345238095238093,0.328125,0.2410714285714286,0.6852678571428571,0.2827380952380953,0.796875,0.2351190476190476,0.8950892857142857,0.1875,0.4888392857142857,0.5386904761904762,0.4263392857142857,0.5446428571428572,0.43526785714285715,0.8482142857142857,0.484375,0.9434523809523809,0.546875,0.5684523809523809,0.5424107142857143,0.8244047619047619,0.49330357142857145,0.9434523809523809
