head_top_x,head_top_y,upper_neck_x,upper_neck_y,right_shoulder_x,right_shoulder_y,right_elbow_x,right_elbow_y,right_wrist_x,right_wrist_y,thorax_x,thorax_y,left_shoulder_x,left_shoulder_y,left_elbow_x,left_elbow_y,left_wrist_x,left_wrist_y,pelvis_x,pelvis_y,right_hip_x,right_hip_y,right_knee_x,right_knee_y,right_ankle_x,right_ankle_y,left_hip_x,left_hip_y,left_knee_x,left_knee_y,left_ankle_x,left_ankle_y
0.4799107142857143,0.16964285714285712,0.4888392857142857,0.3244047619047619,0.44419642857142855,0.2886904761904762,0.43080357142857145,0.4851190476190476,0.4575892857142857,0.5029761904761906,0.49330357142857145,0.3005952380952381,0.5424107142857143,0.27678571428571425,0.5647321428571429,0.3898809523809524,0.546875,0.4077380952380953,0.5066964285714286,0.40178571428571425,0.4888392857142857,0.4255952380952381,0.4799107142857143,0.5863095238095238,0.46205357142857145,0.7708333333333334,0.5379464285714286,0.4077380952380953,0.5691964285714286,0.5208333333333334,0.515625,0.7648809523809524
