head_top_x,head_top_y,upper_neck_x,upper_neck_y,right_shoulder_x,right_shoulder_y,right_elbow_x,right_elbow_y,right_wrist_x,right_wrist_y,thorax_x,thorax_y,left_shoulder_x,left_shoulder_y,left_elbow_x,left_elbow_y,left_wrist_x,left_wrist_y,pelvis_x,pelvis_y,right_hip_x,right_hip_y,right_knee_x,right_knee_y,right_ankle_x,right_ankle_y,left_hip_x,left_hip_y,left_knee_x,left_knee_y,left_ankle_x,left_ankle_y
0.5825892857142857,0.3541666666666667,0.5066964285714286,0.4255952380952381,0.4575892857142857,0.40178571428571425,0.44419642857142855,0.3601190476190476,0.5513392857142857,0.4910714285714286,0.49330357142857145,0.4255952380952381,0.5379464285714286,0.40178571428571425,0.6941964285714286,0.3898809523809524,0.5424107142857143,0.4375,0.47544642857142855,0.4910714285714286,0.3861607142857143,0.6994047619047619,0.3013392857142857,0.33035714285714285,0.6495535714285714,0.24702380952380953,0.49330357142857145,0.47321428571428575,0.6316964285714286,0.34821428571428575,0.5200892857142857,0.4077380952380953
