head_top_x,head_top_y,upper_neck_x,upper_neck_y,right_shoulder_x,right_shoulder_y,right_elbow_x,right_elbow_y,right_wrist_x,right_wrist_y,thorax_x,thorax_y,left_shoulder_x,left_shoulder_y,left_elbow_x,left_elbow_y,left_wrist_x,left_wrist_y,pelvis_x,pelvis_y,right_hip_x,right_hip_y,right_knee_x,right_knee_y,right_ankle_x,right_ankle_y,left_hip_x,left_hip_y,left_knee_x,left_knee_y,left_ankle_x,left_ankle_y
0.7611607142857143,0.3244047619047619,0.6227678571428571,0.3601190476190476,0.6361607142857143,0.37202380952380953,0.6540178571428571,0.5267857142857143,0.6584821428571429,0.5327380952380952,0.609375,0.3660714285714286,0.5915178571428571,0.3363095238095238,0.5691964285714286,0.4375,0.6495535714285714,0.49702380952380953,0.2924107142857143,0.4791666666666667,0.3236607142857143,0.4851190476190476,0.4575892857142857,0.5029761904761906,0.28794642857142855,0.5744047619047619,0.2700892857142857,0.4672619047619047,0.25669642857142855,0.6101190476190476,0.25669642857142855,0.6934523809523809
