head_top_x,head_top_y,upper_neck_x,upper_neck_y,right_shoulder_x,right_shoulder_y,right_elbow_x,right_elbow_y,right_wrist_x,right_wrist_y,thorax_x,thorax_y,left_shoulder_x,left_shoulder_y,left_elbow_x,left_elbow_y,left_wrist_x,left_wrist_y,pelvis_x,pelvis_y,right_hip_x,right_hip_y,right_knee_x,right_knee_y,right_ankle_x,right_ankle_y,left_hip_x,left_hip_y,left_knee_x,left_knee_y,left_ankle_x,left_ankle_y
0.5513392857142857,0.0029761904761904656,0.5691964285714286,0.19940476190476195,0.6450892857142857,0.2113095238095238,0.6361607142857143,0.3601190476190476,0.578125,0.3660714285714286,0.5647321428571429,0.2351190476190476,0.4799107142857143,0.2410714285714286,0.37276785714285715,0.2827380952380953,0.3950892857142857,0.2648809523809524,0.5870535714285714,0.4851190476190476,0.6227678571428571,0.47321428571428575,0.4799107142857143,0.4791666666666667,0.4888392857142857,0.5744047619047619,0.546875,0.5089285714285715,0.34151785714285715,0.4494047619047619,0.4799107142857143,0.5863095238095238
