head_top_x,head_top_y,upper_neck_x,upper_neck_y,right_shoulder_x,right_shoulder_y,right_elbow_x,right_elbow_y,right_wrist_x,right_wrist_y,thorax_x,thorax_y,left_shoulder_x,left_shoulder_y,left_elbow_x,left_elbow_y,left_wrist_x,left_wrist_y,pelvis_x,pelvis_y,right_hip_x,right_hip_y,right_knee_x,right_knee_y,right_ankle_x,right_ankle_y,left_hip_x,left_hip_y,left_knee_x,left_knee_y,left_ankle_x,left_ankle_y
0.5245535714285714,0.04464285714285713,0.484375,0.19345238095238093,0.4799107142857143,0.2113095238095238,0.49330357142857145,0.2886904761904762,0.5066964285714286,0.13988095238095236,0.4799107142857143,0.2113095238095238,0.47544642857142855,0.20535714285714288,0.484375,0.2827380952380953,0.5200892857142857,0.12797619047619047,0.4799107142857143,0.4910714285714286,0.4799107142857143,0.4910714285714286,0.390625,0.5327380952380952,0.49330357142857145,0.4136904761904762,0.484375,0.5089285714285715,0.5736607142857143,0.5446428571428572,0.5022321428571429,0.13392857142857142
