head_top_x,head_top_y,upper_neck_x,upper_neck_y,right_shoulder_x,right_shoulder_y,right_elbow_x,right_elbow_y,right_wrist_x,right_wrist_y,thorax_x,thorax_y,left_shoulder_x,left_shoulder_y,left_elbow_x,left_elbow_y,left_wrist_x,left_wrist_y,pelvis_x,pelvis_y,right_hip_x,right_hip_y,right_knee_x,right_knee_y,right_ankle_x,right_ankle_y,left_hip_x,left_hip_y,left_knee_x,left_knee_y,left_ankle_x,left_ankle_y
0.5111607142857143,-0.002232142857142857,0.5111607142857143,0.1875,0.46651785714285715,0.18154761904761907,0.43973214285714285,0.2648809523809524,0.43526785714285715,0.3244047619047619,0.5111607142857143,0.17559523809523805,0.5513392857142857,0.17559523809523805,0.5602678571428571,0.2589285714285714,0.5825892857142857,0.29464285714285715,0.49330357142857145,0.3660714285714286,0.46651785714285715,0.3660714285714286,0.46205357142857145,0.5029761904761906,0.4888392857142857,0.6041666666666666,0.5245535714285714,0.34821428571428575,0.5200892857142857,0.4672619047619047,0.5334821428571429,0.6220238095238094
