head_top_x,head_top_y,upper_neck_x,upper_neck_y,right_shoulder_x,right_shoulder_y,right_elbow_x,right_elbow_y,right_wrist_x,right_wrist_y,thorax_x,thorax_y,left_shoulder_x,left_shoulder_y,left_elbow_x,left_elbow_y,left_wrist_x,left_wrist_y,pelvis_x,pelvis_y,right_hip_x,right_hip_y,right_knee_x,right_knee_y,right_ankle_x,right_ankle_y,left_hip_x,left_hip_y,left_knee_x,left_knee_y,left_ankle_x,left_ankle_y
0.36830357142857145,0.0625,0.453125,0.22916666666666666,0.44419642857142855,0.2351190476190476,0.421875,0.3363095238095238,0.37276785714285715,0.37797619047619047,0.453125,0.2351190476190476,0.47098214285714285,0.22321428571428573,0.5245535714285714,0.33035714285714285,0.421875,0.19345238095238093,0.484375,0.5803571428571428,0.47544642857142855,0.5684523809523809,0.43973214285714285,0.7589285714285715,0.4486607142857143,0.7291666666666666,0.5022321428571429,0.5863095238095238,0.43526785714285715,0.7708333333333334,0.4486607142857143,0.7351190476190476
