head_top_x,head_top_y,upper_neck_x,upper_neck_y,right_shoulder_x,right_shoulder_y,right_elbow_x,right_elbow_y,right_wrist_x,right_wrist_y,thorax_x,thorax_y,left_shoulder_x,left_shoulder_y,left_elbow_x,left_elbow_y,left_wrist_x,left_wrist_y,pelvis_x,pelvis_y,right_hip_x,right_hip_y,right_knee_x,right_knee_y,right_ankle_x,right_ankle_y,left_hip_x,left_hip_y,left_knee_x,left_knee_y,left_ankle_x,left_ankle_y
0.515625,0.18154761904761907,0.5022321428571429,0.33035714285714285,0.5066964285714286,0.34821428571428575,0.3950892857142857,0.3541666666666667,0.49330357142857145,0.3005952380952381,0.5111607142857143,0.33035714285714285,0.5334821428571429,0.3422619047619047,0.6004464285714286,0.40178571428571425,0.5290178571428571,0.31845238095238093,0.484375,0.47321428571428575,0.47098214285714285,0.47321428571428575,0.43526785714285715,0.4910714285714286,0.43973214285714285,0.6517857142857143,0.5066964285714286,0.4672619047619047,0.47544642857142855,0.5744047619047619,0.453125,0.6636904761904762
