head_top_x,head_top_y,upper_neck_x,upper_neck_y,right_shoulder_x,right_shoulder_y,right_elbow_x,right_elbow_y,right_wrist_x,right_wrist_y,thorax_x,thorax_y,left_shoulder_x,left_shoulder_y,left_elbow_x,left_elbow_y,left_wrist_x,left_wrist_y,pelvis_x,pelvis_y,right_hip_x,right_hip_y,right_knee_x,right_knee_y,right_ankle_x,right_ankle_y,left_hip_x,left_hip_y,left_knee_x,left_knee_y,left_ankle_x,left_ankle_y
0.49776785714285715,0.03273809523809523,0.5022321428571429,0.19940476190476195,0.49776785714285715,0.2113095238095238,0.49330357142857145,0.33035714285714285,0.44419642857142855,0.4375,0.5022321428571429,0.21726190476190474,0.5066964285714286,0.21726190476190474,0.5111607142857143,0.33035714285714285,0.5513392857142857,0.41964285714285715,0.5022321428571429,0.4494047619047619,0.49330357142857145,0.43154761904761907,0.5379464285714286,0.5565476190476191,0.43526785714285715,0.5029761904761906,0.5066964285714286,0.4375,0.578125,0.5446428571428572,0.484375,0.7172619047619048
