head_top_x,head_top_y,upper_neck_x,upper_neck_y,right_shoulder_x,right_shoulder_y,right_elbow_x,right_elbow_y,right_wrist_x,right_wrist_y,thorax_x,thorax_y,left_shoulder_x,left_shoulder_y,left_elbow_x,left_elbow_y,left_wrist_x,left_wrist_y,pelvis_x,pelvis_y,right_hip_x,right_hip_y,right_knee_x,right_knee_y,right_ankle_x,right_ankle_y,left_hip_x,left_hip_y,left_knee_x,left_knee_y,left_ankle_x,left_ankle_y
0.4691666666666667,0.4633333333333333,0.10083333333333333,0.6322222222222221,0.5691666666666667,0.47444444444444445,0.5275,0.49444444444444446,0.5775,0.47,0.5208333333333334,0.4122222222222222,0.4841666666666667,0.5211111111111112,0.5075,0.4766666666666666,0.5791666666666667,0.47444444444444445,0.4375,0.5211111111111112,0.4041666666666667,0.5144444444444445,0.4725,0.4811111111111111,0.5525,0.4811111111111111,0.44583333333333336,0.5166666666666666,0.47583333333333333,0.47,0.5008333333333334,0.48333333333333334
