head_top_x,head_top_y,upper_neck_x,upper_neck_y,right_shoulder_x,right_shoulder_y,right_elbow_x,right_elbow_y,right_wrist_x,right_wrist_y,thorax_x,thorax_y,left_shoulder_x,left_shoulder_y,left_elbow_x,left_elbow_y,left_wrist_x,left_wrist_y,pelvis_x,pelvis_y,right_hip_x,right_hip_y,right_knee_x,right_knee_y,right_ankle_x,right_ankle_y,left_hip_x,left_hip_y,left_knee_x,left_knee_y,left_ankle_x,left_ankle_y
0.4875,0.28777777777777774,0.45916666666666667,0.36777777777777776,0.5641666666666667,0.26333333333333336,0.49583333333333335,0.3544444444444444,0.4875,0.45,0.4375,0.5011111111111112,0.5025,0.4055555555555555,0.5041666666666667,0.4788888888888889,0.5075,0.4788888888888889,0.4791666666666667,0.47222222222222227,0.4675,0.47,0.4875,0.31666666666666665,0.49416666666666664,0.30777777777777776,0.48083333333333333,0.4788888888888889,0.5091666666666667,0.3055555555555556,0.49416666666666664,0.2544444444444445
