head_top_x,head_top_y,upper_neck_x,upper_neck_y,right_shoulder_x,right_shoulder_y,right_elbow_x,right_elbow_y,right_wrist_x,right_wrist_y,thorax_x,thorax_y,left_shoulder_x,left_shoulder_y,left_elbow_x,left_elbow_y,left_wrist_x,left_wrist_y,pelvis_x,pelvis_y,right_hip_x,right_hip_y,right_knee_x,right_knee_y,right_ankle_x,right_ankle_y,left_hip_x,left_hip_y,left_knee_x,left_knee_y,left_ankle_x,left_ankle_y
0.6291666666666667,0.42111111111111116,0.07083333333333333,0.5188888888888888,0.4525,0.3322222222222222,0.5341666666666667,0.37666666666666665,0.43083333333333335,0.3322222222222222,0.0725,0.45,0.4825,0.31666666666666665,0.5425,0.36777777777777776,0.6241666666666666,0.45,0.0925,0.42333333333333334,0.06583333333333333,0.4277777777777778,0.4675,0.3744444444444444,0.43583333333333335,0.6766666666666666,0.11416666666666667,0.41,0.4675,0.3522222222222222,0.4225,0.3566666666666667
