head_top_x,head_top_y,upper_neck_x,upper_neck_y,right_shoulder_x,right_shoulder_y,right_elbow_x,right_elbow_y,right_wrist_x,right_wrist_y,thorax_x,thorax_y,left_shoulder_x,left_shoulder_y,left_elbow_x,left_elbow_y,left_wrist_x,left_wrist_y,pelvis_x,pelvis_y,right_hip_x,right_hip_y,right_knee_x,right_knee_y,right_ankle_x,right_ankle_y,left_hip_x,left_hip_y,left_knee_x,left_knee_y,left_ankle_x,left_ankle_y
0.4975,0.26333333333333336,0.9058333333333334,0.23222222222222225,0.5775,0.2188888888888889,0.5958333333333333,0.2011111111111111,0.5258333333333334,0.26333333333333336,0.5808333333333333,0.15444444444444447,0.5375,0.2722222222222222,0.5175,0.33888888888888885,0.5025,0.44333333333333336,0.4775,0.36777777777777776,0.4658333333333333,0.4255555555555555,0.49416666666666664,0.2833333333333334,0.5075,0.31222222222222223,0.49916666666666665,0.33888888888888885,0.5108333333333334,0.3211111111111111,0.49583333333333335,0.2988888888888889
