head_top_x,head_top_y,upper_neck_x,upper_neck_y,right_shoulder_x,right_shoulder_y,right_elbow_x,right_elbow_y,right_wrist_x,right_wrist_y,thorax_x,thorax_y,left_shoulder_x,left_shoulder_y,left_elbow_x,left_elbow_y,left_wrist_x,left_wrist_y,pelvis_x,pelvis_y,right_hip_x,right_hip_y,right_knee_x,right_knee_y,right_ankle_x,right_ankle_y,left_hip_x,left_hip_y,left_knee_x,left_knee_y,left_ankle_x,left_ankle_y
0.5041666666666667,-0.0008333333333333334,0.5158333333333334,0.17,0.45416666666666666,0.13,0.42083333333333334,0.23222222222222225,0.4325,0.33,0.5108333333333334,0.1366666666666667,0.5708333333333333,0.1366666666666667,0.5975,0.2255555555555556,0.5925,0.3233333333333333,0.5091666666666667,0.24333333333333332,0.4708333333333333,0.2477777777777778,0.44916666666666666,0.38999999999999996,0.43916666666666665,0.4566666666666667,0.5425,0.24555555555555553,0.5825,0.39666666666666667,0.5908333333333333,0.5166666666666666
