head_top_x,head_top_y,upper_neck_x,upper_neck_y,right_shoulder_x,right_shoulder_y,right_elbow_x,right_elbow_y,right_wrist_x,right_wrist_y,thorax_x,thorax_y,left_shoulder_x,left_shoulder_y,left_elbow_x,left_elbow_y,left_wrist_x,left_wrist_y,pelvis_x,pelvis_y,right_hip_x,right_hip_y,right_knee_x,right_knee_y,right_ankle_x,right_ankle_y,left_hip_x,left_hip_y,left_knee_x,left_knee_y,left_ankle_x,left_ankle_y
0.6108333333333333,0.49222222222222217,0.5091666666666667,0.45444444444444443,0.5275,0.47,0.5791666666666667,0.4677777777777778,0.5608333333333333,0.4255555555555555,0.5141666666666667,0.47,0.49916666666666665,0.4633333333333333,0.5141666666666667,0.4344444444444444,0.5608333333333333,0.41,0.35083333333333333,0.45,0.3491666666666667,0.44111111111111106,0.31916666666666665,0.2522222222222222,0.32083333333333336,0.22111111111111112,0.3425,0.4477777777777778,0.31583333333333335,0.24111111111111114,0.32416666666666666,0.24333333333333332
