head_top_x,head_top_y,upper_neck_x,upper_neck_y,right_shoulder_x,right_shoulder_y,right_elbow_x,right_elbow_y,right_wrist_x,right_wrist_y,thorax_x,thorax_y,left_shoulder_x,left_shoulder_y,left_elbow_x,left_elbow_y,left_wrist_x,left_wrist_y,pelvis_x,pelvis_y,right_hip_x,right_hip_y,right_knee_x,right_knee_y,right_ankle_x,right_ankle_y,left_hip_x,left_hip_y,left_knee_x,left_knee_y,left_ankle_x,left_ankle_y
0.37583333333333335,0.06999999999999999,0.4558333333333333,0.18777777777777774,0.47583333333333333,0.15888888888888889,0.4608333333333333,0.16333333333333333,0.41083333333333333,0.10999999999999999,0.44916666666666666,0.18777777777777774,0.42583333333333334,0.19000000000000003,0.41083333333333333,0.2922222222222222,0.4608333333333333,0.4988888888888889,0.5158333333333334,0.3011111111111111,0.5291666666666667,0.2922222222222222,0.49583333333333335,0.3566666666666667,0.5108333333333334,0.41,0.5058333333333334,0.3033333333333333,0.43083333333333335,0.39444444444444443,0.4608333333333333,0.49222222222222217
