head_top_x,head_top_y,upper_neck_x,upper_neck_y,right_shoulder_x,right_shoulder_y,right_elbow_x,right_elbow_y,right_wrist_x,right_wrist_y,thorax_x,thorax_y,left_shoulder_x,left_shoulder_y,left_elbow_x,left_elbow_y,left_wrist_x,left_wrist_y,pelvis_x,pelvis_y,right_hip_x,right_hip_y,right_knee_x,right_knee_y,right_ankle_x,right_ankle_y,left_hip_x,left_hip_y,left_knee_x,left_knee_y,left_ankle_x,left_ankle_y
0.42083333333333334,0.05444444444444444,0.49916666666666665,0.15666666666666665,0.4375,0.10111111111111111,0.41583333333333333,0.10333333333333335,0.4075,0.21666666666666665,0.48083333333333333,0.1211111111111111,0.5125,0.12777777777777777,0.5375,0.2522222222222222,0.5408333333333334,0.5077777777777778,0.5025,0.22111111111111112,0.47583333333333333,0.2188888888888889,0.42083333333333334,0.3544444444444444,0.43583333333333335,0.46555555555555556,0.5258333333333334,0.2233333333333333,0.5108333333333334,0.38999999999999996,0.5425,0.5011111111111112
