head_top_x,head_top_y,upper_neck_x,upper_neck_y,right_shoulder_x,right_shoulder_y,right_elbow_x,right_elbow_y,right_wrist_x,right_wrist_y,thorax_x,thorax_y,left_shoulder_x,left_shoulder_y,left_elbow_x,left_elbow_y,left_wrist_x,left_wrist_y,pelvis_x,pelvis_y,right_hip_x,right_hip_y,right_knee_x,right_knee_y,right_ankle_x,right_ankle_y,left_hip_x,left_hip_y,left_knee_x,left_knee_y,left_ankle_x,left_ankle_y
0.49083333333333334,0.36333333333333334,0.49583333333333335,0.3566666666666667,0.49916666666666665,0.44333333333333336,0.5658333333333333,0.3988888888888889,0.5791666666666667,0.5122222222222222,0.5425,0.42333333333333334,0.45916666666666667,0.4788888888888889,0.5625,0.40111111111111114,0.5858333333333333,0.5166666666666666,0.45416666666666666,0.5499999999999999,0.46416666666666667,0.5677777777777777,0.4891666666666667,0.41444444444444445,0.5041666666666667,0.2233333333333333,0.48583333333333334,0.5233333333333333,0.5025,0.3811111111111111,0.49583333333333335,0.2255555555555556
