head_top_x,head_top_y,upper_neck_x,upper_neck_y,right_shoulder_x,right_shoulder_y,right_elbow_x,right_elbow_y,right_wrist_x,right_wrist_y,thorax_x,thorax_y,left_shoulder_x,left_shoulder_y,left_elbow_x,left_elbow_y,left_wrist_x,left_wrist_y,pelvis_x,pelvis_y,right_hip_x,right_hip_y,right_knee_x,right_knee_y,right_ankle_x,right_ankle_y,left_hip_x,left_hip_y,left_knee_x,left_knee_y,left_ankle_x,left_ankle_y
0.5008333333333334,0.49444444444444446,0.09916666666666667,0.6077777777777778,0.4825,0.5055555555555555,0.47583333333333333,0.3833333333333333,0.5758333333333333,0.38999999999999996,0.10083333333333333,0.5655555555555556,0.5258333333333334,0.5388888888888889,0.5125,0.5522222222222223,0.5708333333333333,0.3744444444444444,0.10916666666666666,0.4588888888888889,0.06416666666666666,0.47444444444444445,0.46416666666666667,0.3877777777777778,0.4791666666666667,0.36777777777777776,0.16416666666666666,0.4677777777777778,0.5058333333333334,0.48333333333333334,0.4691666666666667,0.3611111111111111
