head_top_x,head_top_y,upper_neck_x,upper_neck_y,right_shoulder_x,right_shoulder_y,right_elbow_x,right_elbow_y,right_wrist_x,right_wrist_y,thorax_x,thorax_y,left_shoulder_x,left_shoulder_y,left_elbow_x,left_elbow_y,left_wrist_x,left_wrist_y,pelvis_x,pelvis_y,right_hip_x,right_hip_y,right_knee_x,right_knee_y,right_ankle_x,right_ankle_y,left_hip_x,left_hip_y,left_knee_x,left_knee_y,left_ankle_x,left_ankle_y
0.48083333333333333,0.21666666666666665,0.5325,0.34555555555555556,0.5458333333333333,0.34555555555555556,0.5991666666666666,0.4344444444444444,0.6408333333333334,0.5077777777777778,0.5141666666666667,0.33888888888888885,0.49083333333333334,0.3033333333333333,0.5875,0.41444444444444445,0.6325,0.4988888888888889,0.4575,0.5411111111111112,0.4225,0.561111111111111,0.4325,0.3744444444444444,0.3925,0.4077777777777778,0.4425,0.4611111111111111,0.4225,0.38999999999999996,0.3908333333333333,0.41
