head_top_x,head_top_y,upper_neck_x,upper_neck_y,right_shoulder_x,right_shoulder_y,right_elbow_x,right_elbow_y,right_wrist_x,right_wrist_y,thorax_x,thorax_y,left_shoulder_x,left_shoulder_y,left_elbow_x,left_elbow_y,left_wrist_x,left_wrist_y,pelvis_x,pelvis_y,right_hip_x,right_hip_y,right_knee_x,right_knee_y,right_ankle_x,right_ankle_y,left_hip_x,left_hip_y,left_knee_x,left_knee_y,left_ankle_x,left_ankle_y
0.4008333333333333,0.4166666666666667,0.5908333333333333,0.3855555555555556,0.4475,0.37000000000000005,0.5841666666666666,0.4366666666666667,0.6375,0.4388888888888889,0.5991666666666666,0.35888888888888887,0.4508333333333333,0.33666666666666667,0.4325,0.31222222222222223,0.4791666666666667,0.1988888888888889,0.5375,0.3877777777777778,0.5508333333333333,0.3855555555555556,0.4475,0.33,0.4508333333333333,0.29666666666666663,0.5275,0.38999999999999996,0.4375,0.3433333333333333,0.4241666666666667,0.3011111111111111
