head_top_x,head_top_y,upper_neck_x,upper_neck_y,right_shoulder_x,right_shoulder_y,right_elbow_x,right_elbow_y,right_wrist_x,right_wrist_y,thorax_x,thorax_y,left_shoulder_x,left_shoulder_y,left_elbow_x,left_elbow_y,left_wrist_x,left_wrist_y,pelvis_x,pelvis_y,right_hip_x,right_hip_y,right_knee_x,right_knee_y,right_ankle_x,right_ankle_y,left_hip_x,left_hip_y,left_knee_x,left_knee_y,left_ankle_x,left_ankle_y
0.5875,0.3855555555555556,0.5258333333333334,0.3833333333333333,0.5325,0.3211111111111111,0.4725,0.3611111111111111,0.5191666666666667,0.31,0.5975,0.39444444444444443,0.5891666666666666,0.4055555555555555,0.5175,0.4988888888888889,0.6025,0.38999999999999996,0.5408333333333334,0.40111111111111114,0.48583333333333334,0.39444444444444443,0.4891666666666667,0.45444444444444443,0.4891666666666667,0.35000000000000003,0.5241666666666667,0.4055555555555555,0.5025,0.47444444444444445,0.47583333333333333,0.3566666666666667
