head_top_x,head_top_y,upper_neck_x,upper_neck_y,right_shoulder_x,right_shoulder_y,right_elbow_x,right_elbow_y,right_wrist_x,right_wrist_y,thorax_x,thorax_y,left_shoulder_x,left_shoulder_y,left_elbow_x,left_elbow_y,left_wrist_x,left_wrist_y,pelvis_x,pelvis_y,right_hip_x,right_hip_y,right_knee_x,right_knee_y,right_ankle_x,right_ankle_y,left_hip_x,left_hip_y,left_knee_x,left_knee_y,left_ankle_x,left_ankle_y
0.5775,0.5144444444444445,0.5025,0.24333333333333332,0.5325,0.4766666666666666,0.6341666666666667,0.37222222222222223,0.5625,0.27444444444444444,0.5608333333333333,0.19666666666666668,0.5375,0.47222222222222227,0.5291666666666667,0.41444444444444445,0.5608333333333333,0.5233333333333333,0.5525,0.3033333333333333,0.49916666666666665,0.3655555555555556,0.49916666666666665,0.33888888888888885,0.5041666666666667,0.2833333333333334,0.5275,0.33888888888888885,0.5075,0.3611111111111111,0.49583333333333335,0.28555555555555556
