head_top_x,head_top_y,upper_neck_x,upper_neck_y,right_shoulder_x,right_shoulder_y,right_elbow_x,right_elbow_y,right_wrist_x,right_wrist_y,thorax_x,thorax_y,left_shoulder_x,left_shoulder_y,left_elbow_x,left_elbow_y,left_wrist_x,left_wrist_y,pelvis_x,pelvis_y,right_hip_x,right_hip_y,right_knee_x,right_knee_y,right_ankle_x,right_ankle_y,left_hip_x,left_hip_y,left_knee_x,left_knee_y,left_ankle_x,left_ankle_y
0.5958333333333333,0.6144444444444445,0.5541666666666667,0.3855555555555556,0.5691666666666667,0.4388888888888889,0.6041666666666666,0.5499999999999999,0.6691666666666667,0.6366666666666667,0.5641666666666667,0.41,0.6091666666666666,0.4122222222222222,0.6608333333333334,0.5033333333333333,0.7008333333333333,0.5677777777777777,0.5225,0.3011111111111111,0.5041666666666667,0.29000000000000004,0.6191666666666666,0.5122222222222222,0.3775,0.3811111111111111,0.5258333333333334,0.27666666666666667,0.6375,0.49444444444444446,0.38916666666666666,0.37666666666666665
