head_top_x,head_top_y,upper_neck_x,upper_neck_y,right_shoulder_x,right_shoulder_y,right_elbow_x,right_elbow_y,right_wrist_x,right_wrist_y,thorax_x,thorax_y,left_shoulder_x,left_shoulder_y,left_elbow_x,left_elbow_y,left_wrist_x,left_wrist_y,pelvis_x,pelvis_y,right_hip_x,right_hip_y,right_knee_x,right_knee_y,right_ankle_x,right_ankle_y,left_hip_x,left_hip_y,left_knee_x,left_knee_y,left_ankle_x,left_ankle_y
0.5108333333333334,0.12555555555555556,0.5441666666666667,0.14555555555555555,0.5175,0.2011111111111111,0.6091666666666666,-0.0008333333333333334,0.5341666666666667,0.16555555555555557,0.5408333333333334,0.16333333333333333,0.5175,0.2233333333333333,0.5141666666666667,0.1988888888888889,0.5225,0.18555555555555556,0.7225,0.33888888888888885,0.4241666666666667,0.49222222222222217,0.5075,0.25666666666666665,0.49083333333333334,0.38999999999999996,0.49416666666666664,0.1211111111111111,0.5041666666666667,0.27,0.49083333333333334,0.36333333333333334
