head_top_x,head_top_y,upper_neck_x,upper_neck_y,right_shoulder_x,right_shoulder_y,right_elbow_x,right_elbow_y,right_wrist_x,right_wrist_y,thorax_x,thorax_y,left_shoulder_x,left_shoulder_y,left_elbow_x,left_elbow_y,left_wrist_x,left_wrist_y,pelvis_x,pelvis_y,right_hip_x,right_hip_y,right_knee_x,right_knee_y,right_ankle_x,right_ankle_y,left_hip_x,left_hip_y,left_knee_x,left_knee_y,left_ankle_x,left_ankle_y
0.47583333333333333,0.3655555555555556,0.5658333333333333,0.31666666666666665,0.5158333333333334,0.3833333333333333,0.4508333333333333,0.41444444444444445,0.4325,0.4477777777777778,0.5375,0.3544444444444444,0.5591666666666667,0.3433333333333333,0.5108333333333334,0.37666666666666665,0.4191666666666667,0.40111111111111114,0.4708333333333333,0.5322222222222223,0.4675,0.5166666666666666,0.47583333333333333,0.5722222222222223,0.5091666666666667,0.6122222222222221,0.4891666666666667,0.5344444444444445,0.5225,0.5633333333333334,0.5058333333333334,0.6077777777777778
