head_top_x,head_top_y,upper_neck_x,upper_neck_y,right_shoulder_x,right_shoulder_y,right_elbow_x,right_elbow_y,right_wrist_x,right_wrist_y,thorax_x,thorax_y,left_shoulder_x,left_shoulder_y,left_elbow_x,left_elbow_y,left_wrist_x,left_wrist_y,pelvis_x,pelvis_y,right_hip_x,right_hip_y,right_knee_x,right_knee_y,right_ankle_x,right_ankle_y,left_hip_x,left_hip_y,left_knee_x,left_knee_y,left_ankle_x,left_ankle_y
0.37916666666666665,0.5211111111111112,0.44583333333333336,0.39222222222222225,0.43416666666666665,0.41888888888888887,0.4175,0.4766666666666666,0.36916666666666664,0.5344444444444445,0.44916666666666666,0.39666666666666667,0.44916666666666666,0.3811111111111111,0.43583333333333335,0.4255555555555555,0.38083333333333336,0.5366666666666666,0.5291666666666667,0.33888888888888885,0.5058333333333334,0.3322222222222222,0.5225,0.31888888888888894,0.6158333333333333,0.4366666666666667,0.5508333333333333,0.3233333333333333,0.5008333333333334,0.33,0.6158333333333333,0.4344444444444444
