head_top_x,head_top_y,upper_neck_x,upper_neck_y,right_shoulder_x,right_shoulder_y,right_elbow_x,right_elbow_y,right_wrist_x,right_wrist_y,thorax_x,thorax_y,left_shoulder_x,left_shoulder_y,left_elbow_x,left_elbow_y,left_wrist_x,left_wrist_y,pelvis_x,pelvis_y,right_hip_x,right_hip_y,right_knee_x,right_knee_y,right_ankle_x,right_ankle_y,left_hip_x,left_hip_y,left_knee_x,left_knee_y,left_ankle_x,left_ankle_y
0.5158333333333334,0.29444444444444445,0.5091666666666667,0.15444444444444447,0.4725,0.1611111111111111,0.4825,0.36777777777777776,0.46416666666666667,0.5055555555555555,0.5141666666666667,0.15888888888888889,0.5541666666666667,0.15444444444444447,0.5658333333333333,0.36777777777777776,0.5608333333333333,0.4877777777777778,0.5041666666666667,0.22111111111111112,0.49583333333333335,0.2477777777777778,0.4975,0.2588888888888889,0.46416666666666667,0.7233333333333333,0.5225,0.2255555555555556,0.5458333333333333,0.3055555555555556,0.5075,0.71
