head_top_x,head_top_y,upper_neck_x,upper_neck_y,right_shoulder_x,right_shoulder_y,right_elbow_x,right_elbow_y,right_wrist_x,right_wrist_y,thorax_x,thorax_y,left_shoulder_x,left_shoulder_y,left_elbow_x,left_elbow_y,left_wrist_x,left_wrist_y,pelvis_x,pelvis_y,right_hip_x,right_hip_y,right_knee_x,right_knee_y,right_ankle_x,right_ankle_y,left_hip_x,left_hip_y,left_knee_x,left_knee_y,left_ankle_x,left_ankle_y
0.44083333333333335,0.5077777777777778,0.4891666666666667,0.3811111111111111,0.45416666666666666,0.46555555555555556,0.4275,0.5077777777777778,0.4691666666666667,0.4277777777777778,0.4975,0.4055555555555555,0.47583333333333333,0.4877777777777778,0.5041666666666667,0.44333333333333336,0.5041666666666667,0.2588888888888889,0.4275,0.4988888888888889,0.3825,0.4588888888888889,0.4675,0.37666666666666665,0.4525,0.4277777777777778,0.4325,0.5166666666666666,0.4975,0.3433333333333333,0.49583333333333335,0.40111111111111114
