head_top_x,head_top_y,upper_neck_x,upper_neck_y,right_shoulder_x,right_shoulder_y,right_elbow_x,right_elbow_y,right_wrist_x,right_wrist_y,thorax_x,thorax_y,left_shoulder_x,left_shoulder_y,left_elbow_x,left_elbow_y,left_wrist_x,left_wrist_y,pelvis_x,pelvis_y,right_hip_x,right_hip_y,right_knee_x,right_knee_y,right_ankle_x,right_ankle_y,left_hip_x,left_hip_y,left_knee_x,left_knee_y,left_ankle_x,left_ankle_y
0.4875,0.03666666666666666,0.5141666666666667,0.20777777777777776,0.49083333333333334,0.18777777777777774,0.47583333333333333,0.24111111111111114,0.4191666666666667,0.22999999999999998,0.5141666666666667,0.20333333333333337,0.5341666666666667,0.21222222222222223,0.5525,0.2988888888888889,0.5691666666666667,0.39222222222222225,0.5058333333333334,0.37000000000000005,0.49583333333333335,0.3611111111111111,0.4558333333333333,0.42333333333333334,0.44583333333333336,0.5077777777777778,0.5225,0.37666666666666665,0.4725,0.43,0.44916666666666666,0.5077777777777778
