head_top_x,head_top_y,upper_neck_x,upper_neck_y,right_shoulder_x,right_shoulder_y,right_elbow_x,right_elbow_y,right_wrist_x,right_wrist_y,thorax_x,thorax_y,left_shoulder_x,left_shoulder_y,left_elbow_x,left_elbow_y,left_wrist_x,left_wrist_y,pelvis_x,pelvis_y,right_hip_x,right_hip_y,right_knee_x,right_knee_y,right_ankle_x,right_ankle_y,left_hip_x,left_hip_y,left_knee_x,left_knee_y,left_ankle_x,left_ankle_y
0.4525,0.4477777777777778,0.5375,0.32555555555555554,0.5341666666666667,0.4766666666666666,0.49083333333333334,0.41444444444444445,0.5591666666666667,0.3611111111111111,0.4241666666666667,0.5855555555555556,0.41583333333333333,0.4633333333333333,0.49416666666666664,0.3988888888888889,0.5575,0.3611111111111111,0.4508333333333333,0.5188888888888888,0.44083333333333335,0.5277777777777778,0.46416666666666667,0.42333333333333334,0.5558333333333333,0.37222222222222223,0.44916666666666666,0.5166666666666666,0.5075,0.39666666666666667,0.49916666666666665,0.3788888888888889
