head_top_x,head_top_y,upper_neck_x,upper_neck_y,right_shoulder_x,right_shoulder_y,right_elbow_x,right_elbow_y,right_wrist_x,right_wrist_y,thorax_x,thorax_y,left_shoulder_x,left_shoulder_y,left_elbow_x,left_elbow_y,left_wrist_x,left_wrist_y,pelvis_x,pelvis_y,right_hip_x,right_hip_y,right_knee_x,right_knee_y,right_ankle_x,right_ankle_y,left_hip_x,left_hip_y,left_knee_x,left_knee_y,left_ankle_x,left_ankle_y
0.45916666666666667,0.3788888888888889,0.43916666666666665,0.47444444444444445,0.4741666666666667,0.4677777777777778,0.48083333333333333,0.32555555555555554,0.5125,0.25666666666666665,0.43083333333333335,0.39444444444444443,0.49583333333333335,0.4677777777777778,0.5125,0.41444444444444445,0.5158333333333334,0.19666666666666668,0.44916666666666666,0.45,0.44083333333333335,0.4566666666666667,0.4525,0.36333333333333334,0.5041666666666667,0.27444444444444444,0.4608333333333333,0.44333333333333336,0.5108333333333334,0.3855555555555556,0.49583333333333335,0.2833333333333334
