head_top_x,head_top_y,upper_neck_x,upper_neck_y,right_shoulder_x,right_shoulder_y,right_elbow_x,right_elbow_y,right_wrist_x,right_wrist_y,thorax_x,thorax_y,left_shoulder_x,left_shoulder_y,left_elbow_x,left_elbow_y,left_wrist_x,left_wrist_y,pelvis_x,pelvis_y,right_hip_x,right_hip_y,right_knee_x,right_knee_y,right_ankle_x,right_ankle_y,left_hip_x,left_hip_y,left_knee_x,left_knee_y,left_ankle_x,left_ankle_y
0.6775,0.5922222222222223,0.6158333333333333,0.4788888888888889,0.6125,0.4855555555555556,0.5541666666666667,0.5166666666666666,0.5325,0.6166666666666667,0.6208333333333333,0.4855555555555556,0.6158333333333333,0.49666666666666665,0.4891666666666667,0.57,0.6275,0.5188888888888888,0.49583333333333335,0.4055555555555555,0.49416666666666664,0.40111111111111114,0.4275,0.4055555555555555,0.44583333333333336,0.3055555555555556,0.49416666666666664,0.4077777777777778,0.3858333333333333,0.3988888888888889,0.29583333333333334,0.34777777777777774
