head_top_x,head_top_y,upper_neck_x,upper_neck_y,right_shoulder_x,right_shoulder_y,right_elbow_x,right_elbow_y,right_wrist_x,right_wrist_y,thorax_x,thorax_y,left_shoulder_x,left_shoulder_y,left_elbow_x,left_elbow_y,left_wrist_x,left_wrist_y,pelvis_x,pelvis_y,right_hip_x,right_hip_y,right_knee_x,right_knee_y,right_ankle_x,right_ankle_y,left_hip_x,left_hip_y,left_knee_x,left_knee_y,left_ankle_x,left_ankle_y
0.5625,0.31222222222222223,0.5208333333333334,0.4166666666666667,0.5441666666666667,0.4077777777777778,0.5291666666666667,0.43222222222222223,0.5308333333333334,0.4588888888888889,0.6058333333333333,0.4788888888888889,0.5825,0.37222222222222223,0.5391666666666667,0.4166666666666667,0.5641666666666667,0.43,0.5525,0.4633333333333333,0.5425,0.46555555555555556,0.5091666666666667,0.5922222222222223,0.4925,0.4477777777777778,0.5608333333333333,0.4588888888888889,0.5791666666666667,0.5677777777777777,0.4891666666666667,0.46555555555555556
