head_top_x,head_top_y,upper_neck_x,upper_neck_y,right_shoulder_x,right_shoulder_y,right_elbow_x,right_elbow_y,right_wrist_x,right_wrist_y,thorax_x,thorax_y,left_shoulder_x,left_shoulder_y,left_elbow_x,left_elbow_y,left_wrist_x,left_wrist_y,pelvis_x,pelvis_y,right_hip_x,right_hip_y,right_knee_x,right_knee_y,right_ankle_x,right_ankle_y,left_hip_x,left_hip_y,left_knee_x,left_knee_y,left_ankle_x,left_ankle_y
0.4608333333333333,0.007777777777777772,0.5108333333333334,0.17666666666666667,0.4741666666666667,0.13,0.44583333333333336,0.17444444444444449,0.4091666666666667,0.1411111111111111,0.5041666666666667,0.15,0.5358333333333334,0.17444444444444449,0.48583333333333334,0.31444444444444447,0.4325,0.20999999999999996,0.5041666666666667,0.3233333333333333,0.4741666666666667,0.3011111111111111,0.3875,0.3544444444444444,0.3675,0.48333333333333334,0.5291666666666667,0.33888888888888885,0.5341666666666667,0.46555555555555556,0.6491666666666667,0.42111111111111116
