head_top_x,head_top_y,upper_neck_x,upper_neck_y,right_shoulder_x,right_shoulder_y,right_elbow_x,right_elbow_y,right_wrist_x,right_wrist_y,thorax_x,thorax_y,left_shoulder_x,left_shoulder_y,left_elbow_x,left_elbow_y,left_wrist_x,left_wrist_y,pelvis_x,pelvis_y,right_hip_x,right_hip_y,right_knee_x,right_knee_y,right_ankle_x,right_ankle_y,left_hip_x,left_hip_y,left_knee_x,left_knee_y,left_ankle_x,left_ankle_y
0.5925,0.09444444444444444,0.5491666666666667,0.22111111111111112,0.5141666666666667,0.22111111111111112,0.5575,0.23888888888888885,0.6041666666666666,0.3277777777777778,0.5391666666666667,0.22111111111111112,0.5725,0.2255555555555556,0.5541666666666667,0.4122222222222222,0.5958333333333333,0.34555555555555556,0.5025,0.31,0.48083333333333333,0.31,0.5525,0.42333333333333334,0.7125,0.39666666666666667,0.5258333333333334,0.31222222222222223,0.5858333333333333,0.37222222222222223,0.5041666666666667,0.49444444444444446
