head_top_x,head_top_y,upper_neck_x,upper_neck_y,right_shoulder_x,right_shoulder_y,right_elbow_x,right_elbow_y,right_wrist_x,right_wrist_y,thorax_x,thorax_y,left_shoulder_x,left_shoulder_y,left_elbow_x,left_elbow_y,left_wrist_x,left_wrist_y,pelvis_x,pelvis_y,right_hip_x,right_hip_y,right_knee_x,right_knee_y,right_ankle_x,right_ankle_y,left_hip_x,left_hip_y,left_knee_x,left_knee_y,left_ankle_x,left_ankle_y
0.5658333333333333,0.4344444444444444,0.47583333333333333,0.3522222222222222,0.5091666666666667,0.4388888888888889,0.5058333333333334,0.44333333333333336,0.4508333333333333,0.4166666666666667,0.5341666666666667,0.4077777777777778,0.5691666666666667,0.4633333333333333,0.5775,0.37666666666666665,0.5708333333333333,0.49444444444444446,0.49416666666666664,0.2588888888888889,0.48583333333333334,0.39222222222222225,0.4975,0.3788888888888889,0.4891666666666667,0.16555555555555557,0.5291666666666667,0.18555555555555556,0.4891666666666667,0.3433333333333333,0.4925,0.15666666666666665
