head_top_x,head_top_y,upper_neck_x,upper_neck_y,right_shoulder_x,right_shoulder_y,right_elbow_x,right_elbow_y,right_wrist_x,right_wrist_y,thorax_x,thorax_y,left_shoulder_x,left_shoulder_y,left_elbow_x,left_elbow_y,left_wrist_x,left_wrist_y,pelvis_x,pelvis_y,right_hip_x,right_hip_y,right_knee_x,right_knee_y,right_ankle_x,right_ankle_y,left_hip_x,left_hip_y,left_knee_x,left_knee_y,left_ankle_x,left_ankle_y
0.5391666666666667,0.1611111111111111,0.5291666666666667,0.3544444444444444,0.4891666666666667,0.32555555555555554,0.47583333333333333,0.3344444444444445,0.5691666666666667,0.23222222222222225,0.5341666666666667,0.34555555555555556,0.5858333333333333,0.37000000000000005,0.5991666666666666,0.4611111111111111,0.5691666666666667,0.2588888888888889,0.5291666666666667,0.5255555555555556,0.5058333333333334,0.5144444444444445,0.4775,0.31222222222222223,0.5375,0.5122222222222222,0.5425,0.5166666666666666,0.5525,0.5388888888888889,0.5408333333333334,0.2011111111111111
