head_top_x,head_top_y,upper_neck_x,upper_neck_y,right_shoulder_x,right_shoulder_y,right_elbow_x,right_elbow_y,right_wrist_x,right_wrist_y,thorax_x,thorax_y,left_shoulder_x,left_shoulder_y,left_elbow_x,left_elbow_y,left_wrist_x,left_wrist_y,pelvis_x,pelvis_y,right_hip_x,right_hip_y,right_knee_x,right_knee_y,right_ankle_x,right_ankle_y,left_hip_x,left_hip_y,left_knee_x,left_knee_y,left_ankle_x,left_ankle_y
0.7458333333333333,0.4566666666666667,0.6241666666666666,0.4611111111111111,0.6025,0.4277777777777778,0.5791666666666667,0.4877777777777778,0.5008333333333334,0.5188888888888888,0.6241666666666666,0.46555555555555556,0.6441666666666667,0.4988888888888889,0.5875,0.5544444444444445,0.5008333333333334,0.59,0.4825,0.45,0.48583333333333334,0.4344444444444444,0.42083333333333334,0.31888888888888894,0.3525,0.16555555555555557,0.4791666666666667,0.46555555555555556,0.39416666666666667,0.2988888888888889,0.3525,0.17888888888888888
