head_top_x,head_top_y,upper_neck_x,upper_neck_y,right_shoulder_x,right_shoulder_y,right_elbow_x,right_elbow_y,right_wrist_x,right_wrist_y,thorax_x,thorax_y,left_shoulder_x,left_shoulder_y,left_elbow_x,left_elbow_y,left_wrist_x,left_wrist_y,pelvis_x,pelvis_y,right_hip_x,right_hip_y,right_knee_x,right_knee_y,right_ankle_x,right_ankle_y,left_hip_x,left_hip_y,left_knee_x,left_knee_y,left_ankle_x,left_ankle_y
0.5708333333333333,0.5233333333333333,0.5258333333333334,0.3877777777777778,0.5175,0.3988888888888889,0.4891666666666667,0.4055555555555555,0.4325,0.40111111111111114,0.5325,0.4055555555555555,0.5458333333333333,0.3833333333333333,0.49416666666666664,0.39666666666666667,0.5125,0.5433333333333333,0.5275,0.5344444444444445,0.5141666666666667,0.4166666666666667,0.4691666666666667,0.5011111111111112,0.4875,0.5566666666666666,0.4658333333333333,0.5633333333333334,0.4841666666666667,0.5211111111111112,0.5158333333333334,0.5144444444444445
