head_top_x,head_top_y,upper_neck_x,upper_neck_y,right_shoulder_x,right_shoulder_y,right_elbow_x,right_elbow_y,right_wrist_x,right_wrist_y,thorax_x,thorax_y,left_shoulder_x,left_shoulder_y,left_elbow_x,left_elbow_y,left_wrist_x,left_wrist_y,pelvis_x,pelvis_y,right_hip_x,right_hip_y,right_knee_x,right_knee_y,right_ankle_x,right_ankle_y,left_hip_x,left_hip_y,left_knee_x,left_knee_y,left_ankle_x,left_ankle_y
0.5225,0.1366666666666667,0.5125,0.25,0.5175,0.24333333333333332,0.49416666666666664,0.43,0.4925,0.4611111111111111,0.5091666666666667,0.2544444444444445,0.5341666666666667,0.23666666666666666,0.5541666666666667,0.2588888888888889,0.5108333333333334,0.16555555555555557,0.4925,0.47222222222222227,0.49416666666666664,0.47444444444444445,0.48583333333333334,0.42333333333333334,0.5425,0.57,0.49416666666666664,0.4766666666666666,0.5125,0.43,0.5458333333333333,0.5744444444444444
