head_top_x,head_top_y,upper_neck_x,upper_neck_y,right_shoulder_x,right_shoulder_y,right_elbow_x,right_elbow_y,right_wrist_x,right_wrist_y,thorax_x,thorax_y,left_shoulder_x,left_shoulder_y,left_elbow_x,left_elbow_y,left_wrist_x,left_wrist_y,pelvis_x,pelvis_y,right_hip_x,right_hip_y,right_knee_x,right_knee_y,right_ankle_x,right_ankle_y,left_hip_x,left_hip_y,left_knee_x,left_knee_y,left_ankle_x,left_ankle_y
0.4575,0.37222222222222223,0.5408333333333334,0.4766666666666666,0.5425,0.48333333333333334,0.5458333333333333,0.42111111111111116,0.5508333333333333,0.5499999999999999,0.5241666666666667,0.4788888888888889,0.4975,0.43,0.5708333333333333,0.42111111111111116,0.5741666666666667,0.5388888888888889,0.4708333333333333,0.4677777777777778,0.4675,0.4633333333333333,0.4625,0.4588888888888889,0.5441666666666667,0.5522222222222223,0.4725,0.45,0.44083333333333335,0.44555555555555554,0.5058333333333334,0.5233333333333333
