head_top_x,head_top_y,upper_neck_x,upper_neck_y,right_shoulder_x,right_shoulder_y,right_elbow_x,right_elbow_y,right_wrist_x,right_wrist_y,thorax_x,thorax_y,left_shoulder_x,left_shoulder_y,left_elbow_x,left_elbow_y,left_wrist_x,left_wrist_y,pelvis_x,pelvis_y,right_hip_x,right_hip_y,right_knee_x,right_knee_y,right_ankle_x,right_ankle_y,left_hip_x,left_hip_y,left_knee_x,left_knee_y,left_ankle_x,left_ankle_y
0.44083333333333335,0.34111111111111114,0.4475,0.3988888888888889,0.49583333333333335,0.47,0.45416666666666666,0.3811111111111111,0.5958333333333333,0.44111111111111106,0.5825,0.3611111111111111,0.4375,0.43222222222222223,0.5941666666666666,0.5922222222222223,0.5975,0.44555555555555554,0.5025,0.37222222222222223,0.37916666666666665,0.44555555555555554,0.44916666666666666,0.36777777777777776,0.43416666666666665,0.36333333333333334,0.49416666666666664,0.3655555555555556,0.4825,0.37666666666666665,0.44916666666666666,0.36333333333333334
