head_top_x,head_top_y,upper_neck_x,upper_neck_y,right_shoulder_x,right_shoulder_y,right_elbow_x,right_elbow_y,right_wrist_x,right_wrist_y,thorax_x,thorax_y,left_shoulder_x,left_shoulder_y,left_elbow_x,left_elbow_y,left_wrist_x,left_wrist_y,pelvis_x,pelvis_y,right_hip_x,right_hip_y,right_knee_x,right_knee_y,right_ankle_x,right_ankle_y,left_hip_x,left_hip_y,left_knee_x,left_knee_y,left_ankle_x,left_ankle_y
0.3725,0.4855555555555556,0.4475,0.3744444444444444,0.43416666666666665,0.37222222222222223,0.4025,0.4566666666666667,0.3441666666666667,0.5188888888888888,0.4475,0.36333333333333334,0.45916666666666667,0.3544444444444444,0.4375,0.45222222222222225,0.38416666666666666,0.5766666666666667,0.5075,0.24555555555555553,0.4925,0.24333333333333332,0.4325,0.4055555555555555,0.5925,0.37666666666666665,0.5241666666666667,0.24555555555555553,0.44416666666666665,0.3788888888888889,0.6108333333333333,0.41
