head_top_x,head_top_y,upper_neck_x,upper_neck_y,right_shoulder_x,right_shoulder_y,right_elbow_x,right_elbow_y,right_wrist_x,right_wrist_y,thorax_x,thorax_y,left_shoulder_x,left_shoulder_y,left_elbow_x,left_elbow_y,left_wrist_x,left_wrist_y,pelvis_x,pelvis_y,right_hip_x,right_hip_y,right_knee_x,right_knee_y,right_ankle_x,right_ankle_y,left_hip_x,left_hip_y,left_knee_x,left_knee_y,left_ankle_x,left_ankle_y
0.48583333333333334,0.4611111111111111,0.5008333333333334,0.30777777777777776,0.44916666666666666,0.33,0.45416666666666666,0.42111111111111116,0.46416666666666667,0.46555555555555556,0.5025,0.33888888888888885,0.5508333333333333,0.3322222222222222,0.5575,0.3544444444444444,0.5508333333333333,0.43222222222222223,0.4891666666666667,0.4255555555555555,0.47583333333333333,0.4055555555555555,0.4691666666666667,0.4633333333333333,0.4975,0.47222222222222227,0.5041666666666667,0.4388888888888889,0.5191666666666667,0.47,0.5241666666666667,0.46555555555555556
