head_top_x,head_top_y,upper_neck_x,upper_neck_y,right_shoulder_x,right_shoulder_y,right_elbow_x,right_elbow_y,right_wrist_x,right_wrist_y,thorax_x,thorax_y,left_shoulder_x,left_shoulder_y,left_elbow_x,left_elbow_y,left_wrist_x,left_wrist_y,pelvis_x,pelvis_y,right_hip_x,right_hip_y,right_knee_x,right_knee_y,right_ankle_x,right_ankle_y,left_hip_x,left_hip_y,left_knee_x,left_knee_y,left_ankle_x,left_ankle_y
0.4041666666666667,0.4477777777777778,0.4091666666666667,0.45444444444444443,0.3825,0.5211111111111112,0.4425,0.5922222222222223,0.4191666666666667,0.44333333333333336,0.39916666666666667,0.41444444444444445,0.4125,0.3744444444444444,0.5541666666666667,0.3988888888888889,0.6741666666666667,0.41888888888888887,0.3975,0.44333333333333336,0.36083333333333334,0.4877777777777778,0.42916666666666664,0.43,0.42583333333333334,0.41,0.4791666666666667,0.4766666666666666,0.5108333333333334,0.39444444444444443,0.4058333333333333,0.3744444444444444
