head_top_x,head_top_y,upper_neck_x,upper_neck_y,right_shoulder_x,right_shoulder_y,right_elbow_x,right_elbow_y,right_wrist_x,right_wrist_y,thorax_x,thorax_y,left_shoulder_x,left_shoulder_y,left_elbow_x,left_elbow_y,left_wrist_x,left_wrist_y,pelvis_x,pelvis_y,right_hip_x,right_hip_y,right_knee_x,right_knee_y,right_ankle_x,right_ankle_y,left_hip_x,left_hip_y,left_knee_x,left_knee_y,left_ankle_x,left_ankle_y
0.4891666666666667,0.33888888888888885,0.5341666666666667,0.34777777777777774,0.5391666666666667,0.45,0.5858333333333333,0.40111111111111114,0.5641666666666667,0.5077777777777778,0.4241666666666667,0.36777777777777776,0.5975,0.31444444444444447,0.5808333333333333,0.3988888888888889,0.5675,0.5077777777777778,0.5458333333333333,0.3877777777777778,0.4875,0.37666666666666665,0.4741666666666667,0.36333333333333334,0.4925,0.34555555555555556,0.5325,0.34111111111111114,0.5025,0.3544444444444444,0.48083333333333333,0.35000000000000003
