head_top_x,head_top_y,upper_neck_x,upper_neck_y,right_shoulder_x,right_shoulder_y,right_elbow_x,right_elbow_y,right_wrist_x,right_wrist_y,thorax_x,thorax_y,left_shoulder_x,left_shoulder_y,left_elbow_x,left_elbow_y,left_wrist_x,left_wrist_y,pelvis_x,pelvis_y,right_hip_x,right_hip_y,right_knee_x,right_knee_y,right_ankle_x,right_ankle_y,left_hip_x,left_hip_y,left_knee_x,left_knee_y,left_ankle_x,left_ankle_y
0.49583333333333335,0.36777777777777776,0.5325,0.46555555555555556,0.5641666666666667,0.5166666666666666,0.5708333333333333,0.47,0.46416666666666667,0.4255555555555555,0.5241666666666667,0.4566666666666667,0.5925,0.5388888888888889,0.5608333333333333,0.46555555555555556,0.6041666666666666,0.5499999999999999,0.49583333333333335,0.3744444444444444,0.4558333333333333,0.42111111111111116,0.4841666666666667,0.3655555555555556,0.5075,0.25,0.5308333333333334,0.33888888888888885,0.5275,0.43,0.5008333333333334,0.2833333333333334
