head_top_x,head_top_y,upper_neck_x,upper_neck_y,right_shoulder_x,right_shoulder_y,right_elbow_x,right_elbow_y,right_wrist_x,right_wrist_y,thorax_x,thorax_y,left_shoulder_x,left_shoulder_y,left_elbow_x,left_elbow_y,left_wrist_x,left_wrist_y,pelvis_x,pelvis_y,right_hip_x,right_hip_y,right_knee_x,right_knee_y,right_ankle_x,right_ankle_y,left_hip_x,left_hip_y,left_knee_x,left_knee_y,left_ankle_x,left_ankle_y
0.49083333333333334,0.39444444444444443,0.5108333333333334,0.27,0.5075,0.41888888888888887,0.4875,0.41,0.5208333333333334,0.20333333333333337,0.5175,0.49,0.5025,0.3544444444444444,0.4975,0.39222222222222225,0.45916666666666667,0.5522222222222223,0.5158333333333334,0.43,0.4925,0.4566666666666667,0.4891666666666667,0.34111111111111114,0.5025,0.2233333333333333,0.5125,0.44555555555555554,0.49416666666666664,0.3522222222222222,0.49583333333333335,0.24555555555555553
