head_top_x,head_top_y,upper_neck_x,upper_neck_y,right_shoulder_x,right_shoulder_y,right_elbow_x,right_elbow_y,right_wrist_x,right_wrist_y,thorax_x,thorax_y,left_shoulder_x,left_shoulder_y,left_elbow_x,left_elbow_y,left_wrist_x,left_wrist_y,pelvis_x,pelvis_y,right_hip_x,right_hip_y,right_knee_x,right_knee_y,right_ankle_x,right_ankle_y,left_hip_x,left_hip_y,left_knee_x,left_knee_y,left_ankle_x,left_ankle_y
0.4891666666666667,0.2477777777777778,0.5175,0.3833333333333333,0.4558333333333333,0.3744444444444444,0.44083333333333335,0.4988888888888889,0.4891666666666667,0.2988888888888889,0.4841666666666667,0.39444444444444443,0.5558333333333333,0.36777777777777776,0.5375,0.4588888888888889,0.5058333333333334,0.27444444444444444,0.1025,0.3033333333333333,0.2175,0.27444444444444444,0.5041666666666667,0.6588888888888889,0.5358333333333334,0.9011111111111111,0.035833333333333335,0.3033333333333333,0.5475,0.6366666666666667,0.5708333333333333,0.8811111111111112
