head_top_x,head_top_y,upper_neck_x,upper_neck_y,right_shoulder_x,right_shoulder_y,right_elbow_x,right_elbow_y,right_wrist_x,right_wrist_y,thorax_x,thorax_y,left_shoulder_x,left_shoulder_y,left_elbow_x,left_elbow_y,left_wrist_x,left_wrist_y,pelvis_x,pelvis_y,right_hip_x,right_hip_y,right_knee_x,right_knee_y,right_ankle_x,right_ankle_y,left_hip_x,left_hip_y,left_knee_x,left_knee_y,left_ankle_x,left_ankle_y
0.5741666666666667,0.32555555555555554,0.4925,0.49666666666666665,0.45416666666666666,0.38999999999999996,0.6025,0.42111111111111116,0.7108333333333333,0.37666666666666665,0.3541666666666667,0.41444444444444445,0.4558333333333333,0.4633333333333333,0.5841666666666666,0.41888888888888887,0.5775,0.37222222222222223,0.22583333333333333,0.2788888888888889,0.22083333333333333,0.27444444444444444,0.43083333333333335,0.29000000000000004,0.4708333333333333,0.2722222222222222,0.21583333333333332,0.27666666666666667,0.43416666666666665,0.2922222222222222,0.5741666666666667,0.3211111111111111
