head_top_x,head_top_y,upper_neck_x,upper_neck_y,right_shoulder_x,right_shoulder_y,right_elbow_x,right_elbow_y,right_wrist_x,right_wrist_y,thorax_x,thorax_y,left_shoulder_x,left_shoulder_y,left_elbow_x,left_elbow_y,left_wrist_x,left_wrist_y,pelvis_x,pelvis_y,right_hip_x,right_hip_y,right_knee_x,right_knee_y,right_ankle_x,right_ankle_y,left_hip_x,left_hip_y,left_knee_x,left_knee_y,left_ankle_x,left_ankle_y
0.4875,-0.0008333333333333334,0.5091666666666667,0.15666666666666665,0.45916666666666667,0.10999999999999999,0.4508333333333333,0.21222222222222223,0.43083333333333335,0.2988888888888889,0.5091666666666667,0.13,0.5525,0.14777777777777779,0.5625,0.24333333333333332,0.5791666666666667,0.3544444444444444,0.5025,0.3033333333333333,0.4741666666666667,0.2922222222222222,0.4141666666666667,0.42333333333333334,0.4191666666666667,0.5344444444444445,0.5308333333333334,0.31222222222222223,0.5341666666666667,0.46555555555555556,0.5691666666666667,0.4033333333333333
